-0.0015,-1.2,0.32
-0.00149,-1.2,0.32
-0.00148,-1.2,0.32
-0.00147,-1.2,0.32
-0.00146,-1.2,0.32
-0.00145,-1.2,0.4
-0.00144,-1.12,0.4
-0.00143,-1.2,0.4
-0.00142,-1.12,0.4
-0.00141,-1.12,0.4
-0.0014,-1.12,0.32
-0.00139,-1.12,0.32
-0.00138,-1.12,0.4
-0.00137,-1.12,0.32
-0.00136,-1.12,0.32
-0.00135,-1.2,0.32
-0.00134,-1.12,0.32
-0.00133,-1.12,0.32
-0.00132,-1.12,0.32
-0.00131,-1.12,0.32
-0.0013,-1.12,0.32
-0.00129,-1.12,0.32
-0.00128,-1.12,0.32
-0.00127,-1.12,0.4
-0.00126,-1.12,0.32
-0.00125,-1.12,0.32
-0.00124,-1.12,0.32
-0.00123,-1.12,0.32
-0.00122,-1.12,0.24
-0.00121,-1.12,0.32
-0.0012,-1.12,0.32
-0.00119,-1.2,0.32
-0.00118,-1.2,0.32
-0.00117,-1.12,0.32
-0.00116,-1.12,0.32
-0.00115,-1.12,0.32
-0.00114,-1.12,0.32
-0.00113,-1.12,0.32
-0.00112,-1.12,0.32
-0.00111,-1.12,0.32
-0.0011,-1.12,0.32
-0.00109,-1.12,0.32
-0.00108,-1.2,0.32
-0.00107,-1.2,0.32
-0.00106,-1.2,0.32
-0.00105,-1.12,0.24
-0.00104,-1.12,0.32
-0.00103,-1.2,0.32
-0.00102,-1.2,0.32
-0.00101,-1.12,0.32
-0.001,-1.12,0.32
-0.00099,-1.12,0.32
-0.00098,-1.12,0.32
-0.00097,-1.2,0.32
-0.00096,-1.12,0.32
-0.00095,-1.12,0.32
-0.00094,-1.04,0.32
-0.00093,-1.12,0.32
-0.00092,-1.12,0.32
-0.00091,-1.12,0.4
-0.0009,-1.12,0.32
-0.00089,-1.12,0.32
-0.00088,-1.12,0.32
-0.00087,-1.12,0.32
-0.00086,-1.12,0.32
-0.00085,-1.12,0.32
-0.00084,-1.12,0.4
-0.00083,-1.12,0.4
-0.00082,-1.12,0.32
-0.00081,-1.2,0.32
-0.0008,-1.12,0.32
-0.00079,-1.2,0.4
-0.00078,-1.2,0.4
-0.00077,-1.12,0.32
-0.00076,-1.12,0.4
-0.00075,-1.12,0.4
-0.00074,-1.12,0.4
-0.00073,-1.12,0.4
-0.00072,-1.12,0.4
-0.00071,-1.12,0.4
-0.0007,-1.12,0.32
-0.00069,-1.12,0.32
-0.00068,-1.12,0.32
-0.00067,-1.04,0.32
-0.00066,-1.04,0.4
-0.00065,-1.12,0.4
-0.00064,-1.12,0.4
-0.00063,-1.12,0.4
-0.00062,-1.12,0.4
-0.00061,-1.12,0.32
-0.0006,-1.12,0.4
-0.00059,-1.12,0.32
-0.00058,-1.12,0.32
-0.00057,-1.2,0.32
-0.00056,-1.12,0.4
-0.00055,-1.12,0.32
-0.00054,-1.12,0.32
-0.00053,-1.2,0.32
-0.00052,-1.12,0.32
-0.00051,-1.2,0.32
-0.0005,-1.2,0.4
-0.00049,-1.12,0.32
-0.00048,-1.12,0.4
-0.00047,-1.2,0.4
-0.00046,-1.12,0.4
-0.00045,-1.12,0.4
-0.00044,-1.2,0.32
-0.00043,-1.2,0.32
-0.00042,-1.12,0.32
-0.00041,-1.2,0.32
-0.0004,-1.12,0.32
-0.00039,-1.12,0.32
-0.00038,-1.12,0.32
-0.00037,-1.12,0.32
-0.00036,-1.12,0.32
-0.00035,-1.12,0.32
-0.00034,-1.12,0.32
-0.00033,-1.12,0.32
-0.00032,-1.12,0.32
-0.00031,-1.2,0.32
-0.0003,-1.2,0.32
-0.00029,-1.2,0.32
-0.00028,-1.2,0.32
-0.00027,-1.2,0.32
-0.00026,-1.12,0.4
-0.00025,-1.12,0.4
-0.00024,-1.04,0.32
-0.00023,-1.12,0.4
-0.00022,-1.12,0.32
-0.00021,-1.12,0.32
-0.0002,-1.12,0.4
-0.00019,-1.12,0.4
-0.00018,-1.2,0.4
-0.00017,-1.12,0.32
-0.00016,-1.2,0.4
-0.00015,-1.2,0.32
-0.00014,-1.2,0.32
-0.00013,-1.2,0.32
-0.00012,-1.12,0.4
-0.00011,-1.12,0.32
-0.0001,-1.12,0.32
-9e-005,-1.12,0.4
-8e-005,-1.12,0.32
-7e-005,-1.12,0.32
-6e-005,-1.12,0.32
-5e-005,-7.2,7.36
-4e-005,-7.28,7.36
-3e-005,-7.2,7.36
-2e-005,-7.28,7.36
-1e-005,-7.2,7.36
0,-7.28,7.36
1e-005,-7.2,7.36
2e-005,-7.2,7.36
3e-005,-7.2,7.36
4e-005,-7.2,7.36
5e-005,-7.2,7.36
6e-005,-7.2,7.36
7e-005,-7.2,7.36
8e-005,-7.2,7.36
9e-005,-7.2,7.36
0.0001,-7.2,7.36
0.00011,-7.2,7.36
0.00012,-7.2,7.28
0.00013,-7.2,7.36
0.00014,-4.24,7.36
0.00015,-1.44,7.36
0.00016,0.08,7.36
0.00017,0.88,7.36
0.00018,1.12,7.36
0.00019,1.04,7.36
0.0002,0.8,7.28
0.00021,0.4,7.36
0.00022,-0.16,7.36
0.00023,-0.8,7.36
0.00024,-1.44,7.36
0.00025,-2.08,7.36
0.00026,-2.72,7.36
0.00027,-3.36,7.36
0.00028,-4,7.2
0.00029,-4.56,6.8
0.0003,-5.12,6.4
0.00031,-5.68,5.92
0.00032,-6.16,5.44
0.00033,-6.56,4.8
0.00034,-6.88,4.16
0.00035,-7.2,3.6
0.00036,-7.2,2.88
0.00037,-7.28,2.24
0.00038,-7.28,1.52
0.00039,-7.2,0.8
0.0004,-7.2,0.08
0.00041,-7.28,-0.56
0.00042,-7.2,-1.28
0.00043,-7.2,-1.92
0.00044,-6.96,-2.56
0.00045,-6.64,-3.04
0.00046,-6.24,-3.6
0.00047,-5.84,-4.08
0.00048,-5.36,-4.4
0.00049,-4.8,-4.8
0.0005,-4.32,-5.12
0.00051,-3.76,-5.28
0.00052,-3.12,-5.36
0.00053,-2.56,-5.44
0.00054,-1.92,-5.52
0.00055,-1.36,-5.44
0.00056,-0.72,-5.36
0.00057,-0.24,-5.2
0.00058,0.32,-4.88
0.00059,0.96,-4.64
0.0006,1.44,-4.32
0.00061,1.92,-4
0.00062,2.24,-3.52
0.00063,2.64,-3.12
0.00064,2.96,-2.64
0.00065,3.2,-2.08
0.00066,3.36,-1.52
0.00067,3.6,-0.96
0.00068,3.68,-0.4
0.00069,3.68,0.16
0.0007,3.68,0.64
0.00071,3.6,1.2
0.00072,3.44,1.68
0.00073,3.28,2.16
0.00074,3.04,2.64
0.00075,2.8,3.04
0.00076,2.48,3.44
0.00077,2.16,3.76
0.00078,1.76,4.08
0.00079,1.36,4.32
0.0008,0.96,4.48
0.00081,0.56,4.64
0.00082,0.08,4.8
0.00083,-0.32,4.72
0.00084,-0.72,4.8
0.00085,-1.2,4.72
0.00086,-1.6,4.64
0.00087,-2,4.48
0.00088,-2.4,4.32
0.00089,-2.8,4.08
0.0009,-3.12,3.84
0.00091,-3.44,3.6
0.00092,-3.68,3.28
0.00093,-3.92,2.88
0.00094,-4.08,2.56
0.00095,-4.32,2.24
0.00096,-4.4,1.76
0.00097,-4.48,1.44
0.00098,-4.56,1.04
0.00099,-4.48,0.64
0.001,-4.48,0.24
0.00101,-4.4,-0.08
0.00102,-4.32,-0.48
0.00103,-4.16,-0.8
0.00104,-3.92,-1.04
0.00105,-3.76,-1.28
0.00106,-3.52,-1.6
0.00107,-3.28,-1.76
0.00108,-2.96,-1.92
0.00109,-2.72,-2
0.0011,-2.48,-2.16
0.00111,-2.24,-2.24
0.00112,-1.92,-2.24
0.00113,-1.6,-2.24
0.00114,-1.44,-2.16
0.00115,-1.12,-2.08
0.00116,-0.88,-2
0.00117,-0.64,-1.92
0.00118,-0.48,-1.76
0.00119,-0.32,-1.6
0.0012,-0.08,-1.36
0.00121,0.08,-1.2
0.00122,0.24,-1.04
0.00123,0.4,-0.8
0.00124,0.4,-0.56
0.00125,0.48,-0.32
0.00126,0.48,-0.08
0.00127,0.56,0.08
0.00128,0.48,0.32
0.00129,0.48,0.48
0.0013,0.4,0.72
0.00131,0.32,0.88
0.00132,0.24,1.04
0.00133,0.16,1.2
0.00134,0,1.28
0.00135,-0.08,1.44
0.00136,-0.24,1.52
0.00137,-0.4,1.6
0.00138,-0.48,1.68
0.00139,-0.72,1.68
0.0014,-0.8,1.68
0.00141,-1.04,1.68
0.00142,-1.2,1.68
0.00143,-1.36,1.6
0.00144,-1.44,1.52
0.00145,-1.52,1.44
0.00146,-1.68,1.28
0.00147,-1.68,1.2
0.00148,-1.84,1.12
0.00149,-1.92,0.96
0.0015,-2,0.8
0.00151,-2,0.72
0.00152,-2,0.56
0.00153,-2.08,0.48
0.00154,-2.08,0.32
0.00155,-2,0.24
0.00156,-2,0.08
0.00157,-1.92,0
0.00158,-1.84,-0.08
0.00159,-1.76,-0.16
0.0016,-1.76,-0.24
0.00161,-1.68,-0.24
0.00162,-1.52,-0.24
0.00163,-1.44,-0.32
0.00164,-1.36,-0.32
0.00165,-1.2,-0.24
0.00166,-1.12,-0.32
0.00167,-1.04,-0.32
0.00168,-0.96,-0.24
0.00169,-0.88,-0.16
0.0017,-0.72,-0.08
0.00171,-0.72,-0.08
0.00172,-0.72,0
0.00173,-0.64,0.08
0.00174,-0.64,0.24
0.00175,-0.56,0.32
0.00176,-0.56,0.48
0.00177,-0.56,0.56
0.00178,-0.56,0.64
0.00179,-0.64,0.72
0.0018,-0.64,0.8
0.00181,-0.72,0.8
0.00182,-0.72,0.88
0.00183,-0.88,0.96
0.00184,-0.88,0.96
0.00185,-0.96,0.96
0.00186,-1.04,1.04
0.00187,-1.12,1.12
0.00188,-1.2,1.12
0.00189,-1.28,1.12
0.0019,-1.36,1.04
0.00191,-1.52,1.04
0.00192,-1.52,0.96
0.00193,-1.6,0.96
0.00194,-1.68,0.88
0.00195,-1.76,0.8
0.00196,-1.76,0.72
0.00197,-1.84,0.64
0.00198,-1.92,0.56
0.00199,-1.92,0.48
0.002,-2,0.4
0.00201,-1.92,0.32
0.00202,-2,0.24
0.00203,-1.92,0.08
0.00204,-1.92,0.08
0.00205,-1.84,-0.08
0.00206,-1.76,-0.08
0.00207,-1.76,-0.16
0.00208,-1.68,-0.24
0.00209,-1.6,-0.32
0.0021,-1.6,-0.32
0.00211,-1.44,-0.32
0.00212,-1.44,-0.4
0.00213,-1.36,-0.4
0.00214,-1.28,-0.4
0.00215,-1.2,-0.4
0.00216,-1.12,-0.4
0.00217,-1.04,-0.4
0.00218,-0.88,-0.32
0.00219,-0.88,-0.32
0.0022,-0.8,-0.24
0.00221,-0.72,-0.24
0.00222,-0.72,-0.24
0.00223,-0.64,-0.08
0.00224,-0.56,-0.08
0.00225,-0.56,0.08
0.00226,-0.48,0.16
0.00227,-0.48,0.24
0.00228,-0.48,0.32
0.00229,-0.48,0.4
0.0023,-0.48,0.48
0.00231,-0.48,0.56
0.00232,-0.56,0.64
0.00233,-0.56,0.72
0.00234,-0.56,0.8
0.00235,-0.64,0.8
0.00236,-0.64,0.88
0.00237,-0.72,0.88
0.00238,-0.8,0.96
0.00239,-0.8,1.04
0.0024,-0.88,1.12
0.00241,-0.96,1.04
0.00242,-1.04,1.04
0.00243,-1.04,1.04
0.00244,-1.12,0.96
0.00245,-1.2,1.04
0.00246,-1.36,0.96
0.00247,-1.44,0.96
0.00248,-1.44,0.96
0.00249,-1.52,0.88
0.0025,-1.52,0.88
0.00251,-1.6,0.8
0.00252,-1.68,0.72
0.00253,-1.68,0.72
0.00254,-1.68,0.64
0.00255,-1.68,0.64
0.00256,-1.68,0.56
0.00257,-1.68,0.48
0.00258,-1.68,0.32
0.00259,-1.68,0.32
0.0026,-1.68,0.24
0.00261,-1.68,0.16
0.00262,-1.68,0.16
0.00263,-1.68,0.08
0.00264,-1.6,0.08
0.00265,-1.52,0
0.00266,-1.44,0
0.00267,-1.44,-0.08
0.00268,-1.36,-0.08
0.00269,-1.36,-0.08
0.0027,-1.28,-0.08
0.00271,-1.28,0
0.00272,-1.2,-0.08
0.00273,-1.12,0
0.00274,-1.04,-0.08
0.00275,-1.04,0
0.00276,-1.04,0
0.00277,-1.04,0
0.00278,-0.96,0.08
0.00279,-0.96,0.08
0.0028,-0.96,0.08
0.00281,-0.96,0.08
0.00282,-0.96,0.16
0.00283,-0.88,0.16
0.00284,-0.88,0.32
0.00285,-0.88,0.32
0.00286,-0.88,0.4
0.00287,-0.96,0.48
0.00288,-0.96,0.48
0.00289,-0.88,0.48
0.0029,-0.96,0.48
0.00291,-0.96,0.48
0.00292,-0.96,0.48
0.00293,-0.96,0.48
0.00294,-1.04,0.56
0.00295,-1.04,0.56
0.00296,-1.04,0.56
0.00297,-1.12,0.56
0.00298,-1.12,0.48
0.00299,-1.2,0.48
0.003,-1.2,0.48
0.00301,-1.2,0.48
0.00302,-1.2,0.48
0.00303,-1.2,0.48
0.00304,-1.28,0.56
0.00305,-1.2,0.48
0.00306,-1.28,0.4
0.00307,-1.28,0.48
0.00308,-1.28,0.4
0.00309,-1.28,0.4
0.0031,-1.28,0.32
0.00311,-1.28,0.4
0.00312,-1.28,0.4
0.00313,-1.2,0.32
0.00314,-1.28,0.32
0.00315,-1.2,0.32
0.00316,-1.28,0.32
0.00317,-1.28,0.24
0.00318,-1.28,0.24
0.00319,-1.28,0.24
0.0032,-1.2,0.24
0.00321,-1.2,0.24
0.00322,-1.2,0.24
0.00323,-1.2,0.24
0.00324,-1.12,0.24
0.00325,-1.12,0.24
0.00326,-1.12,0.24
0.00327,-1.12,0.24
0.00328,-1.2,0.32
0.00329,-1.12,0.24
0.0033,-1.12,0.32
0.00331,-1.12,0.32
0.00332,-1.12,0.32
0.00333,-1.12,0.4
0.00334,-1.12,0.4
0.00335,-1.12,0.4
0.00336,-1.12,0.4
0.00337,-1.12,0.4
0.00338,-1.12,0.48
0.00339,-1.12,0.48
0.0034,-1.2,0.48
0.00341,-1.12,0.48
0.00342,-1.04,0.4
0.00343,-1.2,0.48
0.00344,-1.12,0.48
0.00345,-1.2,0.4
0.00346,-1.2,0.48
0.00347,-1.12,0.48
0.00348,-1.12,0.4
0.00349,-1.2,0.4
0.0035,-1.2,0.4
0.00351,-1.2,0.4
0.00352,-1.12,0.4
0.00353,-1.2,0.4
0.00354,-1.2,0.32
0.00355,-1.2,0.4
0.00356,-1.2,0.32
0.00357,-1.2,0.32
0.00358,-1.2,0.32
0.00359,-1.2,0.32
0.0036,-1.2,0.32
0.00361,-1.2,0.32
0.00362,-1.2,0.32
0.00363,-1.2,0.32
0.00364,-1.2,0.32
0.00365,-1.2,0.32
0.00366,-1.2,0.32
0.00367,-1.2,0.32
0.00368,-1.2,0.4
0.00369,-1.2,0.32
0.0037,-1.2,0.32
0.00371,-1.2,0.32
0.00372,-1.2,0.32
0.00373,-1.2,0.32
0.00374,-1.2,0.32
0.00375,-1.2,0.4
0.00376,-1.2,0.32
0.00377,-1.2,0.4
0.00378,-1.2,0.4
0.00379,-1.2,0.4
0.0038,-1.2,0.4
0.00381,-1.2,0.32
0.00382,-1.28,0.32
0.00383,-1.2,0.4
0.00384,-1.2,0.4
0.00385,-1.2,0.32
0.00386,-1.2,0.32
0.00387,-1.28,0.32
0.00388,-1.2,0.4
0.00389,-1.2,0.32
0.0039,-1.2,0.32
0.00391,-1.2,0.32
0.00392,-1.2,0.32
0.00393,-1.2,0.32
0.00394,-1.2,0.32
0.00395,-1.2,0.32
0.00396,-1.2,0.32
0.00397,-1.2,0.32
0.00398,-1.28,0.32
0.00399,-1.2,0.32
0.004,-1.2,0.32
0.00401,-1.2,0.32
0.00402,-1.12,0.32
0.00403,-1.12,0.24
0.00404,-1.12,0.32
0.00405,-1.04,0.32
0.00406,-1.12,0.32
0.00407,-1.12,0.24
0.00408,-1.12,0.32
0.00409,-1.12,0.32
0.0041,-1.12,0.24
0.00411,-1.12,0.32
0.00412,-1.12,0.32
0.00413,-1.12,0.32
0.00414,-1.04,0.32
0.00415,-1.04,0.32
0.00416,-1.04,0.32
0.00417,-1.04,0.32
0.00418,-1.04,0.4
0.00419,-1.04,0.4
0.0042,-1.04,0.48
0.00421,-1.04,0.48
0.00422,-1.04,0.48
0.00423,-1.04,0.48
0.00424,-1.04,0.48
0.00425,-1.12,0.48
0.00426,-1.04,0.48
0.00427,-1.12,0.48
0.00428,-1.12,0.48
0.00429,-1.12,0.48
0.0043,-1.12,0.48
0.00431,-1.12,0.56
0.00432,-1.2,0.56
0.00433,-1.2,0.48
0.00434,-1.28,0.56
0.00435,-1.28,0.56
0.00436,-1.28,0.48
0.00437,-1.28,0.48
0.00438,-1.28,0.48
0.00439,-1.28,0.48
0.0044,-1.28,0.4
0.00441,-1.28,0.4
0.00442,-1.28,0.4
0.00443,-1.36,0.4
0.00444,-1.36,0.32
0.00445,-1.36,0.32
0.00446,-1.36,0.32
0.00447,-1.36,0.32
0.00448,-1.36,0.32
0.00449,-1.36,0.32
0.0045,-1.28,0.24
0.00451,-1.28,0.32
0.00452,-1.36,0.24
0.00453,-1.28,0.24
0.00454,-1.28,0.24
0.00455,-1.28,0.16
0.00456,-1.2,0.16
0.00457,-1.2,0.16
0.00458,-1.2,0.16
0.00459,-1.2,0.16
0.0046,-1.12,0.16
0.00461,-1.12,0.16
0.00462,-1.2,0.16
0.00463,-1.12,0.16
0.00464,-1.04,0.24
0.00465,-1.04,0.24
0.00466,-1.04,0.32
0.00467,-1.04,0.32
0.00468,-0.96,0.24
0.00469,-0.96,0.32
0.0047,-1.04,0.32
0.00471,-1.04,0.32
0.00472,-0.96,0.32
0.00473,-1.04,0.4
0.00474,-0.96,0.4
0.00475,-0.96,0.4
0.00476,-1.04,0.4
0.00477,-1.04,0.4
0.00478,-1.04,0.48
0.00479,-1.04,0.48
0.0048,-1.04,0.48
0.00481,-1.04,0.48
0.00482,-1.04,0.48
0.00483,-1.12,0.56
0.00484,-1.12,0.56
0.00485,-1.12,0.56
0.00486,-1.04,0.56
0.00487,-1.12,0.56
0.00488,-1.12,0.56
0.00489,-1.2,0.56
0.0049,-1.2,0.56
0.00491,-1.28,0.56
0.00492,-1.28,0.56
0.00493,-1.28,0.56
0.00494,-1.28,0.48
0.00495,-1.28,0.48
0.00496,-1.28,0.48
0.00497,-1.36,0.48
0.00498,-1.28,0.48
0.00499,-1.28,0.4
0.005,-1.28,0.4
0.00501,-1.28,0.4
0.00502,-1.28,0.32
0.00503,-1.28,0.32
0.00504,-1.28,0.32
0.00505,-1.28,0.32
0.00506,-1.28,0.32
0.00507,-1.28,0.32
0.00508,-1.2,0.32
0.00509,-1.28,0.24
0.0051,-1.28,0.24
0.00511,-1.28,0.24
0.00512,-1.2,0.16
0.00513,-1.2,0.24
0.00514,-1.12,0.16
0.00515,-1.2,0.16
0.00516,-1.12,0.24
0.00517,-1.12,0.24
0.00518,-1.04,0.24
0.00519,-1.04,0.24
0.0052,-1.04,0.32
0.00521,-1.04,0.24
0.00522,-1.04,0.24
0.00523,-1.04,0.32
0.00524,-1.04,0.32
0.00525,-1.04,0.32
0.00526,-0.96,0.32
0.00527,-0.96,0.32
0.00528,-0.96,0.32
0.00529,-0.96,0.4
0.0053,-0.96,0.32
0.00531,-1.04,0.4
0.00532,-1.04,0.4
0.00533,-1.04,0.4
0.00534,-1.04,0.48
0.00535,-1.04,0.48
0.00536,-1.04,0.4
0.00537,-1.12,0.48
0.00538,-1.2,0.48
0.00539,-1.2,0.48
0.0054,-1.2,0.48
0.00541,-1.2,0.48
0.00542,-1.2,0.56
0.00543,-1.2,0.48
0.00544,-1.2,0.48
0.00545,-1.2,0.56
0.00546,-1.2,0.48
0.00547,-1.28,0.48
0.00548,-1.28,0.48
0.00549,-1.36,0.48
0.0055,-1.36,0.48
0.00551,-1.28,0.4
0.00552,-1.28,0.4
0.00553,-1.28,0.4
0.00554,-1.28,0.4
0.00555,-1.28,0.32
0.00556,-1.28,0.32
0.00557,-1.28,0.32
0.00558,-1.28,0.32
0.00559,-1.28,0.32
0.0056,-1.28,0.24
0.00561,-1.28,0.32
0.00562,-1.28,0.24
0.00563,-1.2,0.24
0.00564,-1.28,0.24
0.00565,-1.2,0.24
0.00566,-1.2,0.24
0.00567,-1.2,0.24
0.00568,-1.12,0.16
0.00569,-1.12,0.16
0.0057,-1.12,0.16
0.00571,-1.12,0.16
0.00572,-1.12,0.24
0.00573,-1.12,0.24
0.00574,-1.12,0.24
0.00575,-1.12,0.24
0.00576,-1.04,0.24
0.00577,-1.12,0.32
0.00578,-1.04,0.32
0.00579,-1.04,0.32
0.0058,-1.04,0.32
0.00581,-0.96,0.32
0.00582,-1.04,0.32
0.00583,-1.04,0.4
0.00584,-1.04,0.32
0.00585,-1.04,0.32
0.00586,-1.04,0.32
0.00587,-1.04,0.4
0.00588,-1.04,0.4
0.00589,-1.04,0.4
0.0059,-1.12,0.48
0.00591,-1.04,0.48
0.00592,-1.12,0.48
0.00593,-1.2,0.48
0.00594,-1.2,0.48
0.00595,-1.2,0.48
0.00596,-1.2,0.48
0.00597,-1.2,0.48
0.00598,-1.2,0.48
0.00599,-1.2,0.48
0.006,-1.2,0.4
0.00601,-1.2,0.48
0.00602,-1.2,0.48
0.00603,-1.12,0.4
0.00604,-1.12,0.4
0.00605,-1.2,0.4
0.00606,-1.2,0.4
0.00607,-1.2,0.4
0.00608,-1.2,0.32
0.00609,-1.2,0.4
0.0061,-1.2,0.4
0.00611,-1.2,0.32
0.00612,-1.2,0.32
0.00613,-1.2,0.32
0.00614,-1.2,0.32
0.00615,-1.2,0.32
0.00616,-1.2,0.32
0.00617,-1.2,0.32
0.00618,-1.2,0.32
0.00619,-1.2,0.32
0.0062,-1.28,0.32
0.00621,-1.2,0.32
0.00622,-1.2,0.32
0.00623,-1.2,0.24
0.00624,-1.2,0.24
0.00625,-1.12,0.24
0.00626,-1.12,0.32
0.00627,-1.12,0.32
0.00628,-1.12,0.32
0.00629,-1.12,0.32
0.0063,-1.12,0.32
0.00631,-1.12,0.32
0.00632,-1.12,0.32
0.00633,-1.2,0.32
0.00634,-1.12,0.32
0.00635,-1.12,0.32
0.00636,-1.12,0.32
0.00637,-1.12,0.32
0.00638,-1.12,0.32
0.00639,-1.12,0.32
0.0064,-1.12,0.4
0.00641,-1.12,0.4
0.00642,-1.2,0.4
0.00643,-1.2,0.4
0.00644,-1.2,0.4
0.00645,-1.2,0.4
0.00646,-1.2,0.4
0.00647,-1.2,0.4
0.00648,-1.2,0.32
0.00649,-1.2,0.4
0.0065,-1.2,0.4
0.00651,-1.2,0.4
0.00652,-1.2,0.4
0.00653,-1.2,0.32
0.00654,-1.2,0.32
0.00655,-1.2,0.32
0.00656,-1.2,0.32
0.00657,-1.2,0.32
0.00658,-1.2,0.32
0.00659,-1.2,0.32
0.0066,-1.2,0.32
0.00661,-1.12,0.32
0.00662,-1.2,0.32
0.00663,-1.2,0.32
0.00664,-1.12,0.32
0.00665,-1.12,0.32
0.00666,-1.2,0.32
0.00667,-1.2,0.32
0.00668,-1.2,0.32
0.00669,-1.2,0.32
0.0067,-1.2,0.32
0.00671,-1.12,0.32
0.00672,-1.12,0.32
0.00673,-1.12,0.32
0.00674,-1.12,0.32
0.00675,-1.12,0.32
0.00676,-1.12,0.32
0.00677,-1.12,0.32
0.00678,-1.2,0.32
0.00679,-1.2,0.32
0.0068,-1.2,0.32
0.00681,-1.12,0.4
0.00682,-1.2,0.4
0.00683,-1.12,0.4
0.00684,-1.12,0.4
0.00685,-1.12,0.4
0.00686,-1.12,0.32
0.00687,-1.2,0.32
0.00688,-1.12,0.4
0.00689,-1.12,0.4
0.0069,-1.12,0.32
0.00691,-1.12,0.4
0.00692,-1.12,0.4
0.00693,-1.12,0.4
0.00694,-1.2,0.32
0.00695,-1.2,0.4
0.00696,-1.12,0.48
0.00697,-1.2,0.4
0.00698,-1.2,0.32
0.00699,-1.2,0.32
0.007,-1.2,0.32
0.00701,-1.2,0.32
0.00702,-1.2,0.32
0.00703,-1.2,0.4
0.00704,-1.28,0.4
0.00705,-1.2,0.4
0.00706,-1.2,0.4
0.00707,-1.28,0.4
0.00708,-1.2,0.4
0.00709,-1.2,0.32
0.0071,-1.2,0.4
0.00711,-1.2,0.32
0.00712,-1.2,0.32
0.00713,-1.28,0.32
0.00714,-1.2,0.32
0.00715,-1.2,0.32
0.00716,-1.2,0.32
0.00717,-1.2,0.24
0.00718,-1.2,0.24
0.00719,-1.2,0.32
0.0072,-1.2,0.32
0.00721,-1.2,0.24
0.00722,-1.12,0.32
0.00723,-1.12,0.32
0.00724,-1.2,0.32
0.00725,-1.12,0.32
0.00726,-1.12,0.32
0.00727,-1.12,0.32
0.00728,-1.12,0.32
0.00729,-1.12,0.32
0.0073,-1.12,0.32
0.00731,-1.12,0.32
0.00732,-1.12,0.32
0.00733,-1.12,0.32
0.00734,-1.12,0.32
0.00735,-1.12,0.4
0.00736,-1.12,0.32
0.00737,-1.12,0.32
0.00738,-1.2,0.32
0.00739,-1.12,0.32
0.0074,-1.2,0.4
0.00741,-1.2,0.32
0.00742,-1.2,0.4
0.00743,-1.2,0.32
0.00744,-1.2,0.32
0.00745,-1.2,0.4
0.00746,-1.2,0.4
0.00747,-1.12,0.32
0.00748,-1.2,0.32
0.00749,-1.2,0.32
0.0075,-1.2,0.32
0.00751,-1.2,0.32
0.00752,-1.2,0.32
0.00753,-1.2,0.32
0.00754,-1.2,0.32
0.00755,-1.2,0.32
0.00756,-1.2,0.32
0.00757,-1.2,0.32
0.00758,-1.2,0.32
0.00759,-1.2,0.32
0.0076,-1.2,0.32
0.00761,-1.2,0.32
0.00762,-1.2,0.32
0.00763,-1.2,0.32
0.00764,-1.2,0.32
0.00765,-1.2,0.32
0.00766,-1.2,0.32
0.00767,-1.2,0.32
0.00768,-1.2,0.32
0.00769,-1.2,0.32
0.0077,-1.2,0.32
0.00771,-1.2,0.32
0.00772,-1.12,0.32
0.00773,-1.12,0.24
0.00774,-1.12,0.32
0.00775,-1.04,0.32
0.00776,-1.12,0.32
0.00777,-1.12,0.32
0.00778,-1.12,0.32
0.00779,-1.12,0.32
0.0078,-1.12,0.32
0.00781,-1.12,0.32
0.00782,-1.12,0.4
0.00783,-1.12,0.4
0.00784,-1.12,0.4
0.00785,-1.12,0.4
0.00786,-1.12,0.4
0.00787,-1.12,0.4
0.00788,-1.12,0.32
0.00789,-1.12,0.4
0.0079,-1.12,0.4
0.00791,-1.04,0.4
0.00792,-1.04,0.4
0.00793,-1.04,0.4
0.00794,-1.12,0.4
0.00795,-1.12,0.4
0.00796,-1.12,0.4
0.00797,-1.12,0.4
0.00798,-1.2,0.4
0.00799,-1.12,0.4
0.008,-1.12,0.32
0.00801,-1.2,0.4
0.00802,-1.2,0.32
0.00803,-1.2,0.4
0.00804,-1.2,0.4
0.00805,-1.2,0.4
0.00806,-1.2,0.32
0.00807,-1.2,0.4
0.00808,-1.2,0.32
0.00809,-1.2,0.32
0.0081,-1.2,0.32
0.00811,-1.28,0.32
0.00812,-1.2,0.32
0.00813,-1.2,0.32
0.00814,-1.2,0.32
0.00815,-1.2,0.32
0.00816,-1.2,0.24
0.00817,-1.2,0.32
0.00818,-1.2,0.32
0.00819,-1.2,0.32
0.0082,-1.2,0.32
0.00821,-1.2,0.32
0.00822,-1.2,0.4
0.00823,-1.12,0.32
0.00824,-1.12,0.32
0.00825,-1.12,0.32
0.00826,-1.12,0.32
0.00827,-1.12,0.32
0.00828,-1.04,0.32
0.00829,-1.04,0.32
0.0083,-1.12,0.32
0.00831,-1.12,0.32
0.00832,-1.12,0.32
0.00833,-1.12,0.32
0.00834,-1.12,0.32
0.00835,-1.12,0.4
0.00836,-1.12,0.4
0.00837,-1.04,0.4
0.00838,-1.12,0.4
0.00839,-1.12,0.32
0.0084,-1.12,0.32
0.00841,-1.12,0.32
0.00842,-1.04,0.4
0.00843,-1.12,0.4
0.00844,-1.12,0.32
0.00845,-1.12,0.32
0.00846,-1.12,0.32
0.00847,-6.56,-0.88
0.00848,-7.28,7.36
0.00849,-7.28,7.44
0.0085,-7.2,7.36
0.00851,-7.2,7.36
0.00852,-7.28,7.36
0.00853,-7.2,7.36
0.00854,-7.2,7.36
0.00855,-7.2,7.36
0.00856,-7.2,7.36
0.00857,-7.28,7.36
0.00858,-7.28,7.36
0.00859,-7.2,7.36
0.0086,-7.2,7.44
0.00861,-7.2,7.36
0.00862,-7.2,7.36
0.00863,-7.2,7.36
0.00864,-7.2,7.36
0.00865,-7.2,7.36
0.00866,-7.2,7.36
0.00867,-7.2,7.36
0.00868,-7.2,7.36
0.00869,-7.2,7.36
0.0087,-7.2,7.36
0.00871,-7.2,7.36
0.00872,-7.2,7.36
0.00873,-6.4,5.36
0.00874,-5.04,4.32
0.00875,-4.24,3.68
0.00876,-3.68,3.2
0.00877,-3.36,2.88
0.00878,-3.2,2.56
0.00879,-3.12,2.32
0.0088,-3.12,2.08
0.00881,-3.12,1.92
0.00882,-3.04,1.68
0.00883,-3.12,1.52
0.00884,-3.12,1.36
0.00885,-3.12,1.28
0.00886,-3.04,1.04
0.00887,-3.04,0.88
0.00888,-3.04,0.72
0.00889,-2.96,0.56
0.0089,-2.88,0.4
0.00891,-2.88,0.24
0.00892,-2.72,0.08
0.00893,-2.64,-0.08
0.00894,-2.56,-0.16
0.00895,-2.48,-0.32
0.00896,-2.32,-0.4
0.00897,-2.16,-0.4
0.00898,-2.08,-0.48
0.00899,-1.92,-0.56
0.009,-1.68,-0.56
0.00901,-1.52,-0.56
0.00902,-1.36,-0.56
0.00903,-1.2,-0.56
0.00904,-1.04,-0.48
0.00905,-0.96,-0.48
0.00906,-0.8,-0.32
0.00907,-0.72,-0.32
0.00908,-0.56,-0.16
0.00909,-0.56,-0.08
0.0091,-0.48,0.08
0.00911,-0.4,0.16
0.00912,-0.32,0.32
0.00913,-0.24,0.48
0.00914,-0.24,0.64
0.00915,-0.24,0.8
0.00916,-0.24,0.88
0.00917,-0.32,0.96
0.00918,-0.4,1.12
0.00919,-0.4,1.2
0.0092,-0.4,1.36
0.00921,-0.56,1.44
0.00922,-0.64,1.52
0.00923,-0.72,1.6
0.00924,-0.8,1.68
0.00925,-0.96,1.68
0.00926,-1.12,1.76
0.00927,-1.2,1.76
0.00928,-1.36,1.76
0.00929,-1.52,1.76
0.0093,-1.6,1.68
0.00931,-1.68,1.68
0.00932,-1.76,1.52
0.00933,-1.92,1.52
0.00934,-2,1.44
0.00935,-2.08,1.28
0.00936,-2.24,1.2
0.00937,-2.32,1.12
0.00938,-2.4,0.96
0.00939,-2.48,0.88
0.0094,-2.48,0.72
0.00941,-2.48,0.56
0.00942,-2.48,0.4
0.00943,-2.4,0.32
0.00944,-2.4,0.16
0.00945,-2.32,0.08
0.00946,-2.32,-0.08
0.00947,-2.16,-0.16
0.00948,-2.16,-0.24
0.00949,-2.08,-0.32
0.0095,-1.92,-0.48
0.00951,-1.76,-0.48
0.00952,-1.68,-0.56
0.00953,-1.52,-0.56
0.00954,-1.44,-0.64
0.00955,-1.28,-0.64
0.00956,-1.2,-0.64
0.00957,-1.04,-0.64
0.00958,-0.96,-0.56
0.00959,-0.8,-0.48
0.0096,-0.72,-0.4
0.00961,-0.72,-0.32
0.00962,-0.56,-0.24
0.00963,-0.48,-0.16
0.00964,-0.4,0
0.00965,-0.4,0.08
0.00966,-0.32,0.24
0.00967,-0.32,0.32
0.00968,-0.32,0.48
0.00969,-0.24,0.56
0.0097,-0.32,0.72
0.00971,-0.32,0.8
0.00972,-0.4,0.88
0.00973,-0.48,1.04
0.00974,-0.48,1.12
0.00975,-0.56,1.2
0.00976,-0.64,1.36
0.00977,-0.72,1.36
0.00978,-0.8,1.44
0.00979,-0.88,1.44
0.0098,-1.04,1.44
0.00981,-1.2,1.44
0.00982,-1.28,1.44
0.00983,-1.44,1.44
0.00984,-1.52,1.36
0.00985,-1.6,1.36
0.00986,-1.68,1.28
0.00987,-1.76,1.2
0.00988,-1.84,1.12
0.00989,-1.92,1.04
0.0099,-2,0.96
0.00991,-2.08,0.8
0.00992,-2.08,0.72
0.00993,-2.16,0.64
0.00994,-2.16,0.48
0.00995,-2.16,0.4
0.00996,-2.16,0.32
0.00997,-2.16,0.16
0.00998,-2.08,0.08
0.00999,-2,0
0.01,-2,-0.08
0.01001,-1.92,-0.16
0.01002,-1.84,-0.24
0.01003,-1.76,-0.32
0.01004,-1.68,-0.4
0.01005,-1.52,-0.48
0.01006,-1.44,-0.48
0.01007,-1.36,-0.48
0.01008,-1.28,-0.48
0.01009,-1.12,-0.4
0.0101,-1.04,-0.4
0.01011,-0.96,-0.4
0.01012,-0.88,-0.32
0.01013,-0.8,-0.24
0.01014,-0.72,-0.16
0.01015,-0.72,-0.08
0.01016,-0.56,-0.08
0.01017,-0.56,0
0.01018,-0.56,0.08
0.01019,-0.48,0.16
0.0102,-0.48,0.32
0.01021,-0.48,0.4
0.01022,-0.4,0.48
0.01023,-0.48,0.56
0.01024,-0.48,0.72
0.01025,-0.48,0.8
0.01026,-0.56,0.88
0.01027,-0.64,0.96
0.01028,-0.72,0.96
0.01029,-0.72,1.04
0.0103,-0.8,1.12
0.01031,-0.88,1.12
0.01032,-0.96,1.2
0.01033,-1.04,1.2
0.01034,-1.12,1.2
0.01035,-1.28,1.28
0.01036,-1.36,1.2
0.01037,-1.44,1.12
0.01038,-1.44,1.12
0.01039,-1.6,1.04
0.0104,-1.6,1.04
0.01041,-1.76,0.96
0.01042,-1.76,0.88
0.01043,-1.76,0.8
0.01044,-1.84,0.72
0.01045,-1.76,0.64
0.01046,-1.84,0.56
0.01047,-1.92,0.48
0.01048,-1.84,0.4
0.01049,-1.92,0.32
0.0105,-1.84,0.32
0.01051,-1.84,0.24
0.01052,-1.76,0.16
0.01053,-1.76,0.08
0.01054,-1.76,0
0.01055,-1.68,-0.08
0.01056,-1.68,-0.08
0.01057,-1.52,-0.16
0.01058,-1.52,-0.24
0.01059,-1.44,-0.24
0.0106,-1.28,-0.16
0.01061,-1.28,-0.24
0.01062,-1.2,-0.16
0.01063,-1.12,-0.16
0.01064,-0.96,-0.16
0.01065,-0.88,-0.16
0.01066,-0.88,-0.16
0.01067,-0.8,-0.08
0.01068,-0.72,-0.08
0.01069,-0.72,0.08
0.0107,-0.72,0.08
0.01071,-0.64,0.16
0.01072,-0.64,0.24
0.01073,-0.64,0.24
0.01074,-0.72,0.32
0.01075,-0.64,0.48
0.01076,-0.64,0.48
0.01077,-0.64,0.64
0.01078,-0.72,0.72
0.01079,-0.72,0.72
0.0108,-0.72,0.8
0.01081,-0.8,0.88
0.01082,-0.88,0.96
0.01083,-0.96,0.96
0.01084,-0.96,0.96
0.01085,-1.04,0.96
0.01086,-1.04,0.96
0.01087,-1.12,0.96
0.01088,-1.2,0.96
0.01089,-1.2,0.96
0.0109,-1.36,0.96
0.01091,-1.36,0.96
0.01092,-1.44,0.88
0.01093,-1.44,0.88
0.01094,-1.44,0.72
0.01095,-1.52,0.72
0.01096,-1.52,0.72
0.01097,-1.68,0.64
0.01098,-1.68,0.56
0.01099,-1.76,0.56
0.011,-1.68,0.48
0.01101,-1.68,0.4
0.01102,-1.68,0.32
0.01103,-1.68,0.24
0.01104,-1.68,0.24
0.01105,-1.6,0.08
0.01106,-1.52,0.16
0.01107,-1.52,0.08
0.01108,-1.44,0.08
0.01109,-1.44,0.08
0.0111,-1.44,0.08
0.01111,-1.36,0.08
0.01112,-1.36,0
0.01113,-1.28,0
0.01114,-1.2,0.08
0.01115,-1.12,0
0.01116,-1.04,0.08
0.01117,-1.04,0.08
0.01118,-0.96,0.08
0.01119,-0.88,0.16
0.0112,-0.88,0.16
0.01121,-0.88,0.24
0.01122,-0.88,0.32
0.01123,-0.8,0.32
0.01124,-0.8,0.4
0.01125,-0.8,0.4
0.01126,-0.8,0.48
0.01127,-0.8,0.48
0.01128,-0.8,0.48
0.01129,-0.8,0.48
0.0113,-0.88,0.56
0.01131,-0.8,0.64
0.01132,-0.8,0.72
0.01133,-0.96,0.72
0.01134,-0.96,0.72
0.01135,-1.04,0.72
0.01136,-1.04,0.72
0.01137,-1.12,0.72
0.01138,-1.12,0.72
0.01139,-1.2,0.72
0.0114,-1.2,0.72
0.01141,-1.28,0.72
0.01142,-1.28,0.72
0.01143,-1.28,0.72
0.01144,-1.44,0.64
0.01145,-1.36,0.56
0.01146,-1.36,0.64
0.01147,-1.36,0.56
0.01148,-1.44,0.56
0.01149,-1.44,0.56
0.0115,-1.44,0.48
0.01151,-1.44,0.48
0.01152,-1.44,0.4
0.01153,-1.44,0.32
0.01154,-1.44,0.32
0.01155,-1.44,0.32
0.01156,-1.44,0.32
0.01157,-1.44,0.24
0.01158,-1.36,0.24
0.01159,-1.36,0.16
0.0116,-1.28,0.16
0.01161,-1.28,0.16
0.01162,-1.28,0.16
0.01163,-1.2,0.16
0.01164,-1.2,0.16
0.01165,-1.2,0.24
0.01166,-1.2,0.16
0.01167,-1.12,0.16
0.01168,-1.04,0.16
0.01169,-1.04,0.16
0.0117,-1.04,0.24
0.01171,-0.96,0.24
0.01172,-0.96,0.32
0.01173,-0.96,0.32
0.01174,-0.96,0.32
0.01175,-0.88,0.32
0.01176,-0.88,0.4
0.01177,-0.88,0.48
0.01178,-0.96,0.48
0.01179,-0.96,0.56
0.0118,-0.96,0.56
0.01181,-0.96,0.56
0.01182,-1.04,0.56
0.01183,-1.04,0.56
0.01184,-1.04,0.64
0.01185,-1.04,0.64
0.01186,-1.04,0.64
0.01187,-1.12,0.64
0.01188,-1.12,0.64
0.01189,-1.2,0.64
0.0119,-1.2,0.72
0.01191,-1.28,0.64
0.01192,-1.28,0.64
0.01193,-1.28,0.64
0.01194,-1.28,0.64
0.01195,-1.36,0.64
0.01196,-1.36,0.56
0.01197,-1.36,0.56
0.01198,-1.44,0.48
0.01199,-1.36,0.48
0.012,-1.44,0.48
0.01201,-1.44,0.48
0.01202,-1.44,0.4
0.01203,-1.44,0.4
0.01204,-1.36,0.32
0.01205,-1.44,0.24
0.01206,-1.36,0.24
0.01207,-1.28,0.24
0.01208,-1.36,0.16
0.01209,-1.36,0.16
0.0121,-1.2,0.16
0.01211,-1.2,0.16
0.01212,-1.2,0.16
0.01213,-1.2,0.24
0.01214,-1.2,0.24
0.01215,-1.12,0.24
0.01216,-1.12,0.24
0.01217,-1.12,0.24
0.01218,-1.04,0.16
0.01219,-1.04,0.24
0.0122,-1.04,0.32
0.01221,-1.04,0.32
0.01222,-1.04,0.32
0.01223,-1.04,0.32
0.01224,-0.96,0.4
0.01225,-0.96,0.4
0.01226,-0.96,0.48
0.01227,-1.04,0.4
0.01228,-0.96,0.4
0.01229,-0.96,0.48
0.0123,-1.04,0.48
0.01231,-1.04,0.48
0.01232,-1.04,0.56
0.01233,-1.04,0.56
0.01234,-1.04,0.56
0.01235,-1.04,0.56
0.01236,-1.12,0.64
0.01237,-1.12,0.56
0.01238,-1.12,0.64
0.01239,-1.12,0.64
0.0124,-1.2,0.64
0.01241,-1.2,0.64
0.01242,-1.28,0.64
0.01243,-1.28,0.56
0.01244,-1.28,0.56
0.01245,-1.28,0.56
0.01246,-1.28,0.56
0.01247,-1.28,0.56
0.01248,-1.28,0.48
0.01249,-1.36,0.48
0.0125,-1.36,0.4
0.01251,-1.36,0.48
0.01252,-1.36,0.48
0.01253,-1.44,0.32
0.01254,-1.36,0.32
0.01255,-1.36,0.32
0.01256,-1.28,0.32
0.01257,-1.28,0.32
0.01258,-1.28,0.32
0.01259,-1.28,0.24
0.0126,-1.2,0.24
0.01261,-1.28,0.24
0.01262,-1.28,0.16
0.01263,-1.2,0.24
0.01264,-1.2,0.24
0.01265,-1.2,0.24
0.01266,-1.2,0.32
0.01267,-1.12,0.24
0.01268,-1.12,0.24
0.01269,-1.2,0.24
0.0127,-1.12,0.24
0.01271,-1.12,0.32
0.01272,-1.12,0.32
0.01273,-1.04,0.32
0.01274,-1.04,0.32
0.01275,-1.04,0.32
0.01276,-1.04,0.32
0.01277,-1.04,0.32
0.01278,-1.04,0.4
0.01279,-1.04,0.4
0.0128,-1.04,0.4
0.01281,-1.04,0.48
0.01282,-1.04,0.48
0.01283,-1.04,0.48
0.01284,-1.04,0.48
0.01285,-1.12,0.48
0.01286,-1.12,0.48
0.01287,-1.2,0.48
0.01288,-1.12,0.56
0.01289,-1.12,0.56
0.0129,-1.2,0.56
0.01291,-1.2,0.48
0.01292,-1.2,0.56
0.01293,-1.12,0.48
0.01294,-1.2,0.48
0.01295,-1.2,0.48
0.01296,-1.2,0.48
0.01297,-1.2,0.48
0.01298,-1.2,0.48
0.01299,-1.2,0.4
0.013,-1.28,0.4
0.01301,-1.2,0.4
0.01302,-1.28,0.4
0.01303,-1.28,0.32
0.01304,-1.28,0.4
0.01305,-1.28,0.32
0.01306,-1.28,0.4
0.01307,-1.2,0.32
0.01308,-1.2,0.32
0.01309,-1.2,0.32
0.0131,-1.2,0.32
0.01311,-1.2,0.32
0.01312,-1.2,0.32
0.01313,-1.2,0.32
0.01314,-1.2,0.32
0.01315,-1.2,0.32
0.01316,-1.2,0.32
0.01317,-1.2,0.24
0.01318,-1.2,0.32
0.01319,-1.2,0.32
0.0132,-1.2,0.32
0.01321,-1.12,0.32
0.01322,-1.12,0.32
0.01323,-1.12,0.32
0.01324,-1.12,0.32
0.01325,-1.12,0.32
0.01326,-1.12,0.4
0.01327,-1.12,0.4
0.01328,-1.12,0.4
0.01329,-1.12,0.48
0.0133,-1.12,0.48
0.01331,-1.12,0.48
0.01332,-1.12,0.48
0.01333,-1.2,0.48
0.01334,-1.12,0.48
0.01335,-1.2,0.48
0.01336,-1.12,0.48
0.01337,-1.2,0.48
0.01338,-1.2,0.4
0.01339,-1.2,0.48
0.0134,-1.2,0.4
0.01341,-1.2,0.4
0.01342,-1.28,0.32
0.01343,-1.28,0.4
0.01344,-1.28,0.32
0.01345,-1.28,0.32
0.01346,-1.28,0.32
0.01347,-1.2,0.32
0.01348,-1.2,0.32
0.01349,-1.28,0.32
0.0135,-1.2,0.24
0.01351,-1.2,0.32
0.01352,-1.2,0.32
0.01353,-1.2,0.24
0.01354,-1.2,0.32
0.01355,-1.2,0.32
0.01356,-1.2,0.24
0.01357,-1.2,0.32
0.01358,-1.12,0.32
0.01359,-1.2,0.24
0.0136,-1.2,0.24
0.01361,-1.2,0.24
0.01362,-1.2,0.24
0.01363,-1.12,0.24
0.01364,-1.12,0.24
0.01365,-1.12,0.32
0.01366,-1.12,0.32
0.01367,-1.12,0.32
0.01368,-1.12,0.32
0.01369,-1.12,0.32
0.0137,-1.12,0.32
0.01371,-1.12,0.32
0.01372,-1.12,0.32
0.01373,-1.12,0.4
0.01374,-1.12,0.4
0.01375,-1.12,0.48
0.01376,-1.12,0.4
0.01377,-1.12,0.48
0.01378,-1.12,0.4
0.01379,-1.2,0.4
0.0138,-1.2,0.48
0.01381,-1.2,0.48
0.01382,-1.2,0.48
0.01383,-1.2,0.4
0.01384,-1.2,0.48
0.01385,-1.2,0.4
0.01386,-1.2,0.4
0.01387,-1.2,0.4
0.01388,-1.2,0.4
0.01389,-1.2,0.4
0.0139,-1.2,0.4
0.01391,-1.28,0.32
0.01392,-1.2,0.32
0.01393,-1.28,0.32
0.01394,-1.28,0.32
0.01395,-1.2,0.32
0.01396,-1.28,0.32
0.01397,-1.2,0.32
0.01398,-1.2,0.32
0.01399,-1.2,0.32
0.014,-1.2,0.32
0.01401,-1.2,0.24
0.01402,-1.28,0.24
0.01403,-1.2,0.24
0.01404,-1.12,0.24
0.01405,-1.2,0.24
0.01406,-1.12,0.24
0.01407,-1.2,0.32
0.01408,-1.12,0.32
0.01409,-1.04,0.32
0.0141,-1.04,0.32
0.01411,-1.04,0.4
0.01412,-1.04,0.4
0.01413,-1.04,0.4
0.01414,-0.96,0.4
0.01415,-0.96,0.4
0.01416,-1.04,0.4
0.01417,-1.04,0.48
0.01418,-1.04,0.48
0.01419,-1.04,0.48
0.0142,-1.04,0.48
0.01421,-1.04,0.48
0.01422,-1.04,0.56
0.01423,-1.04,0.56
0.01424,-1.04,0.56
0.01425,-1.12,0.56
0.01426,-1.12,0.56
0.01427,-1.12,0.56
0.01428,-1.2,0.56
0.01429,-1.2,0.56
0.0143,-1.28,0.64
0.01431,-1.28,0.64
0.01432,-1.28,0.64
0.01433,-1.28,0.56
0.01434,-1.28,0.56
0.01435,-1.36,0.48
0.01436,-1.44,0.48
0.01437,-1.44,0.4
0.01438,-1.44,0.4
0.01439,-1.44,0.4
0.0144,-1.44,0.32
0.01441,-1.44,0.32
0.01442,-1.52,0.32
0.01443,-1.52,0.32
0.01444,-1.52,0.24
0.01445,-1.52,0.16
0.01446,-1.44,0.16
0.01447,-1.44,0.08
0.01448,-1.44,0.08
0.01449,-1.44,0.08
0.0145,-1.36,0
0.01451,-1.36,0
0.01452,-1.36,0
0.01453,-1.28,0
0.01454,-1.2,0
0.01455,-1.12,0
0.01456,-1.2,0
0.01457,-1.12,0
0.01458,-1.04,0
0.01459,-0.96,-0.08
0.0146,-0.96,0
0.01461,-0.96,0
0.01462,-0.88,0.08
0.01463,-0.88,0.08
0.01464,-0.8,0.08
0.01465,-0.8,0.16
0.01466,-0.72,0.16
0.01467,-0.72,0.24
0.01468,-0.72,0.32
0.01469,-0.72,0.32
0.0147,-0.72,0.4
0.01471,-0.72,0.48
0.01472,-0.72,0.56
0.01473,-0.72,0.56
0.01474,-0.72,0.64
0.01475,-0.8,0.64
0.01476,-0.8,0.72
0.01477,-0.88,0.72
0.01478,-0.88,0.8
0.01479,-0.96,0.8
0.0148,-1.04,0.8
0.01481,-1.04,0.8
0.01482,-1.04,0.88
0.01483,-1.04,0.88
0.01484,-1.2,0.88
0.01485,-1.2,0.8
0.01486,-1.28,0.8
0.01487,-1.36,0.8
0.01488,-1.36,0.8
0.01489,-1.44,0.72
0.0149,-1.44,0.72
0.01491,-1.52,0.72
0.01492,-1.52,0.64
0.01493,-1.52,0.64
0.01494,-1.52,0.56
0.01495,-1.6,0.48
0.01496,-1.6,0.48
0.01497,-1.6,0.4
0.01498,-1.68,0.32
0.01499,-1.6,0.24
0.015,-1.68,0.16
0.01501,-1.68,0.08
0.01502,-1.68,0.16
0.01503,-1.6,0.08
0.01504,-1.6,0
0.01505,-1.52,0
0.01506,-1.52,-0.08
0.01507,-1.44,-0.16
0.01508,-1.36,-0.16
0.01509,-1.36,-0.08
0.0151,-1.28,-0.08
0.01511,-1.28,-0.16
0.01512,-1.2,-0.08
0.01513,-1.12,-0.08
0.01514,-1.04,-0.08
0.01515,-0.96,-0.08
0.01516,-0.96,0
0.01517,-0.88,0.08
0.01518,-0.88,0.08
0.01519,-0.88,0.16
0.0152,-0.8,0.16
0.01521,-0.8,0.24
0.01522,-0.8,0.24
0.01523,-0.8,0.32
0.01524,-0.8,0.4
0.01525,-0.8,0.48
0.01526,-0.88,0.48
0.01527,-0.88,0.56
0.01528,-0.88,0.56
0.01529,-0.88,0.56
0.0153,-0.88,0.64
0.01531,-0.96,0.64
0.01532,-1.04,0.72
0.01533,-1.04,0.72
0.01534,-1.12,0.72
0.01535,-1.2,0.72
0.01536,-1.28,0.72
0.01537,-1.28,0.72
0.01538,-1.36,0.72
0.01539,-1.44,0.72
0.0154,-1.44,0.64
0.01541,-1.52,0.56
0.01542,-1.52,0.56
0.01543,-1.52,0.48
0.01544,-1.6,0.4
0.01545,-1.6,0.32
0.01546,-1.6,0.24
0.01547,-1.6,0.16
0.01548,-1.52,0.16
0.01549,-1.6,0.08
0.0155,-1.52,0.08
0.01551,-1.52,-0.08
0.01552,-1.44,-0.08
0.01553,-1.44,-0.08
0.01554,-1.36,-0.16
0.01555,-1.28,-0.24
0.01556,-1.28,-0.24
0.01557,-1.12,-0.24
0.01558,-1.04,-0.32
0.01559,-0.96,-0.32
0.0156,-0.88,-0.24
0.01561,-0.8,-0.24
0.01562,-0.72,-0.24
0.01563,-0.72,-0.24
0.01564,-0.56,-0.08
0.01565,-0.48,-0.08
0.01566,-0.48,0
0.01567,-0.4,0.08
0.01568,-0.32,0.24
0.01569,-0.32,0.32
0.0157,-0.32,0.4
0.01571,-0.24,0.48
0.01572,-0.24,0.56
0.01573,-0.32,0.72
0.01574,-0.32,0.8
0.01575,-0.24,0.96
0.01576,-0.4,1.04
0.01577,-0.48,1.2
0.01578,-0.48,1.28
0.01579,-0.64,1.36
0.0158,-0.72,1.44
0.01581,-0.8,1.52
0.01582,-0.88,1.6
0.01583,-1.04,1.6
0.01584,-1.2,1.68
0.01585,-1.28,1.68
0.01586,-1.44,1.68
0.01587,-1.52,1.68
0.01588,-1.76,1.6
0.01589,-1.92,1.52
0.0159,-2.08,1.52
0.01591,-2.24,1.36
0.01592,-2.32,1.28
0.01593,-2.48,1.2
0.01594,-2.64,1.04
0.01595,-2.64,0.88
0.01596,-2.8,0.64
0.01597,-2.88,0.48
0.01598,-2.88,0.32
0.01599,-2.96,0.16
0.016,-2.96,-0.08
0.01601,-2.96,-0.24
0.01602,-2.96,-0.48
0.01603,-2.88,-0.64
0.01604,-2.72,-0.88
0.01605,-2.64,-1.04
0.01606,-2.64,-1.2
0.01607,-2.48,-1.36
0.01608,-2.24,-1.52
0.01609,-2.16,-1.68
0.0161,-1.92,-1.84
0.01611,-1.68,-1.92
0.01612,-1.44,-2
0.01613,-1.2,-2
0.01614,-1.04,-2
0.01615,-0.72,-2
0.01616,-0.48,-1.92
0.01617,-0.32,-1.92
0.01618,-0.08,-1.84
0.01619,0.16,-1.68
0.0162,0.48,-1.52
0.01621,0.64,-1.36
0.01622,0.8,-1.28
0.01623,1.04,-0.96
0.01624,1.2,-0.8
0.01625,1.36,-0.48
0.01626,1.44,-0.24
0.01627,1.52,0.08
0.01628,1.6,0.32
0.01629,1.6,0.64
0.0163,1.68,0.96
0.01631,1.6,1.28
0.01632,1.6,1.52
0.01633,1.52,1.84
0.01634,1.36,2.08
0.01635,1.28,2.4
0.01636,1.04,2.64
0.01637,0.8,2.88
0.01638,0.56,3.04
0.01639,0.32,3.2
0.0164,0.08,3.36
0.01641,-0.24,3.52
0.01642,-0.56,3.6
0.01643,-0.88,3.68
0.01644,-1.2,3.68
0.01645,-1.52,3.76
0.01646,-1.92,3.76
0.01647,-2.24,3.6
0.01648,-2.64,3.52
0.01649,-2.88,3.36
0.0165,-3.2,3.2
0.01651,-3.44,2.96
0.01652,-3.76,2.72
0.01653,-4,2.48
0.01654,-4.24,2.08
0.01655,-4.48,1.76
0.01656,-4.64,1.44
0.01657,-4.72,0.96
0.01658,-4.8,0.64
0.01659,-4.88,0.16
0.0166,-4.88,-0.16
0.01661,-4.88,-0.56
0.01662,-4.8,-0.96
0.01663,-4.72,-1.36
0.01664,-4.56,-1.76
0.01665,-4.4,-2.08
0.01666,-4.24,-2.4
0.01667,-3.92,-2.64
0.01668,-3.68,-2.88
0.01669,-3.28,-3.28
0.0167,-2.96,-3.44
0.01671,-2.64,-3.6
0.01672,-2.24,-3.76
0.01673,-1.84,-3.84
0.01674,-1.44,-3.92
0.01675,-0.96,-3.84
0.01676,-0.56,-3.84
0.01677,-0.16,-3.76
0.01678,0.24,-3.6
0.01679,0.56,-3.44
0.0168,1.04,-3.2
0.01681,1.36,-2.96
0.01682,1.6,-2.64
0.01683,1.92,-2.32
0.01684,2.24,-1.92
0.01685,2.4,-1.6
0.01686,2.56,-1.12
0.01687,2.72,-0.72
0.01688,2.88,-0.32
0.01689,2.96,0.16
0.0169,2.96,0.64
0.01691,2.96,1.04
0.01692,2.96,1.44
0.01693,2.88,1.92
0.01694,2.8,2.4
0.01695,2.56,2.8
0.01696,2.32,3.12
0.01697,2.08,3.44
0.01698,1.84,3.68
0.01699,1.52,4
0.017,1.2,4.16
0.01701,0.8,4.48
0.01702,0.4,4.56
0.01703,-0.08,4.64
0.01704,-0.56,4.72
0.01705,-0.96,4.8
0.01706,-1.44,4.8
0.01707,-1.84,4.8
0.01708,-2.24,4.64
0.01709,-2.72,4.48
0.0171,-3.12,4.32
0.01711,-3.52,4.08
0.01712,-3.84,3.76
0.01713,-4.16,3.44
0.01714,-4.48,3.12
0.01715,-4.72,2.72
0.01716,-4.96,2.32
0.01717,-5.12,1.92
0.01718,-5.28,1.52
0.01719,-5.44,1.04
0.0172,-5.44,0.64
0.01721,-5.44,0.16
0.01722,-5.44,-0.32
0.01723,-5.36,-0.8
0.01724,-5.28,-1.2
0.01725,-5.12,-1.6
0.01726,-4.88,-2
0.01727,-4.72,-2.32
0.01728,-4.32,-2.72
0.01729,-4.08,-2.96
0.0173,-3.76,-3.28
0.01731,-3.44,-3.44
0.01732,-2.96,-3.68
0.01733,-2.64,-3.76
0.01734,-2.16,-3.92
0.01735,-1.76,-4
0.01736,-1.28,-3.92
0.01737,-0.88,-3.92
0.01738,-0.48,-3.76
0.01739,-0.08,-3.68
0.0174,0.32,-3.52
0.01741,0.72,-3.28
0.01742,1.04,-3.04
0.01743,1.36,-2.72
0.01744,1.6,-2.48
0.01745,1.92,-2.08
0.01746,2.08,-1.76
0.01747,2.24,-1.36
0.01748,2.4,-0.96
0.01749,2.48,-0.56
0.0175,2.56,-0.08
0.01751,2.56,0.24
0.01752,2.56,0.72
0.01753,2.56,1.12
0.01754,2.48,1.44
0.01755,2.32,1.76
0.01756,2.24,2.16
0.01757,2,2.48
0.01758,1.84,2.8
0.01759,1.52,3.04
0.0176,1.28,3.28
0.01761,0.96,3.44
0.01762,0.64,3.6
0.01763,0.24,3.68
0.01764,-0.08,3.84
0.01765,-0.4,3.84
0.01766,-0.72,3.92
0.01767,-1.04,3.84
0.01768,-1.44,3.84
0.01769,-1.84,3.76
0.0177,-2.16,3.68
0.01771,-2.4,3.52
0.01772,-2.72,3.36
0.01773,-2.96,3.12
0.01774,-3.2,2.88
0.01775,-3.44,2.56
0.01776,-3.6,2.32
0.01777,-3.76,1.92
0.01778,-3.92,1.68
0.01779,-4,1.36
0.0178,-4.08,0.96
0.01781,-4.08,0.72
0.01782,-4.08,0.4
0.01783,-4.08,0.08
0.01784,-4,-0.24
0.01785,-3.92,-0.48
0.01786,-3.84,-0.8
0.01787,-3.68,-1.04
0.01788,-3.6,-1.28
0.01789,-3.36,-1.52
0.0179,-3.12,-1.68
0.01791,-2.96,-1.84
0.01792,-2.72,-1.92
0.01793,-2.4,-2.08
0.01794,-2.16,-2.16
0.01795,-1.92,-2.16
0.01796,-1.6,-2.16
0.01797,-1.36,-2.16
0.01798,-1.12,-2.08
0.01799,-0.8,-2.08
0.018,-0.64,-2
0.01801,-0.4,-1.84
0.01802,-0.24,-1.76
0.01803,0,-1.6
0.01804,0.08,-1.44
0.01805,0.32,-1.28
0.01806,0.48,-1.12
0.01807,0.56,-0.88
0.01808,0.64,-0.72
0.01809,0.72,-0.48
0.0181,0.8,-0.24
0.01811,0.8,0
0.01812,0.88,0.24
0.01813,0.8,0.48
0.01814,0.8,0.72
0.01815,0.64,0.8
0.01816,0.64,0.96
0.01817,0.48,1.12
0.01818,0.4,1.28
0.01819,0.24,1.44
0.0182,0.16,1.52
0.01821,0,1.68
0.01822,-0.24,1.76
0.01823,-0.32,1.84
0.01824,-0.48,1.92
0.01825,-0.64,1.92
0.01826,-0.8,1.92
0.01827,-0.96,1.92
0.01828,-1.12,1.92
0.01829,-1.28,1.84
0.0183,-1.44,1.76
0.01831,-1.6,1.68
0.01832,-1.76,1.6
0.01833,-1.84,1.52
0.01834,-1.92,1.36
0.01835,-2,1.28
0.01836,-2.08,1.12
0.01837,-2.08,1.04
0.01838,-2.16,0.88
0.01839,-2.24,0.8
0.0184,-2.24,0.72
0.01841,-2.24,0.56
0.01842,-2.24,0.4
0.01843,-2.24,0.32
0.01844,-2.16,0.16
0.01845,-2.08,0
0.01846,-2,-0.08
0.01847,-1.92,-0.16
0.01848,-1.84,-0.24
0.01849,-1.84,-0.32
0.0185,-1.76,-0.32
0.01851,-1.68,-0.4
0.01852,-1.52,-0.32
0.01853,-1.52,-0.32
0.01854,-1.44,-0.32
0.01855,-1.28,-0.4
0.01856,-1.2,-0.32
0.01857,-1.12,-0.32
0.01858,-1.04,-0.32
0.01859,-1.04,-0.24
0.0186,-0.96,-0.24
0.01861,-0.88,-0.16
0.01862,-0.8,-0.08
0.01863,-0.8,0
0.01864,-0.72,0
0.01865,-0.72,0.08
0.01866,-0.72,0.08
0.01867,-0.8,0.16
0.01868,-0.8,0.24
0.01869,-0.8,0.32
0.0187,-0.72,0.4
0.01871,-0.72,0.48
0.01872,-0.72,0.48
0.01873,-0.8,0.56
0.01874,-0.88,0.56
0.01875,-0.88,0.56
0.01876,-0.96,0.64
0.01877,-0.96,0.56
0.01878,-1.04,0.64
0.01879,-1.04,0.64
0.0188,-1.12,0.64
0.01881,-1.2,0.64
0.01882,-1.2,0.64
0.01883,-1.28,0.56
0.01884,-1.28,0.56
0.01885,-1.36,0.56
0.01886,-1.36,0.56
0.01887,-1.44,0.48
0.01888,-1.44,0.48
0.01889,-1.44,0.48
0.0189,-1.44,0.4
0.01891,-1.44,0.32
0.01892,-1.44,0.24
0.01893,-1.36,0.24
0.01894,-1.36,0.24
0.01895,-1.36,0.16
0.01896,-1.28,0.16
0.01897,-1.28,0.16
0.01898,-1.28,0.08
0.01899,-1.2,0.08
0.019,-1.28,0.08
0.01901,-1.2,0
0.01902,-1.12,0
0.01903,-1.12,0.08
0.01904,-1.12,0.08
0.01905,-1.04,0.08
0.01906,-1.04,0.08
0.01907,-1.04,0.16
0.01908,-0.96,0.16
0.01909,-0.96,0.16
0.0191,-0.88,0.16
0.01911,-0.88,0.16
0.01912,-0.8,0.24
0.01913,-0.8,0.32
0.01914,-0.8,0.32
0.01915,-0.8,0.4
0.01916,-0.8,0.48
0.01917,-0.8,0.48
0.01918,-0.8,0.56
0.01919,-0.88,0.56
0.0192,-0.88,0.56
0.01921,-0.96,0.64
0.01922,-0.96,0.64
0.01923,-0.96,0.72
0.01924,-1.04,0.72
0.01925,-1.04,0.72
0.01926,-1.12,0.72
0.01927,-1.12,0.8
0.01928,-1.2,0.8
0.01929,-1.2,0.8
0.0193,-1.28,0.8
0.01931,-1.28,0.72
0.01932,-1.28,0.72
0.01933,-1.36,0.64
0.01934,-1.36,0.72
0.01935,-1.44,0.64
0.01936,-1.52,0.64
0.01937,-1.52,0.56
0.01938,-1.52,0.56
0.01939,-1.52,0.56
0.0194,-1.44,0.48
0.01941,-1.52,0.48
0.01942,-1.52,0.4
0.01943,-1.52,0.32
0.01944,-1.52,0.32
0.01945,-1.52,0.32
0.01946,-1.52,0.24
0.01947,-1.44,0.16
0.01948,-1.44,0.16
0.01949,-1.44,0.16
0.0195,-1.36,0.08
0.01951,-1.36,0.08
0.01952,-1.36,0.08
0.01953,-1.36,0
0.01954,-1.28,0
0.01955,-1.28,0
0.01956,-1.2,0
0.01957,-1.2,-0.08
0.01958,-1.2,-0.08
0.01959,-1.12,0
0.0196,-1.04,0
0.01961,-1.04,0.08
0.01962,-1.04,0.08
0.01963,-0.96,0.08
0.01964,-0.96,0.08
0.01965,-0.88,0.08
0.01966,-0.88,0.16
0.01967,-0.88,0.16
0.01968,-0.88,0.16
0.01969,-0.8,0.24
0.0197,-0.8,0.24
0.01971,-0.8,0.32
0.01972,-0.8,0.32
0.01973,-0.8,0.32
0.01974,-0.88,0.4
0.01975,-0.8,0.4
0.01976,-0.88,0.4
0.01977,-0.88,0.4
0.01978,-0.96,0.48
0.01979,-0.96,0.56
0.0198,-1.04,0.56
0.01981,-1.04,0.56
0.01982,-1.04,0.56
0.01983,-1.04,0.56
0.01984,-1.04,0.56
0.01985,-1.04,0.56
0.01986,-1.04,0.56
0.01987,-1.12,0.56
0.01988,-1.2,0.56
0.01989,-1.2,0.56
0.0199,-1.2,0.56
0.01991,-1.2,0.56
0.01992,-1.2,0.56
0.01993,-1.2,0.56
0.01994,-1.28,0.56
0.01995,-1.28,0.48
0.01996,-1.28,0.48
0.01997,-1.28,0.48
0.01998,-1.36,0.48
0.01999,-1.28,0.48
0.02,-1.36,0.4
0.02001,-1.36,0.4
0.02002,-1.28,0.32
0.02003,-1.28,0.32
0.02004,-1.28,0.32
0.02005,-1.28,0.24
0.02006,-1.28,0.24
0.02007,-1.28,0.24
0.02008,-1.28,0.24
0.02009,-1.28,0.24
0.0201,-1.28,0.24
0.02011,-1.28,0.24
0.02012,-1.2,0.24
0.02013,-1.2,0.24
0.02014,-1.2,0.24
0.02015,-1.2,0.24
0.02016,-1.12,0.16
0.02017,-1.2,0.24
0.02018,-1.12,0.24
0.02019,-1.12,0.24
0.0202,-1.12,0.24
0.02021,-1.12,0.24
0.02022,-1.04,0.24
0.02023,-1.12,0.24
0.02024,-1.04,0.32
0.02025,-1.12,0.32
0.02026,-1.04,0.32
0.02027,-1.12,0.32
0.02028,-1.12,0.32
0.02029,-1.04,0.32
0.0203,-1.04,0.32
0.02031,-1.04,0.32
0.02032,-1.12,0.32
0.02033,-1.04,0.32
0.02034,-1.12,0.32
0.02035,-1.12,0.32
0.02036,-1.12,0.4
0.02037,-1.12,0.32
0.02038,-1.12,0.4
0.02039,-1.12,0.4
0.0204,-1.12,0.4
0.02041,-1.2,0.4
0.02042,-1.12,0.4
0.02043,-1.12,0.4
0.02044,-1.12,0.4
0.02045,-1.12,0.4
0.02046,-1.12,0.48
0.02047,-1.12,0.48
0.02048,-1.12,0.4
0.02049,-1.2,0.4
0.0205,-1.12,0.4
0.02051,-1.12,0.4
0.02052,-1.12,0.32
0.02053,-1.2,0.4
0.02054,-1.2,0.4
0.02055,-1.2,0.4
0.02056,-1.2,0.32
0.02057,-1.2,0.4
0.02058,-1.2,0.4
0.02059,-1.2,0.32
0.0206,-1.2,0.32
0.02061,-1.2,0.32
0.02062,-1.2,0.32
0.02063,-1.2,0.32
0.02064,-1.2,0.32
0.02065,-1.2,0.32
0.02066,-1.2,0.32
0.02067,-1.12,0.32
0.02068,-1.2,0.32
0.02069,-1.2,0.32
0.0207,-1.2,0.32
0.02071,-1.2,0.32
0.02072,-1.12,0.32
0.02073,-1.12,0.32
0.02074,-1.2,0.32
0.02075,-1.2,0.32
0.02076,-1.12,0.32
0.02077,-1.12,0.32
0.02078,-1.2,0.32
0.02079,-1.12,0.32
0.0208,-1.2,0.32
0.02081,-1.12,0.32
0.02082,-1.12,0.32
0.02083,-1.12,0.32
0.02084,-1.12,0.32
0.02085,-1.12,0.32
0.02086,-1.12,0.32
0.02087,-1.2,0.32
0.02088,-1.12,0.32
0.02089,-1.12,0.32
0.0209,-1.12,0.32
0.02091,-1.2,0.32
0.02092,-1.2,0.32
0.02093,-1.12,0.32
0.02094,-1.12,0.32
0.02095,-1.12,0.32
0.02096,-1.12,0.32
0.02097,-1.12,0.32
0.02098,-1.2,0.4
0.02099,-1.2,0.4
0.021,-1.2,0.48
0.02101,-1.12,0.4
0.02102,-1.12,0.4
0.02103,-1.12,0.48
0.02104,-1.12,0.4
0.02105,-1.12,0.4
0.02106,-1.2,0.4
0.02107,-1.12,0.4
0.02108,-1.2,0.48
0.02109,-1.12,0.4
0.0211,-1.2,0.4
0.02111,-1.28,0.4
0.02112,-1.2,0.48
0.02113,-1.28,0.4
0.02114,-1.28,0.4
0.02115,-1.2,0.4
0.02116,-1.2,0.4
0.02117,-1.2,0.4
0.02118,-1.2,0.48
0.02119,-1.2,0.4
0.0212,-1.28,0.4
0.02121,-1.28,0.4
0.02122,-1.28,0.4
0.02123,-1.28,0.4
0.02124,-1.2,0.4
0.02125,-1.2,0.4
0.02126,-1.2,0.4
0.02127,-1.2,0.32
0.02128,-1.2,0.32
0.02129,-1.2,0.4
0.0213,-1.2,0.32
0.02131,-1.2,0.32
0.02132,-1.2,0.32
0.02133,-1.2,0.32
0.02134,-1.2,0.32
0.02135,-1.2,0.32
0.02136,-1.2,0.24
0.02137,-1.2,0.32
0.02138,-1.2,0.24
0.02139,-1.2,0.32
0.0214,-1.2,0.32
0.02141,-1.2,0.32
0.02142,-1.2,0.32
0.02143,-1.2,0.32
0.02144,-1.12,0.32
0.02145,-1.2,0.32
0.02146,-1.12,0.32
0.02147,-1.12,0.32
0.02148,-1.2,0.32
0.02149,-1.12,0.32
0.0215,-1.12,0.32
0.02151,-1.12,0.32
0.02152,-1.12,0.32
0.02153,-1.12,0.32
0.02154,-1.12,0.32
0.02155,-1.04,0.4
0.02156,-1.12,0.32
0.02157,-1.12,0.32
0.02158,-1.12,0.4
0.02159,-1.12,0.4
0.0216,-1.12,0.32
0.02161,-1.12,0.32
0.02162,-1.04,0.4
0.02163,-1.04,0.4
0.02164,-1.12,0.48
0.02165,-1.04,0.48
0.02166,-1.12,0.48
0.02167,-1.12,0.48
0.02168,-1.2,0.48
0.02169,-1.2,0.48
0.0217,-1.12,0.48
0.02171,-1.2,0.48
0.02172,-1.2,0.48
0.02173,-1.2,0.48
0.02174,-1.2,0.48
0.02175,-1.12,0.48
0.02176,-1.2,0.4
0.02177,-1.2,0.4
0.02178,-1.2,0.48
0.02179,-1.2,0.48
0.0218,-1.28,0.48
0.02181,-1.28,0.4
0.02182,-1.2,0.48
0.02183,-1.2,0.48
0.02184,-1.2,0.48
0.02185,-1.2,0.48
0.02186,-1.2,0.48
0.02187,-1.28,0.48
0.02188,-1.2,0.48
0.02189,-1.28,0.32
0.0219,-1.28,0.32
0.02191,-1.28,0.32
0.02192,-1.28,0.32
0.02193,-1.28,0.32
0.02194,-1.2,0.32
0.02195,-1.28,0.32
0.02196,-1.2,0.32
0.02197,-1.2,0.32
0.02198,-1.2,0.24
0.02199,-1.2,0.24
0.022,-1.12,0.24
0.02201,-1.2,0.32
0.02202,-1.2,0.24
0.02203,-1.12,0.32
0.02204,-1.12,0.32
0.02205,-1.12,0.32
0.02206,-1.12,0.32
0.02207,-1.12,0.32
0.02208,-1.12,0.32
0.02209,-1.04,0.32
0.0221,-1.12,0.32
0.02211,-1.04,0.32
0.02212,-1.04,0.32
0.02213,-1.04,0.32
0.02214,-1.04,0.32
0.02215,-1.04,0.32
0.02216,-1.12,0.32
0.02217,-1.12,0.32
0.02218,-1.12,0.4
0.02219,-1.12,0.4
0.0222,-1.12,0.4
0.02221,-1.12,0.32
0.02222,-1.12,0.4
0.02223,-1.12,0.4
0.02224,-1.12,0.4
0.02225,-1.12,0.48
0.02226,-1.12,0.4
0.02227,-1.12,0.4
0.02228,-1.2,0.4
0.02229,-1.2,0.4
0.0223,-1.2,0.4
0.02231,-1.2,0.4
0.02232,-1.2,0.4
0.02233,-1.2,0.4
0.02234,-1.2,0.4
0.02235,-1.2,0.4
0.02236,-1.2,0.4
0.02237,-1.2,0.4
0.02238,-1.28,0.32
0.02239,-1.2,0.32
0.0224,-1.28,0.32
0.02241,-1.2,0.32
0.02242,-1.2,0.32
0.02243,-1.2,0.32
0.02244,-1.28,0.32
0.02245,-1.28,0.32
0.02246,-1.2,0.32
0.02247,-1.2,0.32
0.02248,-1.2,0.32
0.02249,-1.2,0.32
0.0225,-1.2,0.32
0.02251,-1.2,0.32
0.02252,-1.2,0.32
0.02253,-1.2,0.32
0.02254,-1.2,0.32
0.02255,-1.2,0.32
0.02256,-1.12,0.32
0.02257,-1.12,0.24
0.02258,-1.12,0.24
0.02259,-1.2,0.32
0.0226,-1.12,0.32
0.02261,-1.12,0.32
0.02262,-1.2,0.32
0.02263,-1.12,0.32
0.02264,-1.2,0.32
0.02265,-1.12,0.32
0.02266,-1.2,0.32
0.02267,-1.12,0.32
0.02268,-1.12,0.32
0.02269,-1.12,0.32
0.0227,-1.12,0.32
0.02271,-1.12,0.4
0.02272,-1.04,0.4
0.02273,-1.12,0.32
0.02274,-1.12,0.32
0.02275,-1.12,0.32
0.02276,-1.04,0.4
0.02277,-1.12,0.4
0.02278,-1.12,0.4
0.02279,-1.12,0.4
0.0228,-1.12,0.4
0.02281,-1.12,0.4
0.02282,-1.12,0.4
0.02283,-1.12,0.4
0.02284,-1.12,0.4
0.02285,-1.12,0.4
0.02286,-1.12,0.4
0.02287,-1.12,0.4
0.02288,-1.2,0.4
0.02289,-1.2,0.4
0.0229,-1.2,0.4
0.02291,-1.2,0.4
0.02292,-1.2,0.4
0.02293,-1.2,0.4
0.02294,-1.2,0.4
0.02295,-1.2,0.4
0.02296,-1.2,0.4
0.02297,-1.2,0.32
0.02298,-1.28,0.32
0.02299,-1.28,0.32
0.023,-1.28,0.4
0.02301,-1.2,0.4
0.02302,-1.28,0.32
0.02303,-1.28,0.4
0.02304,-1.2,0.32
0.02305,-1.2,0.32
0.02306,-1.2,0.32
0.02307,-1.2,0.32
0.02308,-1.12,0.32
0.02309,-1.2,0.32
0.0231,-1.2,0.32
0.02311,-1.2,0.32
0.02312,-1.2,0.32
0.02313,-1.12,0.32
0.02314,-1.12,0.32
0.02315,-1.2,0.32
0.02316,-1.2,0.24
0.02317,-1.12,0.32
0.02318,-1.2,0.32
0.02319,-1.12,0.32
0.0232,-1.2,0.32
0.02321,-1.12,0.32
0.02322,-1.12,0.32
0.02323,-1.12,0.4
0.02324,-1.12,0.4
0.02325,-1.12,0.32
0.02326,-1.12,0.32
0.02327,-1.12,0.32
0.02328,-1.12,0.32
0.02329,-1.2,0.32
0.0233,-1.2,0.32
0.02331,-1.2,0.32
0.02332,-1.2,0.32
0.02333,-1.2,0.32
0.02334,-1.2,0.32
0.02335,-1.2,0.32
0.02336,-1.2,0.4
0.02337,-1.2,0.32
0.02338,-1.2,0.32
0.02339,-1.2,0.32
0.0234,-1.2,0.4
0.02341,-1.2,0.32
0.02342,-1.2,0.32
0.02343,-1.2,0.32
0.02344,-1.2,0.32
0.02345,-1.2,0.32
0.02346,-1.2,0.32
0.02347,-1.2,0.32
0.02348,-1.12,0.32
0.02349,-1.2,0.4
