N,T_min,T_max,T_spacing,r_flip,EM_samples,SC_samples,B,EM_sample_spacing,SC_algorithm,T0_anneal,curses,date_output,dir_out,draw_lattice,file_prefix,k_b,multiprocess,num_bins,plots,print_inp,steps_anneal,steps_burnin,use_cpp,,,,,,,,,,,,,,,,
40,1.2,3,0.01,0.1,10000,100,0,1,0,4,FALSE,FALSE,data,FALSE,,1,TRUE,10,FALSE,FALSE,10000,10000,TRUE,,,,,,,,,,,,,,,,
 ,,,,,,,,,,,,,,,,,,,,,,,,,,,,,,,,,,,,,,,
Temp,n_samples,mean_d1,mean_d2,mean_d3,mean_d4,mean_d5,mean_d6,mean_d7,mean_d8,mean_d9,mean_d10,mean_d11,mean_d12,mean_d13,mean_d14,mean_d15,mean_d16,mean_d17,mean_d18,mean_d19,std_d1,std_d2,std_d3,std_d4,std_d5,std_d6,std_d7,std_d8,std_d9,std_d10,std_d11,std_d12,std_d13,std_d14,std_d15,std_d16,std_d17,std_d18,std_d19
1.2,100,1.71E-07,-2.99E-06,-3.64E-06,-3.35E-06,-3.65E-06,-3.61E-06,-3.62E-06,-3.63E-06,-3.65E-06,-3.59E-06,-3.27E-06,-3.59E-06,-3.64E-06,-3.60E-06,-3.30E-06,-3.35E-06,-3.61E-06,-3.34E-06,-3.58E-06,1.15E-05,4.82E-06,3.44E-06,4.24E-06,3.44E-06,3.47E-06,3.41E-06,3.35E-06,3.51E-06,3.39E-06,4.38E-06,3.37E-06,3.42E-06,3.49E-06,3.97E-06,3.91E-06,3.44E-06,3.10E-06,3.44E-06
1.21,100,2.50E-06,-4.32E-06,-4.59E-06,-4.97E-06,-4.89E-06,-3.64E-06,-4.55E-06,-4.67E-06,-4.56E-06,-4.87E-06,-4.89E-06,-4.59E-06,-4.26E-06,-4.90E-06,-4.82E-06,-4.54E-06,-4.95E-06,-4.34E-06,-4.95E-06,1.45E-05,5.46E-06,4.45E-06,3.60E-06,3.55E-06,5.87E-06,4.59E-06,4.02E-06,4.42E-06,3.50E-06,3.52E-06,4.49E-06,5.15E-06,3.54E-06,3.51E-06,4.57E-06,3.59E-06,5.60E-06,3.57E-06
1.22,100,0.010627682,0.009077241,0.007565577,0.006086413,0.004649979,0.003249379,0.001891785,0.000564893,-0.000705028,-0.001896398,-0.002972984,-0.003868505,-0.004556005,-0.005036792,-0.00535076,-0.005533133,-0.00562509,-0.00567465,-0.005694508,0.000786031,0.000803312,0.000812018,0.000801325,0.000783426,0.000741434,0.000677283,0.000587318,0.000490523,0.000393912,0.000343699,0.000386022,0.000516533,0.000669214,0.000798122,0.000893761,0.000938439,0.000954331,0.000966862
1.23,100,4.67E-06,-4.57E-06,-5.17E-06,-4.89E-06,-5.25E-06,-5.25E-06,-4.88E-06,-4.91E-06,-4.89E-06,-5.12E-06,-4.91E-06,-4.82E-06,-5.23E-06,-4.85E-06,-4.54E-06,-5.23E-06,-4.83E-06,-5.13E-06,-5.21E-06,2.24E-05,4.44E-06,4.39E-06,4.81E-06,4.49E-06,4.47E-06,4.42E-06,4.43E-06,5.48E-06,4.31E-06,5.26E-06,4.91E-06,4.42E-06,3.74E-06,4.75E-06,4.42E-06,5.33E-06,4.32E-06,4.37E-06
1.24,100,4.41E-06,-5.16E-06,-6.13E-06,-5.56E-06,-5.77E-06,-6.43E-06,-5.79E-06,-6.13E-06,-5.18E-06,-5.47E-06,-6.14E-06,-6.45E-06,-5.45E-06,-6.13E-06,-5.83E-06,-5.84E-06,-6.16E-06,-6.13E-06,-6.08E-06,1.82E-05,7.12E-06,5.49E-06,6.29E-06,6.16E-06,5.14E-06,6.24E-06,5.33E-06,6.50E-06,6.33E-06,5.80E-06,5.25E-06,6.93E-06,5.59E-06,6.39E-06,7.81E-06,5.47E-06,5.15E-06,5.79E-06
1.25,100,4.47E-06,-5.13E-06,-5.47E-06,-5.79E-06,-6.04E-06,-6.09E-06,-6.42E-06,-6.05E-06,-6.11E-06,-6.11E-06,-6.10E-06,-5.85E-06,-6.13E-06,-6.06E-06,-5.83E-06,-5.14E-06,-5.20E-06,-6.11E-06,-6.01E-06,2.57E-05,6.13E-06,7.81E-06,7.68E-06,5.33E-06,5.32E-06,4.46E-06,5.15E-06,5.00E-06,5.15E-06,5.67E-06,6.03E-06,5.61E-06,4.67E-06,4.59E-06,5.20E-06,5.85E-06,4.75E-06,5.17E-06
1.26,100,8.26E-06,-5.49E-06,-6.88E-06,-6.82E-06,-6.86E-06,-6.86E-06,-6.54E-06,-6.81E-06,-6.79E-06,-6.77E-06,-6.74E-06,-6.26E-06,-6.83E-06,-6.22E-06,-6.84E-06,-6.51E-06,-6.24E-06,-7.16E-06,-7.14E-06,2.37E-05,7.48E-06,6.31E-06,6.14E-06,6.28E-06,5.72E-06,6.29E-06,6.00E-06,5.73E-06,5.84E-06,5.37E-06,6.53E-06,5.75E-06,6.31E-06,5.55E-06,5.94E-06,6.65E-06,5.48E-06,5.40E-06
1.27,100,5.44E-06,-6.10E-06,-6.34E-06,-5.69E-06,-7.08E-06,-6.73E-06,-6.74E-06,-6.98E-06,-6.74E-06,-6.37E-06,-5.78E-06,-6.39E-06,-6.73E-06,-6.35E-06,-7.03E-06,-7.02E-06,-6.77E-06,-6.70E-06,-6.65E-06,2.26E-05,6.77E-06,5.12E-06,7.49E-06,4.73E-06,5.61E-06,5.28E-06,4.63E-06,5.23E-06,6.20E-06,5.49E-06,5.84E-06,4.68E-06,6.07E-06,4.70E-06,4.67E-06,5.40E-06,5.50E-06,5.46E-06
1.28,100,0.006090528,0.004961855,0.00390994,0.00291016,0.00195183,0.001052125,0.000241109,-0.000475563,-0.0010706,-0.001528426,-0.001841391,-0.002048162,-0.002174556,-0.002230981,-0.002260956,-0.002283648,-0.002297926,-0.002325033,-0.00236129,0.00410383,0.003416082,0.002775104,0.002171083,0.001600825,0.001085189,0.000676625,0.000553451,0.000766806,0.0010517,0.00129085,0.001476255,0.001604933,0.001666867,0.001690571,0.001711453,0.001725504,0.001740247,0.001756145
1.29,100,4.48E-06,-5.76E-06,-6.74E-06,-6.10E-06,-6.79E-06,-8.03E-06,-7.62E-06,-7.07E-06,-7.35E-06,-7.63E-06,-6.90E-06,-7.68E-06,-7.63E-06,-7.69E-06,-7.57E-06,-7.67E-06,-7.01E-06,-7.65E-06,-7.39E-06,2.49E-05,7.32E-06,7.38E-06,6.53E-06,5.25E-06,5.66E-06,6.37E-06,7.18E-06,6.83E-06,6.35E-06,6.56E-06,5.84E-06,6.30E-06,6.08E-06,5.88E-06,5.69E-06,7.18E-06,5.89E-06,6.39E-06
1.3,100,0.012143582,0.010533212,0.00900035,0.00752644,0.006094785,0.004696172,0.003333914,0.002026674,0.00078843,-0.000420427,-0.001612225,-0.002831297,-0.004086155,-0.005362485,-0.006620342,-0.007843264,-0.008962273,-0.009897491,-0.010528489,0.000349106,0.000324762,0.000294948,0.000269936,0.000246977,0.000224443,0.000201072,0.000177259,0.000178234,0.000198896,0.00021782,0.000229263,0.000234115,0.000250578,0.0002739,0.000288016,0.000352277,0.000495262,0.000663225
1.31,100,1.05E-05,-6.82E-06,-8.35E-06,-8.65E-06,-8.37E-06,-8.03E-06,-8.74E-06,-9.01E-06,-8.97E-06,-8.75E-06,-8.72E-06,-8.40E-06,-8.01E-06,-8.44E-06,-9.04E-06,-8.68E-06,-8.97E-06,-8.04E-06,-9.34E-06,3.17E-05,8.34E-06,6.69E-06,7.24E-06,7.23E-06,8.00E-06,7.11E-06,6.07E-06,6.88E-06,7.10E-06,7.02E-06,6.30E-06,7.64E-06,7.13E-06,5.35E-06,7.08E-06,6.53E-06,7.36E-06,5.96E-06
1.32,100,1.11E-05,-8.48E-06,-9.38E-06,-8.77E-06,-7.52E-06,-7.26E-06,-9.08E-06,-8.13E-06,-8.45E-06,-8.13E-06,-8.84E-06,-7.83E-06,-8.51E-06,-7.92E-06,-9.50E-06,-8.77E-06,-8.55E-06,-8.85E-06,-8.77E-06,2.74E-05,7.74E-06,6.86E-06,9.27E-06,8.66E-06,8.60E-06,7.04E-06,8.76E-06,8.03E-06,7.63E-06,8.31E-06,1.03E-05,6.22E-06,7.72E-06,6.48E-06,8.03E-06,8.58E-06,7.87E-06,8.06E-06
1.33,100,1.35E-05,-6.30E-06,-9.16E-06,-9.98E-06,-1.02E-05,-9.98E-06,-1.03E-05,-9.00E-06,-9.93E-06,-1.01E-05,-8.31E-06,-9.56E-06,-9.52E-06,-9.78E-06,-8.97E-06,-7.34E-06,-8.84E-06,-9.88E-06,-9.82E-06,3.20E-05,1.11E-05,7.86E-06,7.90E-06,6.72E-06,7.95E-06,6.66E-06,9.20E-06,7.69E-06,7.08E-06,8.78E-06,7.37E-06,7.16E-06,6.98E-06,8.07E-06,9.67E-06,9.55E-06,7.67E-06,7.57E-06
1.34,100,1.43E-05,-7.40E-06,-8.78E-06,-8.49E-06,-8.81E-06,-8.85E-06,-9.57E-06,-1.01E-05,-9.09E-06,-8.74E-06,-8.77E-06,-8.46E-06,-9.37E-06,-9.36E-06,-9.35E-06,-9.05E-06,-9.33E-06,-9.37E-06,-9.33E-06,3.51E-05,8.07E-06,7.68E-06,9.16E-06,8.05E-06,6.97E-06,7.68E-06,6.84E-06,7.47E-06,7.62E-06,7.66E-06,8.93E-06,7.69E-06,7.81E-06,8.19E-06,8.33E-06,7.70E-06,8.01E-06,7.92E-06
1.35,100,0.010916238,0.0092566,0.007740312,0.006319462,0.004971403,0.003653515,0.002340853,0.001055948,-0.000195134,-0.001388153,-0.002520281,-0.003547018,-0.004445135,-0.005197427,-0.005804271,-0.006245209,-0.006530674,-0.006696461,-0.00678014,0.000806629,0.000794468,0.000753573,0.000689658,0.000601757,0.000534139,0.000494065,0.000483553,0.000491119,0.000470926,0.000392511,0.00028009,0.000294307,0.000509121,0.000784591,0.001043333,0.001231859,0.001350733,0.001415011
1.36,100,1.06E-05,-8.70E-06,-1.04E-05,-1.07E-05,-1.08E-05,-9.81E-06,-1.15E-05,-1.02E-05,-1.14E-05,-1.14E-05,-1.06E-05,-1.11E-05,-1.01E-05,-9.28E-06,-1.00E-05,-1.04E-05,-9.57E-06,-1.09E-05,-1.05E-05,5.03E-05,1.28E-05,6.89E-06,8.73E-06,7.95E-06,1.13E-05,7.28E-06,1.06E-05,9.73E-06,8.49E-06,9.81E-06,9.43E-06,1.05E-05,1.20E-05,1.00E-05,8.83E-06,1.11E-05,1.02E-05,1.15E-05
1.37,100,8.83E-06,-1.03E-05,-1.03E-05,-1.07E-05,-1.03E-05,-1.00E-05,-1.09E-05,-1.03E-05,-9.98E-06,-1.07E-05,-9.67E-06,-9.70E-06,-1.09E-05,-1.04E-05,-1.01E-05,-1.00E-05,-1.10E-05,-1.16E-05,-9.72E-06,2.31E-05,7.98E-06,6.75E-06,7.08E-06,7.59E-06,7.75E-06,7.20E-06,7.35E-06,8.64E-06,7.24E-06,7.70E-06,8.91E-06,6.81E-06,6.98E-06,8.23E-06,8.12E-06,6.21E-06,5.51E-06,8.62E-06
1.38,100,1.35E-05,-9.27E-06,-1.25E-05,-1.29E-05,-1.22E-05,-1.16E-05,-1.19E-05,-1.21E-05,-1.18E-05,-1.16E-05,-1.26E-05,-1.12E-05,-1.28E-05,-1.16E-05,-1.02E-05,-1.14E-05,-1.26E-05,-1.32E-05,-1.25E-05,3.30E-05,1.17E-05,9.34E-06,9.47E-06,9.17E-06,1.01E-05,1.07E-05,8.61E-06,8.95E-06,9.17E-06,1.08E-05,1.07E-05,8.80E-06,1.01E-05,1.13E-05,1.06E-05,8.75E-06,9.08E-06,8.73E-06
1.39,100,1.92E-05,-1.10E-05,-1.29E-05,-1.25E-05,-1.40E-05,-1.30E-05,-1.36E-05,-1.21E-05,-1.28E-05,-1.34E-05,-1.28E-05,-1.35E-05,-1.25E-05,-1.35E-05,-1.35E-05,-1.37E-05,-1.29E-05,-1.19E-05,-1.13E-05,3.79E-05,1.24E-05,1.14E-05,9.94E-06,7.75E-06,8.45E-06,9.34E-06,1.19E-05,9.81E-06,1.00E-05,9.55E-06,1.06E-05,1.10E-05,1.24E-05,1.08E-05,9.86E-06,1.07E-05,1.10E-05,1.18E-05
1.4,100,1.18E-05,-1.01E-05,-1.18E-05,-1.16E-05,-1.31E-05,-1.15E-05,-1.18E-05,-1.25E-05,-1.23E-05,-1.12E-05,-1.13E-05,-1.13E-05,-1.15E-05,-1.08E-05,-1.22E-05,-1.17E-05,-1.22E-05,-1.16E-05,-1.25E-05,2.74E-05,1.07E-05,9.27E-06,9.60E-06,7.80E-06,8.70E-06,8.59E-06,8.21E-06,9.47E-06,1.06E-05,8.03E-06,9.01E-06,9.42E-06,1.07E-05,8.31E-06,8.66E-06,8.03E-06,9.06E-06,7.50E-06
1.41,100,1.61E-05,-1.05E-05,-1.40E-05,-1.17E-05,-1.24E-05,-1.37E-05,-1.34E-05,-1.38E-05,-1.22E-05,-1.25E-05,-1.38E-05,-1.31E-05,-1.43E-05,-1.42E-05,-1.36E-05,-1.34E-05,-1.21E-05,-1.42E-05,-1.24E-05,3.28E-05,1.13E-05,1.01E-05,1.10E-05,1.13E-05,9.61E-06,8.95E-06,9.32E-06,1.07E-05,1.11E-05,9.95E-06,1.01E-05,8.88E-06,8.54E-06,1.05E-05,1.05E-05,1.16E-05,8.08E-06,1.16E-05
1.42,100,1.46E-05,-1.20E-05,-1.48E-05,-1.44E-05,-1.27E-05,-1.38E-05,-1.35E-05,-1.34E-05,-1.40E-05,-1.23E-05,-1.21E-05,-1.50E-05,-1.34E-05,-1.53E-05,-1.47E-05,-1.48E-05,-1.42E-05,-1.16E-05,-1.43E-05,3.14E-05,1.21E-05,9.71E-06,1.07E-05,1.13E-05,1.16E-05,1.11E-05,1.12E-05,9.67E-06,1.24E-05,9.68E-06,8.70E-06,1.18E-05,9.69E-06,9.55E-06,1.05E-05,1.14E-05,1.28E-05,1.20E-05
1.43,100,3.39E-05,-1.21E-05,-1.60E-05,-1.64E-05,-1.54E-05,-1.76E-05,-1.67E-05,-1.78E-05,-1.49E-05,-1.60E-05,-1.66E-05,-1.69E-05,-1.45E-05,-1.76E-05,-1.64E-05,-1.65E-05,-1.54E-05,-1.71E-05,-1.77E-05,5.43E-05,1.29E-05,1.23E-05,1.22E-05,1.34E-05,1.18E-05,1.34E-05,1.12E-05,1.23E-05,1.21E-05,1.24E-05,1.27E-05,1.34E-05,1.24E-05,1.34E-05,1.02E-05,1.25E-05,1.36E-05,1.08E-05
1.44,100,2.79E-05,-1.27E-05,-1.66E-05,-1.70E-05,-1.45E-05,-1.57E-05,-1.50E-05,-1.63E-05,-1.46E-05,-1.59E-05,-1.62E-05,-1.58E-05,-1.63E-05,-1.55E-05,-1.63E-05,-1.56E-05,-1.50E-05,-1.57E-05,-1.57E-05,4.61E-05,1.01E-05,9.63E-06,1.12E-05,1.22E-05,1.29E-05,1.26E-05,9.64E-06,1.34E-05,1.26E-05,1.08E-05,1.15E-05,1.16E-05,1.25E-05,1.21E-05,1.12E-05,1.23E-05,1.12E-05,1.07E-05
1.45,100,3.78E-05,-1.33E-05,-1.74E-05,-1.86E-05,-1.82E-05,-1.85E-05,-1.95E-05,-1.83E-05,-1.91E-05,-2.05E-05,-1.69E-05,-2.00E-05,-1.85E-05,-1.58E-05,-1.60E-05,-1.88E-05,-1.87E-05,-1.94E-05,-1.90E-05,5.81E-05,1.56E-05,1.45E-05,1.33E-05,1.47E-05,1.46E-05,1.40E-05,1.69E-05,1.31E-05,1.24E-05,1.63E-05,1.32E-05,1.30E-05,1.44E-05,1.48E-05,1.41E-05,1.38E-05,1.24E-05,1.36E-05
1.46,100,2.91E-05,-1.13E-05,-1.74E-05,-1.81E-05,-1.68E-05,-1.83E-05,-1.80E-05,-1.95E-05,-1.60E-05,-1.68E-05,-1.77E-05,-1.78E-05,-1.64E-05,-1.71E-05,-1.67E-05,-1.48E-05,-1.71E-05,-1.54E-05,-1.57E-05,4.54E-05,1.50E-05,1.16E-05,1.37E-05,1.33E-05,1.04E-05,1.19E-05,1.05E-05,1.38E-05,1.31E-05,1.25E-05,1.35E-05,1.25E-05,1.28E-05,1.28E-05,1.27E-05,1.28E-05,1.54E-05,1.36E-05
1.47,100,2.71E-05,-1.23E-05,-1.77E-05,-1.79E-05,-1.66E-05,-1.79E-05,-1.84E-05,-1.73E-05,-1.79E-05,-1.74E-05,-1.72E-05,-1.81E-05,-1.70E-05,-1.77E-05,-1.77E-05,-1.76E-05,-1.64E-05,-1.70E-05,-1.80E-05,4.27E-05,1.72E-05,1.36E-05,1.32E-05,1.34E-05,1.22E-05,1.24E-05,1.20E-05,1.29E-05,1.25E-05,1.31E-05,1.23E-05,1.32E-05,1.20E-05,1.20E-05,1.28E-05,1.33E-05,1.28E-05,1.22E-05
1.48,100,0.012223758,0.010577341,0.009129293,0.007722664,0.006337542,0.004960334,0.003572971,0.002203241,0.00082576,-0.000546332,-0.001894297,-0.003226009,-0.004498373,-0.00570473,-0.006809413,-0.007769091,-0.00852893,-0.009053025,-0.009392407,0.000456755,0.00044107,0.000393368,0.000329711,0.000298245,0.000285667,0.000310453,0.000327881,0.000340357,0.000333749,0.000337925,0.000316161,0.000293232,0.000286431,0.000317409,0.000431187,0.000595344,0.000762265,0.000908894
1.49,100,4.13E-05,-1.31E-05,-1.99E-05,-2.02E-05,-2.24E-05,-2.12E-05,-2.12E-05,-2.08E-05,-1.91E-05,-2.19E-05,-2.02E-05,-2.21E-05,-1.96E-05,-2.17E-05,-1.96E-05,-1.82E-05,-1.82E-05,-1.83E-05,-1.91E-05,6.13E-05,1.96E-05,1.48E-05,1.47E-05,1.45E-05,1.48E-05,1.47E-05,1.57E-05,1.56E-05,1.56E-05,1.77E-05,1.40E-05,1.78E-05,1.57E-05,1.67E-05,1.80E-05,1.49E-05,1.46E-05,1.51E-05
1.5,100,3.31E-05,-1.53E-05,-1.89E-05,-2.02E-05,-2.01E-05,-2.07E-05,-2.05E-05,-1.93E-05,-2.04E-05,-2.09E-05,-2.08E-05,-2.22E-05,-1.70E-05,-1.85E-05,-2.06E-05,-2.00E-05,-1.81E-05,-1.79E-05,-2.15E-05,6.16E-05,1.93E-05,1.49E-05,1.54E-05,1.61E-05,1.42E-05,1.40E-05,1.53E-05,1.31E-05,1.45E-05,1.49E-05,1.32E-05,1.90E-05,1.55E-05,1.45E-05,1.23E-05,1.44E-05,1.75E-05,1.48E-05
1.51,100,5.81E-05,-1.55E-05,-2.26E-05,-2.15E-05,-2.54E-05,-2.70E-05,-2.57E-05,-2.24E-05,-2.35E-05,-2.25E-05,-2.21E-05,-2.33E-05,-2.45E-05,-2.43E-05,-2.47E-05,-2.31E-05,-2.26E-05,-2.34E-05,-2.16E-05,8.39E-05,2.76E-05,1.63E-05,1.72E-05,1.91E-05,1.95E-05,1.73E-05,1.31E-05,1.58E-05,1.67E-05,1.92E-05,1.72E-05,1.82E-05,1.95E-05,2.03E-05,1.81E-05,1.65E-05,1.62E-05,1.82E-05
1.52,100,5.00E-05,-1.87E-05,-2.38E-05,-2.31E-05,-2.42E-05,-2.31E-05,-2.15E-05,-2.32E-05,-2.35E-05,-2.25E-05,-2.32E-05,-2.30E-05,-2.33E-05,-2.44E-05,-2.52E-05,-2.27E-05,-2.55E-05,-2.28E-05,-2.38E-05,6.94E-05,1.98E-05,1.77E-05,1.75E-05,1.56E-05,1.70E-05,1.84E-05,1.65E-05,1.81E-05,1.85E-05,2.08E-05,1.77E-05,1.75E-05,1.80E-05,1.60E-05,1.75E-05,1.64E-05,1.88E-05,1.76E-05
1.53,100,5.53E-05,-1.68E-05,-2.55E-05,-2.79E-05,-2.60E-05,-2.51E-05,-2.68E-05,-2.52E-05,-2.62E-05,-2.86E-05,-2.78E-05,-2.46E-05,-2.27E-05,-2.41E-05,-2.37E-05,-2.49E-05,-2.50E-05,-2.69E-05,-2.40E-05,6.22E-05,2.00E-05,1.69E-05,1.77E-05,1.60E-05,1.80E-05,1.62E-05,1.95E-05,1.86E-05,1.83E-05,1.90E-05,1.74E-05,1.82E-05,1.81E-05,1.94E-05,1.81E-05,1.86E-05,1.61E-05,1.81E-05
1.54,100,4.81E-05,-1.80E-05,-2.12E-05,-1.98E-05,-2.38E-05,-2.39E-05,-2.56E-05,-2.52E-05,-2.64E-05,-2.36E-05,-2.59E-05,-2.72E-05,-2.37E-05,-2.48E-05,-2.38E-05,-2.16E-05,-2.05E-05,-2.31E-05,-2.54E-05,5.21E-05,1.97E-05,1.84E-05,1.61E-05,1.61E-05,1.66E-05,1.80E-05,1.74E-05,1.76E-05,1.66E-05,1.78E-05,1.47E-05,1.82E-05,1.76E-05,1.82E-05,2.23E-05,2.01E-05,1.83E-05,1.78E-05
1.55,100,7.01E-05,-1.56E-05,-2.19E-05,-2.78E-05,-2.81E-05,-2.56E-05,-2.93E-05,-3.06E-05,-3.07E-05,-2.84E-05,-3.09E-05,-2.74E-05,-3.02E-05,-3.01E-05,-2.90E-05,-3.03E-05,-2.95E-05,-3.02E-05,-2.79E-05,8.80E-05,2.98E-05,1.95E-05,1.84E-05,2.26E-05,2.27E-05,1.79E-05,2.09E-05,2.10E-05,2.08E-05,2.13E-05,2.05E-05,1.93E-05,2.34E-05,2.41E-05,2.17E-05,2.19E-05,1.97E-05,1.86E-05
1.56,100,6.56E-05,-1.92E-05,-2.82E-05,-2.79E-05,-2.93E-05,-3.10E-05,-3.02E-05,-2.83E-05,-3.01E-05,-3.04E-05,-3.06E-05,-2.63E-05,-2.55E-05,-2.87E-05,-2.85E-05,-2.99E-05,-2.83E-05,-2.82E-05,-2.92E-05,6.61E-05,2.04E-05,2.06E-05,2.16E-05,1.90E-05,2.18E-05,2.06E-05,2.06E-05,2.18E-05,2.08E-05,2.33E-05,2.01E-05,1.93E-05,2.05E-05,2.07E-05,1.99E-05,1.94E-05,1.68E-05,2.13E-05
1.57,100,7.92E-05,-1.74E-05,-3.02E-05,-3.00E-05,-3.21E-05,-3.08E-05,-3.23E-05,-3.50E-05,-3.10E-05,-3.03E-05,-2.94E-05,-3.18E-05,-3.40E-05,-3.06E-05,-2.78E-05,-3.35E-05,-2.99E-05,-3.24E-05,-3.44E-05,8.50E-05,3.00E-05,2.25E-05,2.23E-05,2.20E-05,2.04E-05,2.18E-05,2.16E-05,2.09E-05,2.30E-05,1.95E-05,1.94E-05,1.85E-05,1.93E-05,2.30E-05,2.10E-05,2.20E-05,1.89E-05,2.05E-05
1.58,100,7.49E-05,-1.61E-05,-3.12E-05,-3.22E-05,-3.04E-05,-3.19E-05,-3.13E-05,-3.27E-05,-3.09E-05,-3.29E-05,-3.17E-05,-3.34E-05,-3.33E-05,-3.08E-05,-3.13E-05,-2.92E-05,-3.16E-05,-3.32E-05,-3.34E-05,9.60E-05,2.82E-05,1.92E-05,2.39E-05,2.53E-05,2.51E-05,2.23E-05,2.25E-05,2.78E-05,2.56E-05,2.21E-05,2.52E-05,2.62E-05,2.39E-05,2.36E-05,2.72E-05,2.49E-05,2.35E-05,2.05E-05
1.59,100,0.011507371,0.009735999,0.00821721,0.006790931,0.005404006,0.004057296,0.002727171,0.001441896,0.00022962,-0.000953958,-0.002113528,-0.003220039,-0.004309347,-0.005345353,-0.006262202,-0.007028571,-0.00764847,-0.008098014,-0.008363013,0.000801932,0.000776269,0.000746956,0.000686692,0.000613722,0.000582464,0.000549805,0.00050308,0.000493817,0.000453927,0.000407608,0.000334148,0.000302111,0.000442648,0.000674033,0.00095269,0.001241508,0.001492595,0.001679856
1.6,100,8.46E-05,-2.00E-05,-3.11E-05,-3.55E-05,-3.60E-05,-3.52E-05,-3.85E-05,-3.88E-05,-3.90E-05,-3.75E-05,-3.70E-05,-3.50E-05,-3.37E-05,-3.43E-05,-3.70E-05,-3.15E-05,-3.07E-05,-3.24E-05,-3.51E-05,8.14E-05,2.87E-05,2.28E-05,2.22E-05,1.94E-05,2.39E-05,2.11E-05,2.21E-05,2.25E-05,2.49E-05,2.25E-05,2.46E-05,2.37E-05,2.41E-05,2.08E-05,2.34E-05,2.36E-05,2.17E-05,2.50E-05
1.61,100,0.000104811,-1.70E-05,-3.41E-05,-3.90E-05,-3.51E-05,-3.57E-05,-3.96E-05,-3.64E-05,-3.43E-05,-3.29E-05,-3.66E-05,-3.79E-05,-3.70E-05,-4.01E-05,-3.93E-05,-3.62E-05,-3.57E-05,-3.80E-05,-3.75E-05,9.66E-05,2.90E-05,2.57E-05,2.43E-05,2.43E-05,2.49E-05,2.39E-05,2.66E-05,2.50E-05,2.41E-05,2.39E-05,2.43E-05,2.43E-05,2.42E-05,2.45E-05,2.59E-05,2.73E-05,2.43E-05,2.57E-05
1.62,100,9.72E-05,-2.26E-05,-3.55E-05,-3.56E-05,-3.77E-05,-3.85E-05,-3.65E-05,-3.92E-05,-3.69E-05,-3.66E-05,-3.81E-05,-3.86E-05,-3.55E-05,-3.74E-05,-3.61E-05,-3.57E-05,-3.79E-05,-4.07E-05,-3.60E-05,8.78E-05,3.79E-05,2.39E-05,2.55E-05,2.41E-05,2.73E-05,2.53E-05,2.57E-05,2.39E-05,2.23E-05,2.11E-05,2.47E-05,2.49E-05,2.43E-05,2.94E-05,2.43E-05,2.21E-05,2.51E-05,2.35E-05
1.63,100,9.75E-05,-1.51E-05,-3.86E-05,-3.80E-05,-3.77E-05,-3.92E-05,-4.06E-05,-3.78E-05,-4.06E-05,-4.16E-05,-3.88E-05,-4.21E-05,-3.88E-05,-3.69E-05,-3.91E-05,-3.82E-05,-3.84E-05,-3.73E-05,-3.70E-05,0.000101526,3.49E-05,2.63E-05,3.19E-05,2.79E-05,3.02E-05,2.70E-05,2.49E-05,2.81E-05,2.57E-05,2.84E-05,2.41E-05,3.05E-05,2.75E-05,2.28E-05,2.50E-05,2.55E-05,2.72E-05,2.89E-05
1.64,100,0.000109998,-2.09E-05,-3.59E-05,-4.07E-05,-4.23E-05,-4.41E-05,-4.30E-05,-4.39E-05,-4.30E-05,-3.76E-05,-4.02E-05,-4.09E-05,-3.94E-05,-4.25E-05,-3.98E-05,-3.88E-05,-4.29E-05,-4.31E-05,-4.51E-05,0.000107555,3.71E-05,2.69E-05,3.34E-05,2.70E-05,2.83E-05,2.97E-05,2.75E-05,2.41E-05,2.87E-05,2.78E-05,2.42E-05,2.62E-05,3.04E-05,3.02E-05,2.95E-05,3.02E-05,2.93E-05,2.72E-05
1.65,100,0.000135936,-1.39E-05,-4.03E-05,-4.49E-05,-4.61E-05,-4.08E-05,-4.34E-05,-3.83E-05,-4.42E-05,-4.47E-05,-4.31E-05,-4.71E-05,-4.80E-05,-4.63E-05,-4.43E-05,-4.19E-05,-4.00E-05,-4.35E-05,-4.30E-05,0.000138377,4.60E-05,3.00E-05,3.58E-05,2.96E-05,2.97E-05,3.22E-05,3.03E-05,2.67E-05,2.88E-05,3.29E-05,2.98E-05,2.94E-05,3.34E-05,3.09E-05,2.98E-05,3.27E-05,2.94E-05,2.86E-05
1.66,100,0.000114753,-2.07E-05,-4.14E-05,-4.22E-05,-4.36E-05,-4.56E-05,-4.60E-05,-4.40E-05,-4.67E-05,-4.52E-05,-4.29E-05,-4.47E-05,-4.17E-05,-4.27E-05,-4.15E-05,-4.18E-05,-4.05E-05,-3.97E-05,-3.91E-05,0.000109332,4.07E-05,2.71E-05,2.70E-05,2.45E-05,2.66E-05,2.94E-05,3.15E-05,2.67E-05,2.81E-05,2.96E-05,2.72E-05,2.85E-05,2.51E-05,2.84E-05,2.82E-05,2.70E-05,2.96E-05,3.53E-05
1.67,100,0.000126209,-2.04E-05,-4.39E-05,-4.88E-05,-4.59E-05,-5.13E-05,-4.62E-05,-4.83E-05,-4.36E-05,-4.62E-05,-4.41E-05,-4.45E-05,-4.16E-05,-4.42E-05,-4.52E-05,-4.12E-05,-4.38E-05,-4.21E-05,-4.52E-05,0.000118219,3.73E-05,2.60E-05,3.11E-05,3.22E-05,3.12E-05,3.52E-05,3.76E-05,3.30E-05,3.07E-05,2.92E-05,3.14E-05,3.08E-05,3.43E-05,3.84E-05,3.47E-05,2.82E-05,3.15E-05,3.90E-05
1.68,100,0.000133777,-2.35E-05,-4.32E-05,-4.88E-05,-4.52E-05,-4.73E-05,-4.72E-05,-4.77E-05,-4.81E-05,-5.00E-05,-4.26E-05,-5.22E-05,-4.90E-05,-4.65E-05,-4.19E-05,-4.90E-05,-4.96E-05,-4.81E-05,-4.37E-05,0.000117566,3.90E-05,3.22E-05,2.69E-05,3.34E-05,3.21E-05,2.90E-05,3.26E-05,3.37E-05,3.41E-05,3.52E-05,3.03E-05,3.10E-05,3.05E-05,3.71E-05,3.25E-05,3.92E-05,3.30E-05,3.16E-05
1.69,100,0.000152625,-2.18E-05,-4.29E-05,-4.74E-05,-5.13E-05,-5.00E-05,-5.03E-05,-5.01E-05,-5.31E-05,-5.18E-05,-4.83E-05,-4.78E-05,-5.29E-05,-5.07E-05,-4.63E-05,-5.37E-05,-5.02E-05,-5.03E-05,-5.33E-05,0.000131199,5.94E-05,2.94E-05,2.95E-05,3.09E-05,3.38E-05,3.69E-05,3.58E-05,3.30E-05,3.29E-05,3.24E-05,3.34E-05,3.31E-05,3.43E-05,3.55E-05,2.98E-05,3.20E-05,3.37E-05,3.41E-05
1.7,100,0.000165759,-2.03E-05,-4.49E-05,-5.39E-05,-5.59E-05,-5.24E-05,-4.79E-05,-5.43E-05,-5.27E-05,-5.30E-05,-5.44E-05,-5.33E-05,-5.26E-05,-5.30E-05,-5.30E-05,-5.74E-05,-5.45E-05,-4.83E-05,-4.88E-05,0.000134476,4.67E-05,3.38E-05,3.33E-05,3.50E-05,3.39E-05,3.48E-05,3.63E-05,3.56E-05,3.64E-05,3.29E-05,3.59E-05,3.38E-05,3.56E-05,2.93E-05,3.39E-05,3.68E-05,3.26E-05,3.59E-05
1.71,100,0.000163767,-2.15E-05,-4.90E-05,-5.49E-05,-5.53E-05,-5.17E-05,-5.48E-05,-5.41E-05,-5.11E-05,-4.68E-05,-4.53E-05,-5.03E-05,-5.48E-05,-5.23E-05,-5.26E-05,-5.36E-05,-5.53E-05,-5.72E-05,-5.56E-05,0.000149944,4.70E-05,3.48E-05,3.83E-05,4.16E-05,3.77E-05,4.03E-05,3.52E-05,3.86E-05,3.31E-05,3.84E-05,3.59E-05,3.76E-05,3.44E-05,3.38E-05,3.33E-05,3.67E-05,3.26E-05,3.21E-05
1.72,100,0.012094963,0.010184237,0.008629474,0.007221375,0.005841859,0.004517183,0.003209186,0.001942076,0.00069665,-0.000541449,-0.001792785,-0.003017996,-0.004206451,-0.005380923,-0.006471959,-0.007479494,-0.008344099,-0.00901046,-0.009418492,0.000402691,0.000409271,0.000421135,0.00042641,0.000415832,0.000395937,0.000355822,0.000326133,0.000287766,0.000284943,0.00030247,0.000332343,0.000340965,0.000340328,0.000332313,0.000394558,0.000473905,0.000582382,0.000661102
1.73,100,0.000174813,-2.88E-05,-5.48E-05,-5.75E-05,-5.92E-05,-5.47E-05,-5.12E-05,-5.60E-05,-6.06E-05,-5.98E-05,-5.55E-05,-5.91E-05,-5.90E-05,-6.33E-05,-5.85E-05,-5.22E-05,-5.26E-05,-5.65E-05,-5.46E-05,0.000124461,5.01E-05,3.50E-05,3.28E-05,3.73E-05,3.85E-05,3.95E-05,3.70E-05,3.54E-05,3.82E-05,3.49E-05,3.13E-05,3.73E-05,3.89E-05,3.50E-05,4.06E-05,3.90E-05,3.61E-05,3.93E-05
1.74,100,0.000221571,-8.24E-06,-5.38E-05,-6.58E-05,-6.34E-05,-6.99E-05,-6.43E-05,-6.96E-05,-6.48E-05,-6.93E-05,-6.96E-05,-6.16E-05,-6.43E-05,-5.92E-05,-6.03E-05,-6.07E-05,-6.32E-05,-6.87E-05,-6.82E-05,0.000164153,6.14E-05,3.65E-05,3.96E-05,4.05E-05,3.49E-05,3.85E-05,4.19E-05,4.04E-05,3.32E-05,4.36E-05,3.95E-05,4.01E-05,4.39E-05,4.45E-05,4.45E-05,4.53E-05,4.40E-05,3.83E-05
1.75,100,0.000204333,-1.06E-05,-4.63E-05,-6.31E-05,-6.70E-05,-6.27E-05,-6.64E-05,-7.11E-05,-6.65E-05,-6.64E-05,-6.58E-05,-6.22E-05,-6.07E-05,-5.92E-05,-6.13E-05,-5.65E-05,-5.95E-05,-6.02E-05,-6.16E-05,0.000153613,5.81E-05,4.13E-05,3.96E-05,4.72E-05,4.46E-05,4.12E-05,4.19E-05,3.86E-05,3.59E-05,3.70E-05,3.76E-05,3.50E-05,3.87E-05,3.86E-05,4.06E-05,3.96E-05,4.33E-05,4.21E-05
1.76,100,0.000234228,-1.42E-05,-6.02E-05,-6.55E-05,-6.89E-05,-7.41E-05,-7.08E-05,-6.81E-05,-6.87E-05,-7.14E-05,-5.88E-05,-6.56E-05,-6.81E-05,-6.65E-05,-7.11E-05,-7.27E-05,-7.10E-05,-6.94E-05,-6.36E-05,0.000167105,6.40E-05,5.15E-05,3.99E-05,4.87E-05,4.28E-05,4.10E-05,4.11E-05,4.46E-05,4.43E-05,4.00E-05,4.46E-05,4.30E-05,4.91E-05,4.10E-05,3.52E-05,3.80E-05,4.34E-05,4.54E-05
1.77,100,0.000246006,-7.82E-06,-5.85E-05,-7.14E-05,-6.97E-05,-6.67E-05,-7.08E-05,-7.61E-05,-6.41E-05,-7.32E-05,-7.38E-05,-7.02E-05,-6.81E-05,-7.15E-05,-7.40E-05,-6.98E-05,-7.32E-05,-6.91E-05,-7.10E-05,0.000175764,6.61E-05,4.13E-05,4.49E-05,4.24E-05,4.05E-05,4.31E-05,5.07E-05,5.06E-05,4.63E-05,4.67E-05,4.24E-05,4.61E-05,4.62E-05,4.42E-05,4.35E-05,4.60E-05,4.07E-05,4.25E-05
1.78,100,0.000270454,1.15E-05,-4.35E-05,-6.13E-05,-6.62E-05,-6.68E-05,-7.26E-05,-7.29E-05,-7.84E-05,-8.50E-05,-8.12E-05,-7.94E-05,-8.20E-05,-8.36E-05,-8.11E-05,-7.20E-05,-7.08E-05,-8.17E-05,-8.08E-05,0.000238671,0.000120113,7.20E-05,5.07E-05,4.91E-05,4.47E-05,5.13E-05,6.31E-05,5.78E-05,6.10E-05,5.40E-05,5.80E-05,5.67E-05,5.92E-05,6.10E-05,6.25E-05,5.07E-05,5.91E-05,5.64E-05
1.79,100,0.000295999,1.90E-05,-4.23E-05,-5.78E-05,-7.13E-05,-7.41E-05,-7.67E-05,-8.27E-05,-8.87E-05,-8.29E-05,-8.08E-05,-8.44E-05,-9.17E-05,-8.25E-05,-8.00E-05,-7.94E-05,-8.19E-05,-8.67E-05,-7.54E-05,0.000268853,0.000172676,0.000108128,8.10E-05,5.30E-05,4.69E-05,5.42E-05,6.51E-05,7.10E-05,6.91E-05,7.31E-05,7.72E-05,7.23E-05,7.24E-05,7.21E-05,7.33E-05,7.39E-05,7.01E-05,7.64E-05
1.8,100,0.000305533,-3.33E-06,-5.95E-05,-7.71E-05,-7.38E-05,-8.33E-05,-7.94E-05,-8.10E-05,-7.67E-05,-7.81E-05,-8.41E-05,-8.32E-05,-7.89E-05,-7.16E-05,-7.78E-05,-8.53E-05,-8.25E-05,-7.64E-05,-8.47E-05,0.000197839,8.73E-05,5.03E-05,4.69E-05,5.11E-05,5.57E-05,5.76E-05,5.72E-05,5.26E-05,4.93E-05,5.28E-05,4.97E-05,5.07E-05,4.69E-05,5.44E-05,4.83E-05,4.42E-05,4.86E-05,5.16E-05
1.81,100,0.000312524,1.68E-05,-5.38E-05,-6.46E-05,-7.85E-05,-7.60E-05,-8.63E-05,-7.99E-05,-8.71E-05,-8.74E-05,-8.37E-05,-8.63E-05,-8.50E-05,-9.10E-05,-8.89E-05,-8.04E-05,-9.15E-05,-8.99E-05,-8.83E-05,0.000280012,0.000160487,9.40E-05,6.34E-05,5.24E-05,5.44E-05,5.67E-05,6.84E-05,6.55E-05,5.33E-05,6.22E-05,5.89E-05,6.36E-05,7.57E-05,7.89E-05,7.86E-05,7.71E-05,6.89E-05,7.64E-05
1.82,100,0.000323513,-3.54E-06,-7.14E-05,-8.31E-05,-8.87E-05,-8.50E-05,-8.38E-05,-7.79E-05,-7.91E-05,-8.59E-05,-8.85E-05,-9.09E-05,-8.45E-05,-9.18E-05,-9.23E-05,-8.99E-05,-9.29E-05,-9.13E-05,-8.31E-05,0.000225179,0.000106804,5.10E-05,6.25E-05,5.40E-05,5.90E-05,5.77E-05,5.27E-05,5.08E-05,4.83E-05,5.09E-05,5.50E-05,5.86E-05,5.65E-05,6.32E-05,6.19E-05,5.72E-05,5.70E-05,5.79E-05
1.83,100,0.000346468,2.85E-06,-6.44E-05,-9.04E-05,-9.54E-05,-8.47E-05,-7.58E-05,-8.73E-05,-9.08E-05,-0.000102353,-9.16E-05,-9.44E-05,-9.25E-05,-9.76E-05,-9.20E-05,-8.90E-05,-9.07E-05,-9.51E-05,-9.24E-05,0.000243726,0.000101173,5.18E-05,5.36E-05,4.97E-05,5.02E-05,5.49E-05,4.91E-05,5.86E-05,6.58E-05,6.28E-05,6.26E-05,6.16E-05,6.08E-05,5.24E-05,5.74E-05,5.76E-05,5.71E-05,5.86E-05
1.84,100,0.000355055,1.96E-05,-5.96E-05,-8.65E-05,-8.84E-05,-8.70E-05,-8.98E-05,-8.96E-05,-9.67E-05,-9.19E-05,-9.69E-05,-9.14E-05,-9.70E-05,-9.81E-05,-9.35E-05,-9.30E-05,-8.88E-05,-9.54E-05,-9.63E-05,0.000226241,0.000115308,7.92E-05,5.15E-05,4.83E-05,5.52E-05,5.74E-05,5.28E-05,5.60E-05,5.28E-05,5.47E-05,5.28E-05,5.81E-05,5.07E-05,5.84E-05,5.44E-05,5.90E-05,6.21E-05,6.24E-05
1.85,100,0.000355382,-1.46E-05,-8.78E-05,-8.85E-05,-9.87E-05,-9.02E-05,-9.26E-05,-9.31E-05,-9.11E-05,-8.62E-05,-8.66E-05,-8.91E-05,-9.53E-05,-0.000102108,-9.35E-05,-9.78E-05,-0.000100713,-9.81E-05,-9.42E-05,0.000207203,8.16E-05,5.64E-05,5.38E-05,5.49E-05,6.15E-05,5.11E-05,5.40E-05,5.76E-05,6.04E-05,6.34E-05,5.13E-05,5.51E-05,5.97E-05,5.31E-05,5.69E-05,6.52E-05,6.27E-05,6.68E-05
1.86,100,0.00042167,1.18E-05,-6.66E-05,-8.88E-05,-0.000102791,-0.000102559,-0.000100484,-0.000105732,-0.000111277,-0.000111301,-0.000106004,-0.000112719,-0.000107246,-0.00010449,-0.00011618,-0.000111573,-9.92E-05,-0.000106277,-0.000107174,0.000245935,0.000120876,7.04E-05,5.77E-05,6.69E-05,6.37E-05,7.37E-05,6.60E-05,5.80E-05,7.25E-05,6.00E-05,6.58E-05,7.41E-05,6.53E-05,6.41E-05,6.98E-05,7.04E-05,7.49E-05,7.55E-05
1.87,100,0.000541008,6.97E-05,-6.74E-05,-0.000107228,-0.000116411,-0.00012343,-0.000119929,-0.000123358,-0.000124576,-0.000128903,-0.000120257,-0.000118638,-0.000117124,-0.000118927,-0.000122613,-0.00012202,-0.000127613,-0.000125866,-0.000128494,0.000339916,0.00018359,0.000103751,7.49E-05,6.50E-05,7.57E-05,7.34E-05,7.76E-05,8.65E-05,8.24E-05,8.61E-05,8.59E-05,8.03E-05,8.19E-05,8.68E-05,8.31E-05,8.29E-05,7.32E-05,8.18E-05
1.88,100,0.000497458,4.34E-05,-6.72E-05,-0.000104817,-0.0001146,-0.000116596,-0.000123158,-0.000118447,-0.000115041,-0.000121243,-0.000117116,-0.000130762,-0.000135025,-0.000118327,-0.000119016,-0.000119184,-0.000119448,-0.00011585,-0.000108503,0.000279529,0.000139222,9.09E-05,7.94E-05,6.99E-05,7.24E-05,7.47E-05,7.70E-05,6.40E-05,6.59E-05,7.84E-05,7.44E-05,7.39E-05,7.00E-05,6.29E-05,5.67E-05,7.44E-05,7.49E-05,7.15E-05
1.89,100,0.000559306,7.61E-05,-5.37E-05,-8.76E-05,-0.000112793,-0.000123129,-0.000130349,-0.000128121,-0.000133754,-0.000136567,-0.000136976,-0.000129588,-0.000131799,-0.000127753,-0.000132416,-0.000137737,-0.000143746,-0.000148762,-0.000133394,0.000385771,0.000234498,0.000132427,8.72E-05,7.11E-05,8.03E-05,8.57E-05,9.16E-05,9.03E-05,8.77E-05,9.38E-05,8.71E-05,9.40E-05,8.71E-05,0.000104513,0.000102902,0.000102336,0.00010522,0.00011127
1.9,100,0.000606597,9.42E-05,-3.22E-05,-7.84E-05,-0.000102095,-0.00011764,-0.00012502,-0.000133169,-0.000144435,-0.000152183,-0.000134643,-0.000141695,-0.000142952,-0.000149611,-0.000151847,-0.000155188,-0.000154748,-0.000155909,-0.000155389,0.000485727,0.000331144,0.000240455,0.000158353,0.00011369,7.60E-05,7.15E-05,8.91E-05,0.000100009,0.000124568,0.000141357,0.000141645,0.000134002,0.000134349,0.000132467,0.000138666,0.000150805,0.000154885,0.000154096
1.91,100,0.000533504,3.34E-05,-8.38E-05,-0.000114363,-0.000127424,-0.000130701,-0.0001253,-0.000127167,-0.000125749,-0.0001376,-0.000129034,-0.000127712,-0.000130196,-0.000117576,-0.0001278,-0.000126598,-0.000132488,-0.00013369,-0.000132904,0.000252992,0.000124039,8.65E-05,6.88E-05,7.35E-05,7.38E-05,7.69E-05,8.18E-05,8.78E-05,8.60E-05,7.71E-05,7.94E-05,7.23E-05,6.97E-05,7.16E-05,6.99E-05,6.46E-05,7.31E-05,8.08E-05
1.92,100,0.000621565,8.06E-05,-6.97E-05,-0.000118065,-0.000135253,-0.000142184,-0.000138907,-0.000147288,-0.000145389,-0.000149676,-0.000146823,-0.000143891,-0.000150037,-0.000135525,-0.000132112,-0.000141928,-0.000139628,-0.000146695,-0.000141783,0.000310362,0.000172854,0.000117812,9.31E-05,8.25E-05,8.03E-05,8.32E-05,9.21E-05,9.79E-05,9.25E-05,8.40E-05,8.72E-05,8.24E-05,8.59E-05,8.79E-05,8.11E-05,9.24E-05,8.77E-05,9.18E-05
1.93,100,0.000733304,0.000117758,-6.13E-05,-0.0001312,-0.000152314,-0.000159181,-0.00016253,-0.000160503,-0.000164028,-0.000154605,-0.000159493,-0.000168652,-0.000175399,-0.000172057,-0.000165551,-0.000151753,-0.000155663,-0.000157274,-0.000152562,0.000449845,0.00021217,0.000113761,8.04E-05,8.03E-05,9.73E-05,9.67E-05,8.83E-05,0.000100212,0.000102243,0.00010624,9.97E-05,9.56E-05,0.000102128,0.000103884,0.000105395,0.000114235,0.000100948,0.000102361
1.94,100,0.000715794,0.000104168,-6.63E-05,-0.000123092,-0.000145344,-0.000164558,-0.000155664,-0.00017302,-0.000165207,-0.000162075,-0.000164519,-0.000163317,-0.000175969,-0.000164895,-0.000158901,-0.000154102,-0.000163645,-0.000166666,-0.000158902,0.000421333,0.00023902,0.000139329,9.32E-05,9.44E-05,0.000105412,0.000108944,0.000111925,0.000117259,0.000114748,9.71E-05,0.000103561,0.000117531,9.95E-05,9.35E-05,9.69E-05,0.000102,0.000112804,0.000119604
1.95,100,0.000725872,7.57E-05,-8.38E-05,-0.000129072,-0.00015247,-0.000160322,-0.000163816,-0.000158423,-0.000154048,-0.000149569,-0.000158191,-0.00014771,-0.000156356,-0.000167325,-0.000162958,-0.000159585,-0.00017009,-0.000163023,-0.000162349,0.000338286,0.000152773,8.93E-05,9.08E-05,8.82E-05,9.01E-05,8.54E-05,7.60E-05,8.24E-05,8.74E-05,9.47E-05,9.11E-05,8.85E-05,9.15E-05,9.09E-05,8.31E-05,9.31E-05,9.51E-05,9.08E-05
1.96,100,0.000846696,0.000166831,-5.15E-05,-0.000117159,-0.000152367,-0.000163658,-0.000179203,-0.000184659,-0.000183209,-0.000190581,-0.000198169,-0.000178625,-0.000178994,-0.000170524,-0.000183513,-0.000188409,-0.00019143,-0.00019026,-0.000198834,0.00046348,0.000285745,0.000174851,0.000127617,0.000103353,0.000102345,0.000100547,0.000108873,0.000117945,0.000115382,0.000115043,0.0001138,0.000119085,0.000118798,0.000115696,0.000126606,0.000114612,0.000128254,0.000126635
1.97,100,0.003418057,0.002241453,0.00162606,0.001170907,0.000782636,0.000424663,9.56E-05,-0.000189328,-0.000459087,-0.000701756,-0.000907941,-0.001075834,-0.00119391,-0.001303421,-0.001390064,-0.00144552,-0.001478212,-0.001487819,-0.001497619,0.003532129,0.002925692,0.002384419,0.001855347,0.001397843,0.000970439,0.000564213,0.000293583,0.000428979,0.000710624,0.000984726,0.001245314,0.001423453,0.001580626,0.001732858,0.001821313,0.001877787,0.001919706,0.00192577
1.98,100,0.000904715,0.000159498,-6.36E-05,-0.000129893,-0.000171311,-0.000184661,-0.000197377,-0.000205622,-0.000203395,-0.000201448,-0.00019438,-0.000190382,-0.000187449,-0.00018797,-0.000187522,-0.0001868,-0.000203876,-0.000202466,-0.000190903,0.00054699,0.000301325,0.000187861,0.000127021,9.39E-05,0.000113893,0.00013143,0.000126904,0.000134975,0.000139095,0.000132309,0.000138351,0.000132952,0.00013385,0.000119655,0.000116641,0.00011765,0.00013041,0.000144919
1.99,100,0.000857569,0.000140012,-6.65E-05,-0.000139475,-0.00016877,-0.000183529,-0.000188898,-0.000184595,-0.000184043,-0.000186326,-0.000185557,-0.000181558,-0.000180372,-0.00018018,-0.000187311,-0.00018256,-0.000203754,-0.000202945,-0.000192007,0.000437789,0.000233946,0.000136269,0.000110839,0.000105375,0.000111166,0.000101393,0.000105503,0.000121578,0.000116586,0.000103238,0.000106579,0.000109185,0.000104633,0.000103898,0.000109238,0.000107118,0.00012312,0.000138528
2,100,0.001025988,0.000207703,-3.40E-05,-0.000121856,-0.000189766,-0.000204165,-0.000231528,-0.000226328,-0.000216056,-0.000229325,-0.000218059,-0.000205775,-0.000200423,-0.000208363,-0.00021039,-0.000230414,-0.000224902,-0.000225615,-0.000227218,0.000583279,0.000327118,0.000198311,0.000125002,9.74E-05,0.000121058,0.00014787,0.000151507,0.000158339,0.000147978,0.000138878,0.000144642,0.000122095,0.000131786,0.000123442,0.000110259,0.000138461,0.000133226,0.000149338
2.01,100,0.000968772,0.000187865,-5.62E-05,-0.000144795,-0.000169939,-0.000193136,-0.000197816,-0.000196991,-0.000186518,-0.000202688,-0.000212271,-0.000226069,-0.000234795,-0.000212944,-0.000209811,-0.000210564,-0.000213689,-0.000219338,-0.000217031,0.000517222,0.000311419,0.000185043,0.000138998,0.000125112,0.000108824,0.000120374,0.000118203,0.000114754,0.000125036,0.000130045,0.000129608,0.000144318,0.000128294,0.000135132,0.000141852,0.000139916,0.000140001,0.000153579
2.02,100,0.001003918,0.000189879,-5.11E-05,-0.000141732,-0.000181748,-0.00019916,-0.000213167,-0.000207686,-0.00020303,-0.000197782,-0.000214601,-0.000223431,-0.000231917,-0.000231732,-0.000219801,-0.000215042,-0.000216444,-0.000223527,-0.000219785,0.000436192,0.000264762,0.000164415,0.000117231,9.90E-05,9.54E-05,0.000116483,0.000110964,0.000127575,0.000123769,0.00012585,0.000132087,0.000123249,0.000120214,0.00011547,0.000132092,0.000123052,0.000135351,0.000157835
2.03,100,0.001167003,0.000246825,-2.94E-05,-0.000144954,-0.000197671,-0.000218264,-0.000227663,-0.000237367,-0.000234209,-0.000237414,-0.000236797,-0.000252319,-0.000242727,-0.000249554,-0.000256821,-0.000276557,-0.000272479,-0.000266261,-0.000248104,0.00065806,0.000338728,0.000230402,0.000162608,0.00014729,0.000144938,0.000140984,0.000158723,0.000146054,0.000135302,0.000129014,0.000134238,0.000163837,0.000190931,0.000176665,0.0001665,0.000159909,0.000156535,0.00016424
2.04,100,0.00126141,0.000304501,-1.24E-05,-0.00013719,-0.000174482,-0.000222487,-0.000242479,-0.000258409,-0.000262127,-0.000268593,-0.000265324,-0.000256838,-0.00027441,-0.000290925,-0.000290068,-0.000289034,-0.000272102,-0.000261958,-0.000260155,0.000598762,0.000405562,0.000254823,0.000166685,0.000137587,0.000127736,0.00013034,0.000170006,0.000156668,0.000173324,0.000191997,0.000187169,0.000179121,0.000176925,0.000165975,0.000153006,0.000154791,0.000171305,0.00017115
2.05,100,0.001406031,0.00033562,-2.94E-05,-0.000186159,-0.000234853,-0.000261536,-0.000269108,-0.000268147,-0.000273042,-0.000280751,-0.000292233,-0.000284982,-0.000283707,-0.000285775,-0.000289084,-0.000294638,-0.000302369,-0.00028741,-0.000268451,0.000588894,0.000328384,0.000214933,0.000144506,0.00011914,0.000129831,0.000148233,0.000159174,0.000157359,0.000159289,0.000157558,0.000158239,0.000156707,0.000148102,0.000158604,0.000151098,0.000140146,0.000147335,0.00017554
2.06,100,0.001497768,0.000393045,2.47E-05,-0.000150961,-0.000247211,-0.000280281,-0.000305721,-0.000319079,-0.00031117,-0.00031597,-0.000303758,-0.000289912,-0.000299631,-0.000300136,-0.000294768,-0.000303734,-0.000317107,-0.000296739,-0.000308966,0.000597556,0.000348107,0.000196294,0.000143558,0.000155769,0.000160249,0.000163313,0.000185563,0.000173612,0.000150693,0.000142744,0.000136858,0.000157361,0.000157278,0.000167622,0.000160399,0.000168115,0.00015866,0.00016209
2.07,100,0.001524169,0.00039923,4.81E-07,-0.00015214,-0.000212188,-0.00026561,-0.000295329,-0.000311483,-0.000309808,-0.000327974,-0.000327197,-0.00031892,-0.000315691,-0.000315931,-0.000313278,-0.00031686,-0.000307093,-0.000305538,-0.000316243,0.000684465,0.00042,0.000259985,0.000155446,0.000135234,0.000170715,0.000171883,0.00018653,0.000197633,0.000180772,0.000179386,0.000162872,0.000172957,0.000173501,0.000180303,0.000187714,0.000155691,0.000146752,0.000174217
2.08,100,0.001425214,0.000309651,-5.64E-05,-0.000196879,-0.000258803,-0.000267209,-0.00026962,-0.00028817,-0.000304076,-0.000313867,-0.000302922,-0.00030523,-0.000285847,-0.000293002,-0.000272617,-0.00027676,-0.000283371,-0.000277305,-0.000264516,0.000555051,0.000325772,0.000192926,0.00013933,0.000142533,0.000139564,0.000148274,0.000168283,0.000160144,0.000166929,0.000169114,0.00015621,0.000150221,0.000157563,0.000156246,0.000154017,0.000139254,0.000142278,0.000192277
2.09,100,0.001713283,0.000467183,1.06E-05,-0.000195886,-0.000283018,-0.000321207,-0.000335855,-0.000331239,-0.000352762,-0.00031531,-0.00031805,-0.000320991,-0.000344316,-0.00032914,-0.000319412,-0.000357169,-0.000368675,-0.000351688,-0.000338523,0.000777992,0.000463579,0.000272853,0.000201113,0.00018574,0.000198022,0.000204943,0.0001853,0.000189262,0.000179849,0.000184898,0.000189275,0.000195736,0.000191542,0.0002091,0.000207242,0.000202515,0.000208106,0.000233206
2.1,100,0.001649077,0.000417537,1.46E-06,-0.000188161,-0.000254515,-0.000297904,-0.000320685,-0.000325501,-0.000325445,-0.0003397,-0.000325717,-0.000315108,-0.000314836,-0.000320749,-0.00034208,-0.000346863,-0.000348362,-0.000348177,-0.000352432,0.000728279,0.000428158,0.000281526,0.000212592,0.000165539,0.000179513,0.000184408,0.000181326,0.000195781,0.000186057,0.000189146,0.000155014,0.000182337,0.000199377,0.000223457,0.000211999,0.000210008,0.000218206,0.000235495
2.11,100,0.001879896,0.000588411,0.000109485,-0.0001363,-0.000269177,-0.000325476,-0.000372743,-0.000384065,-0.000383143,-0.00039477,-0.000398953,-0.000392566,-0.000378624,-0.000382223,-0.000400596,-0.000382848,-0.000362575,-0.000373921,-0.000382415,0.000826487,0.00052818,0.000362655,0.000228264,0.00016381,0.00018496,0.000202822,0.000195921,0.000201057,0.000227339,0.000222153,0.000245494,0.000256928,0.00023023,0.000221285,0.00021307,0.000224865,0.000225,0.000229984
2.12,100,0.001907153,0.000553312,8.23E-05,-0.000135654,-0.000240695,-0.000316312,-0.000347385,-0.000386296,-0.00038293,-0.000405486,-0.000388219,-0.000375718,-0.000397073,-0.000412466,-0.000404581,-0.000392081,-0.000388203,-0.000397473,-0.000381536,0.001035802,0.000682476,0.000472596,0.000305548,0.000228274,0.00018881,0.000209872,0.000223156,0.000245581,0.000269297,0.00027076,0.000313593,0.000304568,0.000286256,0.000299077,0.000302897,0.000290888,0.000308103,0.000309211
2.13,100,0.001972944,0.000574784,5.89E-05,-0.000176498,-0.000306676,-0.000375739,-0.00040436,-0.000398863,-0.000387533,-0.000371235,-0.000389071,-0.000377789,-0.000391275,-0.000382276,-0.000400218,-0.000380514,-0.000381091,-0.000399512,-0.00038581,0.000701138,0.000406975,0.000267241,0.000170789,0.000159196,0.000165653,0.000180655,0.000200244,0.000179834,0.000197609,0.000203817,0.000172533,0.000175192,0.000180908,0.000181279,0.000193041,0.000195469,0.000222233,0.000264218
2.14,100,0.002428987,0.000869522,0.000210307,-0.000116191,-0.000315294,-0.000429237,-0.000467009,-0.000493756,-0.000525518,-0.000516312,-0.000495967,-0.000508467,-0.000489261,-0.000500134,-0.000460751,-0.000437354,-0.000449381,-0.00046035,-0.000484781,0.001177482,0.000784979,0.000476017,0.000282322,0.000217906,0.000235529,0.00026679,0.000314294,0.000375786,0.000389797,0.000380176,0.00038335,0.000345029,0.000321873,0.000285103,0.000255078,0.000258336,0.000300226,0.000343489
2.15,100,0.002600036,0.000964029,0.000274823,-5.76E-05,-0.000250082,-0.000351332,-0.000440571,-0.00051654,-0.000543824,-0.000546035,-0.000547726,-0.000547654,-0.000563768,-0.000580947,-0.000572887,-0.000566941,-0.000556629,-0.000525883,-0.00050368,0.001117545,0.000708704,0.00048709,0.000326591,0.000251453,0.000245751,0.00026392,0.000280334,0.000287206,0.000278833,0.000301394,0.000313142,0.000313084,0.000350023,0.000344399,0.000367881,0.000360423,0.000363439,0.000350726
2.16,100,0.003039296,0.001238483,0.000466079,4.86E-05,-0.000201429,-0.000362191,-0.000483881,-0.000561029,-0.000611919,-0.000649795,-0.000684458,-0.000686285,-0.000673881,-0.00067659,-0.00066042,-0.000671342,-0.000672247,-0.00066941,-0.000650532,0.00117654,0.00083542,0.00059533,0.000427043,0.000321214,0.000279292,0.000289591,0.000290223,0.000313144,0.000344093,0.000352831,0.00036589,0.000368831,0.000405216,0.000411911,0.000427321,0.000428048,0.00044045,0.000447376
2.17,100,0.003006292,0.001201584,0.000443146,4.70E-06,-0.000226886,-0.000376502,-0.000483441,-0.000543112,-0.000589458,-0.000617912,-0.000654506,-0.000632527,-0.000671341,-0.000671862,-0.000699698,-0.000681806,-0.000661237,-0.000656317,-0.00066183,0.000960929,0.000725899,0.00057297,0.000406491,0.000347567,0.000292411,0.000298282,0.000295756,0.000318264,0.000336373,0.000346446,0.000336169,0.000342062,0.000329192,0.000355026,0.000339349,0.00037631,0.000373481,0.00042077
2.18,100,0.003240603,0.001326945,0.000497682,3.21E-05,-0.000272423,-0.000411629,-0.000501413,-0.000584938,-0.000622984,-0.000666725,-0.00069106,-0.000725187,-0.000740804,-0.000726389,-0.000734322,-0.000722543,-0.000716213,-0.000709851,-0.000690965,0.001246332,0.000929415,0.000707126,0.000498415,0.000382135,0.000302162,0.000279707,0.000294473,0.000324004,0.000348859,0.000406346,0.000429039,0.00046289,0.000496266,0.000491857,0.000481004,0.000460404,0.00046106,0.000482626
2.19,100,0.003628085,0.001591277,0.000677215,0.000152135,-0.000207257,-0.00040918,-0.000587081,-0.000685446,-0.000757241,-0.000788595,-0.000811351,-0.000819877,-0.000805718,-0.000784621,-0.000801295,-0.000822922,-0.000810182,-0.000812401,-0.000800382,0.001494359,0.001002891,0.000726139,0.000518634,0.000370122,0.000299081,0.000289446,0.000331559,0.000357907,0.000390558,0.00043405,0.000448718,0.000447392,0.000474926,0.000486504,0.000474206,0.000502237,0.000518961,0.0005282
2.2,100,0.002914329,0.001055607,0.00028556,-0.000116188,-0.000344272,-0.000460442,-0.00053146,-0.00055521,-0.000605034,-0.000577694,-0.000602045,-0.0006088,-0.000612862,-0.000598102,-0.000586252,-0.00056287,-0.000576444,-0.000564248,-0.000574329,0.001154866,0.000829908,0.000572356,0.000390646,0.000268331,0.000236552,0.000241012,0.000300641,0.000339432,0.000378135,0.000401796,0.000381753,0.000413373,0.000394791,0.000357487,0.000320474,0.000311835,0.000336384,0.000357006
2.21,100,0.003931159,0.001749251,0.000779893,0.000241263,-0.000113449,-0.00036191,-0.000516213,-0.000646486,-0.000716149,-0.00078816,-0.000880003,-0.000915043,-0.000966366,-0.000982031,-0.000965083,-0.000953697,-0.000922615,-0.000921317,-0.000910844,0.001802313,0.001339889,0.00099908,0.000756686,0.000546395,0.000385637,0.000363314,0.000396493,0.000456902,0.000476649,0.000529304,0.000597374,0.000662454,0.000676949,0.000688807,0.000668017,0.000667428,0.000671026,0.000700362
2.22,100,0.006117699,0.003450417,0.002049266,0.001153505,0.000496173,1.22E-05,-0.000397657,-0.000728611,-0.000986335,-0.001199644,-0.001381039,-0.001522857,-0.001664147,-0.001766543,-0.00184357,-0.001895549,-0.001971736,-0.002019733,-0.001992529,0.002631299,0.002041058,0.001625849,0.001265069,0.000983416,0.000695058,0.000512437,0.000445052,0.00048529,0.000589581,0.000729433,0.000878028,0.001034204,0.001132009,0.001214982,0.001252378,0.001249403,0.001308151,0.001337743
2.23,100,0.004779488,0.002381368,0.001208692,0.000521666,5.17E-05,-0.000281562,-0.000511955,-0.000684239,-0.000851234,-0.000956459,-0.001039656,-0.001133486,-0.001206763,-0.00125678,-0.001256235,-0.001261235,-0.001288712,-0.001316636,-0.001331227,0.002510031,0.001962153,0.001542033,0.001177686,0.000875106,0.00062343,0.000420342,0.00040105,0.0005252,0.000597313,0.000699799,0.000836981,0.000957648,0.001039594,0.001089303,0.001090461,0.001120128,0.001176086,0.001229178
2.24,100,0.005360496,0.002705925,0.001388091,0.000586754,6.65E-05,-0.000331515,-0.000627525,-0.000823479,-0.000972982,-0.001059809,-0.001153807,-0.001245442,-0.001280402,-0.001342037,-0.00134783,-0.001383134,-0.00140775,-0.001384071,-0.001368358,0.00199883,0.001502389,0.001117677,0.000834867,0.000595488,0.000477251,0.000466477,0.000478838,0.000482242,0.000529098,0.000553034,0.000662963,0.000710737,0.000745823,0.000767947,0.000784485,0.000785905,0.000815474,0.000845618
2.25,100,0.005723611,0.003018296,0.00160973,0.000731246,0.000154756,-0.000232729,-0.000520261,-0.00075938,-0.000954059,-0.001148106,-0.001286856,-0.0013741,-0.001426303,-0.001494356,-0.001575069,-0.001618931,-0.001653218,-0.001636663,-0.00160224,0.002468078,0.001871059,0.001471881,0.001151311,0.00088484,0.000693199,0.000573342,0.000518497,0.000492422,0.000584616,0.000716671,0.00082205,0.000927083,0.000992963,0.001057236,0.001156355,0.001258264,0.001344916,0.001371501
2.26,100,0.008535259,0.005221057,0.003274554,0.001964419,0.001016375,0.000258057,-0.00035921,-0.000883217,-0.00130365,-0.001648642,-0.001897817,-0.002150101,-0.002374067,-0.002593154,-0.002719324,-0.002824468,-0.002870781,-0.002924684,-0.002954932,0.002049833,0.001624033,0.00131918,0.001108383,0.001027152,0.000931587,0.000893371,0.000804922,0.000700725,0.000627093,0.000588586,0.000602425,0.000719814,0.0008674,0.001047066,0.00125917,0.001388945,0.00154562,0.00168608
2.27,100,0.009731934,0.006296726,0.004273812,0.002870416,0.001732844,0.000878909,0.000104734,-0.000553383,-0.001150306,-0.001697021,-0.002226885,-0.002624962,-0.002989713,-0.00328186,-0.003487501,-0.003669472,-0.003819864,-0.003893141,-0.003912452,0.002728619,0.002354189,0.00201753,0.001720622,0.001494445,0.001239077,0.001009573,0.000730081,0.000558873,0.00057924,0.000715179,0.000929655,0.001125712,0.001346762,0.001538341,0.001730703,0.001911863,0.002071648,0.002194873
2.28,100,0.008837075,0.005449341,0.00352194,0.002224553,0.001306357,0.00057219,-1.63E-05,-0.00058015,-0.001034013,-0.001408243,-0.001887763,-0.002227178,-0.002497057,-0.002777922,-0.002956975,-0.003127857,-0.003303618,-0.00340268,-0.003452865,0.002093963,0.00190846,0.001709353,0.001529508,0.001319379,0.001070088,0.000882826,0.000699873,0.00059422,0.000544325,0.000639213,0.000757378,0.000898753,0.001121568,0.001268506,0.001454037,0.001569321,0.001716599,0.001790551
2.29,100,0.00959538,0.005969462,0.003886228,0.002459019,0.001403755,0.000596375,-6.96E-05,-0.000700732,-0.00122405,-0.001645283,-0.002066862,-0.002419065,-0.002740571,-0.002989641,-0.003241445,-0.00346332,-0.003576021,-0.003650492,-0.003705428,0.002531283,0.002176784,0.001820922,0.001548581,0.001300801,0.001081637,0.000926939,0.0007471,0.000645651,0.000695385,0.000818494,0.000930244,0.001085557,0.001259872,0.001421094,0.001527725,0.001650615,0.001715801,0.001772175
2.3,100,0.010887662,0.006947668,0.004660162,0.003022791,0.001676246,0.000655244,-0.000178771,-0.000876936,-0.001484363,-0.002024187,-0.002453715,-0.002855421,-0.003176319,-0.003444556,-0.003682504,-0.00381183,-0.003961702,-0.004107584,-0.0042026,0.00138694,0.001183855,0.001090133,0.00095797,0.000877874,0.000849157,0.000867584,0.000844085,0.000824186,0.00077686,0.000747155,0.000696757,0.000745394,0.000847813,0.00100461,0.001100412,0.001181363,0.001214808,0.001300957
2.31,100,0.00996407,0.006144415,0.003873152,0.002361206,0.0012201,0.000269379,-0.00045058,-0.001051614,-0.001471182,-0.00184643,-0.002191623,-0.00242131,-0.002641926,-0.002857888,-0.003072968,-0.003251862,-0.003396709,-0.003486734,-0.003527319,0.002035562,0.001677506,0.001400482,0.001271904,0.001180221,0.001060912,0.000953725,0.000860305,0.000733755,0.000635342,0.000645941,0.000645288,0.000788087,0.000986607,0.001178827,0.001317417,0.001426111,0.001536177,0.001657823
2.32,100,0.009504075,0.005544193,0.003335728,0.001892525,0.000855017,8.00E-05,-0.000533052,-0.001049518,-0.00140334,-0.001722379,-0.00198282,-0.002233388,-0.002472828,-0.002680335,-0.002812748,-0.002917732,-0.003023333,-0.003114919,-0.003181345,0.001807183,0.001591216,0.001402832,0.001205614,0.001055224,0.000863028,0.000730967,0.000597953,0.000584346,0.000626997,0.000677008,0.000685715,0.000749487,0.000812806,0.00093025,0.001079405,0.0012225,0.001327502,0.001357972
2.33,100,0.010640554,0.006532023,0.004210421,0.002639133,0.001485656,0.000547058,-0.000214232,-0.000893535,-0.001487277,-0.001994761,-0.002353912,-0.002700466,-0.002965523,-0.003194056,-0.00344456,-0.003635097,-0.003812356,-0.003923157,-0.003998133,0.00106171,0.00108036,0.001068976,0.000998271,0.000942426,0.000887214,0.000761087,0.000702569,0.00065034,0.000621853,0.000636891,0.000597886,0.000591713,0.000730117,0.000873942,0.001030449,0.001142801,0.001222261,0.0013275
2.34,100,0.009936443,0.005902469,0.003665243,0.002173339,0.001068811,0.000181207,-0.000517752,-0.001106197,-0.001624971,-0.002042271,-0.00236018,-0.002584747,-0.002808553,-0.002914386,-0.003003064,-0.003085123,-0.003128008,-0.003119618,-0.003113665,0.001733004,0.001321653,0.001099178,0.000920663,0.000832732,0.000739059,0.000661979,0.000682129,0.000636352,0.000616332,0.000664204,0.000701488,0.000725083,0.000764236,0.000867478,0.00096397,0.001002148,0.001121125,0.001197616
2.35,100,0.009147938,0.005106593,0.002958576,0.001526647,0.000471615,-0.000257976,-0.000874306,-0.001314658,-0.001593505,-0.001835796,-0.00203042,-0.002210477,-0.002359114,-0.002440741,-0.002465685,-0.002506542,-0.002526086,-0.002568209,-0.002611623,0.001756639,0.001489796,0.001307148,0.001170618,0.001081872,0.000934561,0.000865213,0.000708792,0.0005759,0.000634976,0.000727078,0.000765426,0.000857346,0.000924424,0.001005255,0.001128491,0.001250738,0.001345827,0.001384825
2.36,100,0.011007489,0.006807044,0.004368105,0.002754276,0.001486079,0.000470302,-0.000392903,-0.001094722,-0.001637895,-0.002054064,-0.002449417,-0.002789185,-0.003112351,-0.003308024,-0.003519225,-0.003699465,-0.003829016,-0.003945145,-0.004013759,0.001072269,0.001015162,0.000999334,0.000949624,0.000954298,0.000832879,0.000772618,0.0006919,0.000648291,0.000580741,0.000589786,0.000626226,0.00062058,0.000675383,0.000726889,0.00085409,0.000992165,0.001171765,0.001329376
2.37,100,0.00945512,0.005401946,0.003164728,0.001754561,0.000742189,-4.67E-05,-0.000627619,-0.001134478,-0.0015433,-0.00183479,-0.002108164,-0.002322419,-0.002479774,-0.002593629,-0.002702466,-0.002776224,-0.00286959,-0.002880423,-0.00296491,0.001844759,0.001499639,0.001246583,0.00107154,0.000994566,0.000859409,0.000740388,0.000646005,0.00065463,0.000627504,0.000624454,0.000719133,0.000782433,0.000871119,0.000957203,0.001045027,0.001168327,0.00122886,0.001300104
2.38,100,0.009992306,0.005731109,0.003441881,0.001944862,0.000879702,9.36E-05,-0.000504128,-0.001010586,-0.001411083,-0.001816379,-0.002180458,-0.002459217,-0.002725627,-0.002862189,-0.002989312,-0.003124168,-0.003251731,-0.003299936,-0.003336571,0.001312618,0.001259243,0.001194079,0.001140615,0.001051413,0.000967094,0.000829857,0.000778465,0.000665682,0.000621946,0.00064238,0.000674851,0.00073413,0.000880062,0.000990965,0.001080219,0.001134132,0.001244604,0.001338864
2.39,100,0.010805778,0.00638162,0.00379841,0.002133971,0.000904003,-5.02E-05,-0.000859002,-0.00144284,-0.001907488,-0.002268176,-0.002508561,-0.002707351,-0.002879161,-0.003015692,-0.003072166,-0.003122495,-0.003115627,-0.00315106,-0.003229569,0.000814746,0.00090766,0.001038078,0.001077264,0.001089825,0.000990144,0.0009201,0.000836274,0.000817687,0.00083965,0.000800941,0.000773995,0.000677902,0.000726904,0.000842948,0.001119279,0.001284341,0.001438378,0.001606596
2.4,100,0.010874138,0.006561588,0.004091583,0.002418618,0.001201512,0.000273771,-0.000492102,-0.001124722,-0.001664706,-0.002076925,-0.002466861,-0.002739385,-0.002923664,-0.003154321,-0.003350258,-0.003512533,-0.003568991,-0.003663246,-0.003616339,0.001011137,0.001073694,0.001083817,0.001086133,0.001068697,0.001003152,0.000924304,0.000845971,0.000766542,0.000693681,0.000722051,0.000723267,0.000793047,0.000827574,0.000925466,0.001040176,0.001234056,0.001376619,0.001480943
2.41,100,0.009590958,0.005322987,0.002986572,0.001549867,0.000559346,-0.000181672,-0.000747722,-0.001162938,-0.001529476,-0.001832513,-0.002031304,-0.002233306,-0.002396143,-0.002514861,-0.002646968,-0.002721848,-0.002878691,-0.002908691,-0.002975469,0.001354561,0.00128504,0.001160915,0.000972272,0.000890187,0.000769206,0.000705799,0.000676204,0.000668185,0.000655329,0.000629947,0.000640426,0.000658472,0.000728392,0.000800391,0.0009062,0.001008183,0.001160206,0.001232933
2.42,100,0.010541937,0.006122866,0.003633454,0.002006299,0.000897942,5.34E-05,-0.000589478,-0.001167122,-0.001639534,-0.002042026,-0.002410977,-0.002660785,-0.002823597,-0.002967772,-0.003094295,-0.00314552,-0.003222628,-0.003280144,-0.003330264,0.000800169,0.00090292,0.00096295,0.001017857,0.000980898,0.000963682,0.000966281,0.000920616,0.000861376,0.000807455,0.000720774,0.000660529,0.000646124,0.000720793,0.000877533,0.001065882,0.001198748,0.001384331,0.001504729
2.43,100,0.010548557,0.006016927,0.003440687,0.001745871,0.000497032,-0.000357607,-0.000917439,-0.001383817,-0.001788745,-0.002066805,-0.002275963,-0.002518864,-0.002728279,-0.002819393,-0.00294606,-0.002997887,-0.003034857,-0.003041972,-0.003049889,0.000756426,0.000852918,0.000943121,0.00096249,0.000932295,0.000848505,0.000757521,0.000702441,0.000725895,0.000698774,0.000652832,0.000704429,0.000673106,0.000725095,0.000780553,0.000903079,0.00096648,0.001053061,0.001230518
2.44,100,0.010023729,0.005502438,0.003098409,0.0015416,0.000453507,-0.000367503,-0.000919033,-0.00139098,-0.001729193,-0.001947751,-0.002144426,-0.002321886,-0.002438048,-0.002544242,-0.002595556,-0.002710363,-0.002827503,-0.002885267,-0.002932639,0.000871422,0.000889525,0.000915315,0.000930599,0.000878233,0.000810871,0.00078337,0.000731094,0.000669781,0.000603953,0.00059708,0.000601816,0.000635753,0.000738521,0.000813187,0.000863063,0.000980127,0.001099736,0.001194717
2.45,100,0.01034688,0.005770838,0.00326499,0.00160209,0.000433773,-0.000465369,-0.001072909,-0.001559264,-0.001938822,-0.002124784,-0.002309736,-0.00246867,-0.002595922,-0.002669945,-0.002729672,-0.002755369,-0.002774448,-0.002792316,-0.002851908,0.000916413,0.001000001,0.000987632,0.000901368,0.000860984,0.000833778,0.000792086,0.000865056,0.000781616,0.000690346,0.000700747,0.000704666,0.000679648,0.000776237,0.000843304,0.000979759,0.001055579,0.001163496,0.001249944
2.46,100,0.01022232,0.00556982,0.003008884,0.001359172,0.000296247,-0.000452126,-0.00099735,-0.001407639,-0.001696854,-0.001975684,-0.002204586,-0.0023205,-0.0024467,-0.00251356,-0.002591532,-0.002720298,-0.002797429,-0.002882229,-0.002976484,0.000702175,0.000826116,0.000951332,0.000915204,0.000839214,0.000772976,0.000663531,0.000601021,0.000600951,0.000570321,0.000576029,0.000625946,0.000716459,0.000752751,0.000773987,0.000800986,0.000857792,0.000915958,0.000984558
2.47,100,0.009643002,0.005085501,0.002696249,0.001188909,0.000153284,-0.000572453,-0.001059673,-0.001477069,-0.001723951,-0.001899712,-0.002070746,-0.00219186,-0.002287718,-0.002410577,-0.002505601,-0.002538005,-0.002522837,-0.00250811,-0.002539087,0.000891706,0.000839539,0.000797504,0.000804709,0.000848375,0.000779898,0.000707385,0.000693227,0.000624222,0.000613944,0.000529795,0.000534812,0.000571378,0.000645219,0.000711697,0.000813892,0.000832861,0.000910727,0.001029944
2.48,100,0.009758196,0.005171388,0.002709267,0.00111929,6.11E-05,-0.000737457,-0.00127442,-0.001575886,-0.001812962,-0.002033971,-0.002184275,-0.002279388,-0.002324171,-0.002362929,-0.002364083,-0.002351671,-0.002370253,-0.002400597,-0.002475325,0.001075539,0.000921443,0.000827904,0.000861958,0.000800811,0.000749135,0.000743363,0.000727622,0.00076465,0.00077927,0.000759343,0.000711597,0.000642558,0.000648343,0.000765231,0.000795091,0.000862074,0.000953021,0.001095631
2.49,100,0.010048952,0.005272495,0.002741333,0.001200852,9.76E-05,-0.000675983,-0.001194244,-0.001578282,-0.001834805,-0.00203966,-0.002214588,-0.002365453,-0.002417897,-0.002436919,-0.002456983,-0.002505613,-0.002442519,-0.002488545,-0.00249728,0.000874235,0.000944587,0.000944168,0.000943496,0.000885754,0.000865621,0.000854244,0.000772832,0.00071736,0.000685609,0.000670093,0.000690369,0.000698286,0.000650153,0.000781094,0.000849868,0.000959843,0.001023845,0.001091271
2.5,100,0.010013416,0.005130364,0.002524722,0.000948494,-9.61E-05,-0.000805672,-0.001307298,-0.001641721,-0.001894726,-0.001979053,-0.002189309,-0.00230608,-0.002354268,-0.0024389,-0.002441087,-0.002395254,-0.002343748,-0.002292522,-0.002218155,0.000737813,0.000806583,0.000851843,0.000875318,0.000908426,0.000868102,0.000769614,0.000746304,0.000706047,0.000682907,0.000703644,0.000695507,0.000697471,0.000719294,0.000794713,0.000858471,0.000846578,0.000859024,0.000998735
2.51,100,0.01000652,0.005351007,0.00285113,0.001268652,0.000253844,-0.000455771,-0.001047678,-0.001440819,-0.001763519,-0.001958327,-0.002153903,-0.002311931,-0.002400056,-0.002482741,-0.002633406,-0.002651299,-0.002709856,-0.002722997,-0.002760986,0.000848043,0.000827504,0.000836315,0.000833895,0.000853913,0.000811263,0.000786261,0.000778387,0.000733374,0.000686628,0.000728869,0.000721873,0.000683736,0.00070418,0.00077398,0.000772278,0.000788936,0.000870393,0.000981251
2.52,100,0.009954427,0.005069021,0.002506898,0.000976553,3.62E-06,-0.000629585,-0.00104618,-0.001412766,-0.001715026,-0.001936852,-0.002135883,-0.002289208,-0.002356308,-0.002383006,-0.002418536,-0.002502806,-0.002495282,-0.002507629,-0.002514696,0.000680934,0.000758271,0.000730772,0.000687054,0.000631399,0.000595018,0.000562468,0.000574682,0.000644992,0.000658274,0.000624952,0.000568695,0.000502776,0.000557398,0.00066125,0.000717998,0.000730963,0.000835273,0.000967728
2.53,100,0.010034197,0.005225677,0.002745516,0.001163224,7.61E-05,-0.000622594,-0.00117051,-0.001508531,-0.001781568,-0.002019589,-0.002186976,-0.002256664,-0.002347256,-0.002479187,-0.002531647,-0.002550637,-0.002614259,-0.002583513,-0.002591534,0.000743139,0.000851422,0.000878283,0.00087845,0.000849649,0.000823889,0.000761022,0.000761614,0.000698715,0.000665736,0.000663819,0.000706979,0.000689558,0.000706059,0.000790147,0.000816609,0.000936554,0.001112885,0.001219444
2.54,100,0.009950393,0.00522126,0.002721908,0.00119545,0.000214649,-0.000509238,-0.001031233,-0.001364173,-0.001667699,-0.001920872,-0.002136858,-0.00224991,-0.002338291,-0.002450711,-0.002578123,-0.002718491,-0.002748227,-0.002749453,-0.002763195,0.000768536,0.000860195,0.0008659,0.000773347,0.000746588,0.000713026,0.000617347,0.000681336,0.000578856,0.000594683,0.000579287,0.000589112,0.000654558,0.000680366,0.000726087,0.000701303,0.000868703,0.000968393,0.00105199
2.55,100,0.00981016,0.004929246,0.002479101,0.000924542,-7.74E-05,-0.000754032,-0.001172774,-0.001516163,-0.001828983,-0.00199944,-0.00208061,-0.002099921,-0.002194095,-0.002288671,-0.00234432,-0.002449552,-0.002443823,-0.002406531,-0.002470313,0.000696823,0.000726492,0.000747799,0.000709435,0.00073858,0.000764021,0.000737671,0.000702812,0.000674776,0.000658456,0.000600486,0.000601392,0.000600593,0.000634817,0.000674706,0.00073219,0.000911269,0.001016557,0.001187022
2.56,100,0.009588554,0.00471734,0.002280714,0.000808199,-0.000157683,-0.000807899,-0.001282866,-0.001625486,-0.001899797,-0.002032426,-0.002119766,-0.002181368,-0.002185358,-0.002261697,-0.002224405,-0.002173693,-0.002201713,-0.002225423,-0.002159036,0.000774119,0.000841988,0.000848287,0.00076561,0.00066492,0.000663942,0.000591359,0.000619201,0.000679239,0.000658073,0.000681673,0.000670749,0.000727699,0.000679899,0.00071307,0.000722156,0.000768369,0.000791535,0.000876151
2.57,100,0.009633737,0.004775549,0.002248361,0.000746582,-0.000254436,-0.000868586,-0.001267256,-0.001569628,-0.001719099,-0.00188188,-0.002003971,-0.002155181,-0.002184716,-0.002194804,-0.002195541,-0.00222341,-0.002282199,-0.002365525,-0.002323337,0.000628607,0.000712278,0.000716729,0.000780507,0.000778687,0.000798908,0.000776501,0.00071303,0.000648566,0.000614129,0.000642856,0.000694067,0.000712438,0.000692324,0.000695732,0.000691703,0.000799892,0.000971106,0.001057876
2.58,100,0.009678972,0.004768227,0.002254004,0.000824717,-0.000100611,-0.000809073,-0.001292606,-0.001614954,-0.001830331,-0.002001709,-0.002071261,-0.002143135,-0.002174898,-0.002159128,-0.002220586,-0.002247045,-0.002343848,-0.002313496,-0.002295587,0.000780637,0.000851844,0.000875934,0.00084894,0.000819837,0.000811309,0.000773897,0.000736948,0.000707674,0.000660696,0.00056436,0.00063286,0.000638191,0.000695907,0.000776078,0.000838206,0.000919872,0.00096549,0.001070587
2.59,100,0.009541867,0.00456853,0.002053665,0.000563225,-0.000351391,-0.000884235,-0.001331431,-0.001524459,-0.001715829,-0.001842271,-0.001908745,-0.002007456,-0.002118105,-0.002213995,-0.002226896,-0.002233786,-0.002260942,-0.002211054,-0.00217994,0.00075098,0.000828332,0.00079084,0.000820625,0.000760851,0.000715938,0.000721523,0.000712736,0.000617574,0.000654702,0.00059823,0.000597068,0.0005997,0.000672268,0.000719037,0.000829787,0.000907661,0.000953513,0.001026528
2.6,100,0.009360277,0.004430222,0.001941446,0.000515331,-0.000355334,-0.000920887,-0.001292089,-0.00155692,-0.001763154,-0.001880021,-0.001979019,-0.002032352,-0.002024604,-0.002052137,-0.002032168,-0.002130798,-0.002137265,-0.002197176,-0.002214547,0.00076494,0.000760124,0.000774234,0.000770709,0.000725929,0.000683974,0.000703657,0.000715754,0.00070673,0.000697284,0.000754722,0.000664331,0.000597758,0.000580742,0.00065391,0.000712575,0.00077839,0.000892262,0.001051727
2.61,100,0.009355987,0.004460267,0.001959416,0.000542445,-0.000389054,-0.000971113,-0.001370335,-0.001626137,-0.001758717,-0.001861465,-0.001955407,-0.002034069,-0.002078941,-0.002080079,-0.002092362,-0.002120887,-0.002114341,-0.002081401,-0.002119878,0.000767595,0.000865037,0.000846161,0.000751519,0.000752967,0.000768875,0.000675068,0.000690647,0.000689042,0.000677855,0.000692308,0.000641499,0.00060844,0.000698215,0.000744155,0.000762782,0.000839607,0.000843082,0.000880734
2.62,100,0.009330463,0.00439781,0.001931847,0.000632648,-0.000166374,-0.000782095,-0.001202496,-0.001487656,-0.001638185,-0.00183905,-0.002037696,-0.002123,-0.002168897,-0.002213657,-0.002250532,-0.002211398,-0.002195429,-0.002108241,-0.002110572,0.000693014,0.000825477,0.000877151,0.000841124,0.000782167,0.00073711,0.000667864,0.000620422,0.000634688,0.000647972,0.000653863,0.000696647,0.000692568,0.000689929,0.000653519,0.000703876,0.000785198,0.000937015,0.001017719
2.63,100,0.009340467,0.004431654,0.001929281,0.000489865,-0.000407547,-0.000913957,-0.001307715,-0.001603997,-0.001816288,-0.001926048,-0.001986593,-0.002065751,-0.002089693,-0.002083556,-0.002047891,-0.002043892,-0.002088331,-0.002093219,-0.002038747,0.000770644,0.000831356,0.000832262,0.000781157,0.000775208,0.000707756,0.000674119,0.000720458,0.000709535,0.000645498,0.000581328,0.000638154,0.000700543,0.000696597,0.000741057,0.000790466,0.000826052,0.000863299,0.00091862
2.64,100,0.009370874,0.00449138,0.002037804,0.000550231,-0.000322341,-0.000845402,-0.001238599,-0.001531235,-0.001672942,-0.001823206,-0.001903406,-0.002007957,-0.002133253,-0.002188197,-0.00227871,-0.002244359,-0.002290272,-0.002195545,-0.00213492,0.00077629,0.000810066,0.000773525,0.000768618,0.000726174,0.000673941,0.000635181,0.000623579,0.00066012,0.000652201,0.000680553,0.000635566,0.000697539,0.000736327,0.00069609,0.000760357,0.000802273,0.000867003,0.000986493
2.65,100,0.00913984,0.00420521,0.001741635,0.000341667,-0.000522019,-0.000993173,-0.001270384,-0.001494222,-0.001603782,-0.001719014,-0.001780272,-0.00183044,-0.00188665,-0.001992283,-0.002144198,-0.002160408,-0.002137051,-0.002129543,-0.002091121,0.000708878,0.000761755,0.000753083,0.000758589,0.000708529,0.000632397,0.000576706,0.000659405,0.000622026,0.000580791,0.000556875,0.000553735,0.000537464,0.000619961,0.000616547,0.000657269,0.000724055,0.000856081,0.001026547
2.66,100,0.009181743,0.004257528,0.001785155,0.000415908,-0.000415855,-0.000910927,-0.001281328,-0.001527481,-0.001680486,-0.001826592,-0.001925959,-0.001973555,-0.002032978,-0.002004597,-0.00195241,-0.002067049,-0.002080542,-0.002149476,-0.002138498,0.000680023,0.000769338,0.000729568,0.000722873,0.000674617,0.000613097,0.000599235,0.000628686,0.000647528,0.000640361,0.000616256,0.000640601,0.000697694,0.000626,0.000684512,0.000772394,0.000752332,0.000789416,0.000897352
2.67,100,0.009171041,0.004179329,0.001755792,0.000371657,-0.00036791,-0.00093759,-0.001244921,-0.001530258,-0.00164896,-0.001714168,-0.00179819,-0.001898471,-0.001971251,-0.002021259,-0.002044472,-0.002131098,-0.002170513,-0.002156483,-0.00216278,0.000690339,0.000769245,0.000766285,0.000801714,0.000742575,0.000708711,0.000704799,0.000629265,0.000526202,0.000534328,0.00056284,0.000581934,0.000600817,0.000663959,0.000707211,0.000743914,0.00077918,0.000850752,0.000910854
2.68,100,0.009222373,0.004241325,0.001781339,0.00038984,-0.000517733,-0.001025681,-0.001304848,-0.00157528,-0.001691723,-0.001806282,-0.001887548,-0.0019654,-0.002028277,-0.002023477,-0.002055632,-0.002063124,-0.00202673,-0.002041337,-0.002090672,0.000715178,0.000764627,0.000772002,0.00080517,0.000780112,0.00071259,0.000665506,0.000653424,0.000660449,0.000600518,0.000577037,0.000576966,0.000595625,0.000684999,0.000686086,0.000720932,0.000729548,0.000758186,0.000887652
2.69,100,0.009072694,0.004065586,0.001595462,0.000272008,-0.00053723,-0.001055972,-0.001337535,-0.001567968,-0.001729394,-0.001811918,-0.001838713,-0.001880379,-0.00193336,-0.001964995,-0.001976269,-0.00201739,-0.002035315,-0.00198606,-0.001922061,0.000628808,0.000733219,0.000687997,0.000670551,0.000644531,0.000652619,0.00065569,0.000594437,0.000629319,0.000608674,0.000588498,0.00064281,0.0006717,0.000686413,0.00062817,0.000599237,0.000654942,0.000729788,0.000896239
2.7,100,0.008985792,0.003926256,0.001549963,0.00021618,-0.000585815,-0.001125654,-0.001474661,-0.001685614,-0.001716279,-0.001812481,-0.001810277,-0.001896968,-0.001945438,-0.001999885,-0.001960205,-0.001876319,-0.001820197,-0.001800934,-0.001767529,0.000723354,0.000782447,0.00073329,0.000700643,0.000688302,0.000604858,0.000623264,0.000590564,0.000637904,0.000702136,0.000726243,0.000740387,0.000660548,0.000639214,0.000612853,0.000625856,0.000667498,0.000741815,0.000850224
2.71,100,0.008918255,0.003879968,0.001423979,0.000117897,-0.000631815,-0.001120052,-0.001401382,-0.001565805,-0.001636799,-0.001700196,-0.001751254,-0.001762752,-0.001836005,-0.001827512,-0.001900589,-0.001929026,-0.001855404,-0.001950581,-0.001958593,0.000593116,0.000702586,0.000732322,0.000702316,0.00066418,0.000602792,0.000614743,0.000576336,0.000544227,0.000562419,0.000517338,0.000557999,0.000561,0.000564896,0.000569553,0.000652278,0.000676334,0.000716503,0.000820646
2.72,100,0.008823895,0.003879086,0.001490599,0.000193764,-0.000631236,-0.001101749,-0.001374554,-0.001566092,-0.001665788,-0.001806581,-0.001794538,-0.001767326,-0.001812719,-0.00183981,-0.001882615,-0.001870099,-0.001917863,-0.001880956,-0.001887222,0.000684299,0.000675588,0.000655328,0.000665223,0.000619649,0.000566406,0.000611927,0.00065191,0.000635303,0.000578332,0.000608688,0.000597639,0.000580895,0.00057258,0.000623525,0.000705304,0.000717263,0.00070977,0.000857703
2.73,100,0.008920315,0.003860315,0.001391763,5.61E-05,-0.000723414,-0.001193959,-0.001414279,-0.00168476,-0.001739968,-0.001729832,-0.001723734,-0.001769319,-0.001770345,-0.001749527,-0.00180641,-0.00187766,-0.001904206,-0.001901345,-0.001891153,0.000562042,0.000680162,0.000677522,0.00065231,0.000644714,0.000645238,0.000672797,0.00063134,0.000598609,0.000612795,0.000589942,0.000571657,0.000581744,0.000589975,0.000601705,0.000625618,0.000690988,0.000743467,0.000770699
2.74,100,0.008749753,0.003631114,0.001297497,-1.01E-05,-0.000712463,-0.001173609,-0.001460628,-0.001640099,-0.001757471,-0.00171054,-0.001692567,-0.001693673,-0.001781173,-0.001775628,-0.001811702,-0.001850523,-0.001820571,-0.001773816,-0.00178106,0.000662728,0.000716561,0.000683866,0.000590775,0.00056842,0.000598056,0.00060218,0.000576853,0.000589475,0.000584149,0.000651874,0.000656446,0.00057129,0.000604551,0.000568441,0.000593343,0.000736432,0.000840588,0.000926608
2.75,100,0.008792185,0.003686294,0.001328157,1.90E-05,-0.000717765,-0.001154111,-0.001457348,-0.001596418,-0.001718446,-0.001801666,-0.001767604,-0.001754022,-0.001824559,-0.001864471,-0.001835353,-0.001800473,-0.001816979,-0.001803133,-0.001700825,0.000646138,0.000775078,0.000728958,0.000683272,0.000573835,0.00065492,0.000666303,0.000684643,0.00056401,0.000676352,0.000615535,0.000601261,0.000633121,0.000626376,0.000627802,0.000640518,0.000709448,0.000826598,0.000963612
2.76,100,0.008671701,0.003649592,0.001341848,0.000123819,-0.000559939,-0.00099796,-0.00119792,-0.001372936,-0.001467592,-0.001611846,-0.001655356,-0.001716622,-0.001765652,-0.001858585,-0.001960372,-0.001987174,-0.002044546,-0.002027847,-0.002057702,0.000612186,0.000744342,0.000722424,0.000725194,0.000723352,0.000715578,0.000635894,0.00060161,0.000537032,0.00051483,0.000533273,0.000577338,0.000602053,0.000611743,0.00062988,0.00066827,0.000768346,0.000856794,0.000908643
2.77,100,0.008552829,0.003547618,0.001074074,-8.88E-05,-0.000770036,-0.001147697,-0.001364451,-0.001492841,-0.001566992,-0.001590669,-0.001686791,-0.001649988,-0.001707865,-0.001758971,-0.001717577,-0.001804587,-0.001800613,-0.001821743,-0.001841102,0.000596749,0.000742815,0.000723502,0.000641847,0.000653609,0.000697587,0.000648754,0.000627801,0.000658226,0.000571572,0.000526767,0.000544625,0.000534669,0.000572848,0.000619374,0.000698011,0.000721038,0.000757272,0.000844946
2.78,100,0.008708452,0.003644475,0.001317108,7.70E-05,-0.000635705,-0.001056891,-0.001425665,-0.001693421,-0.001752372,-0.001714527,-0.001696666,-0.00172052,-0.001773485,-0.0018152,-0.001827323,-0.001858918,-0.001809703,-0.001796706,-0.001768845,0.000639195,0.000694556,0.000683929,0.000740568,0.000716387,0.000619193,0.00057571,0.000554332,0.000592232,0.00064942,0.00066821,0.000576181,0.000540122,0.00056802,0.000586173,0.000545665,0.000687054,0.000788148,0.000897991
2.79,100,0.00856727,0.003537172,0.001221767,-7.12E-06,-0.000670244,-0.001080437,-0.001399219,-0.001562745,-0.001632456,-0.001764403,-0.001784018,-0.0018499,-0.001788064,-0.001760989,-0.001724395,-0.001713481,-0.00173151,-0.001739082,-0.001780076,0.000624693,0.000781644,0.000712968,0.000722363,0.000679913,0.000628566,0.000580489,0.000613629,0.000609457,0.000680035,0.000601227,0.000566107,0.000588814,0.000573439,0.000610937,0.000642848,0.000647819,0.000732602,0.000795631
2.8,100,0.008556899,0.003469204,0.001094546,-0.000186192,-0.000856296,-0.001244117,-0.001464028,-0.001577963,-0.001669581,-0.001659212,-0.001678523,-0.001701087,-0.001727978,-0.001780647,-0.001804966,-0.001714317,-0.001638139,-0.001668395,-0.00159652,0.000531187,0.000619484,0.000652976,0.000706055,0.00066247,0.000643805,0.000546919,0.00056724,0.000530802,0.000533655,0.000551754,0.00051428,0.000501921,0.000540596,0.000571403,0.000598557,0.000631846,0.000683365,0.000807878
2.81,100,0.008642728,0.003558943,0.001214435,3.04E-05,-0.000634563,-0.001070669,-0.001337143,-0.001508914,-0.001666558,-0.001727359,-0.001859956,-0.001887191,-0.001861566,-0.001844707,-0.0018303,-0.00176615,-0.001770028,-0.001798192,-0.001694803,0.000583821,0.000682865,0.000708877,0.00069558,0.000655874,0.000645551,0.000648683,0.000646879,0.000617355,0.000600401,0.00051534,0.000574078,0.000506819,0.00053033,0.000572048,0.000579512,0.00063496,0.000753509,0.000863271
2.82,100,0.008591128,0.003503215,0.001107675,-0.000151156,-0.000805939,-0.001192173,-0.001350883,-0.001505955,-0.001582197,-0.001688592,-0.001699881,-0.001737679,-0.001670547,-0.001659088,-0.001668744,-0.00179033,-0.001771692,-0.001834048,-0.0017967,0.000589315,0.000662553,0.000651594,0.00066971,0.000687209,0.000636179,0.000658473,0.000600292,0.0005958,0.000596013,0.000582115,0.000543962,0.000535948,0.000565937,0.000567667,0.000619759,0.000755645,0.000807605,0.000791958
2.83,100,0.008436897,0.003410771,0.001188324,7.30E-05,-0.000636267,-0.001099015,-0.001373807,-0.001475113,-0.001603511,-0.001667918,-0.001659697,-0.001678976,-0.001726355,-0.001735498,-0.001763831,-0.00181621,-0.001857188,-0.001864303,-0.001881755,0.000637755,0.000721741,0.000704124,0.00059806,0.000555417,0.000540857,0.000533445,0.000540001,0.000629953,0.000595199,0.000630677,0.000516781,0.000562137,0.000591723,0.000593801,0.000666646,0.000702509,0.00079077,0.000848596
2.84,100,0.008307162,0.003246669,0.000965135,-0.000207141,-0.000837878,-0.001193703,-0.001429905,-0.00154779,-0.001619977,-0.001661003,-0.001735803,-0.001733455,-0.001723423,-0.001678327,-0.001681444,-0.001633022,-0.001642477,-0.001557589,-0.001589376,0.00065248,0.00065604,0.000709495,0.000682965,0.000605409,0.000579292,0.000630833,0.000595346,0.00053589,0.000514015,0.000576803,0.000527366,0.000528998,0.000511676,0.000579007,0.000609059,0.00060226,0.000675134,0.00079202
2.85,100,0.008239701,0.00308294,0.00080179,-0.000271951,-0.000847673,-0.001197793,-0.001414395,-0.001513241,-0.001549708,-0.001516206,-0.001572264,-0.001650982,-0.001676895,-0.001665045,-0.001665349,-0.001600116,-0.001587167,-0.001639035,-0.001624748,0.000605796,0.000689113,0.000720283,0.000676182,0.000605116,0.000612353,0.000541372,0.000585363,0.000600924,0.000529537,0.000520082,0.000530813,0.000551138,0.00056442,0.000608783,0.000583898,0.000634601,0.000648817,0.000720001
2.86,100,0.008438896,0.003338819,0.001122243,-4.74E-05,-0.000738157,-0.001228461,-0.001407804,-0.001513229,-0.001545352,-0.001577364,-0.001583646,-0.001609295,-0.001670457,-0.001786402,-0.00184617,-0.001864735,-0.001895809,-0.001807996,-0.001657788,0.000594119,0.000623655,0.000637498,0.000647359,0.00057119,0.000586057,0.000667877,0.000641723,0.000588938,0.000532472,0.00053423,0.000580662,0.000581906,0.000615184,0.000609247,0.000597304,0.000525572,0.000607198,0.00081035
2.87,100,0.008232997,0.003150659,0.000909247,-0.000263494,-0.000926419,-0.001250922,-0.001393117,-0.001617668,-0.001673237,-0.001666587,-0.001733253,-0.00170903,-0.001694912,-0.001669023,-0.001507661,-0.001461867,-0.001505449,-0.001544127,-0.001537484,0.000607655,0.000699408,0.000684496,0.0006651,0.000575358,0.000616393,0.000653838,0.000602248,0.000616156,0.000593043,0.000572545,0.00056023,0.000566677,0.000510765,0.000503522,0.000557674,0.000538301,0.000549149,0.000686386
2.88,100,0.008191215,0.003087396,0.000897152,-0.000256959,-0.000873129,-0.00123159,-0.001356333,-0.001466165,-0.001466342,-0.001516911,-0.0016155,-0.001695252,-0.001737254,-0.001628569,-0.001611822,-0.001656237,-0.001624418,-0.001645011,-0.001624851,0.000583552,0.000627395,0.00062138,0.000550791,0.000560935,0.000620054,0.000532469,0.000507999,0.00050516,0.000520122,0.000535727,0.000613835,0.000625036,0.000559459,0.000586035,0.000603721,0.000654842,0.000700064,0.000749238
2.89,100,0.00827229,0.003121514,0.000844932,-0.000254531,-0.000869291,-0.001155565,-0.001338986,-0.001432976,-0.001515196,-0.001587223,-0.00152127,-0.00152409,-0.001553065,-0.00162482,-0.001638185,-0.001667688,-0.001756205,-0.00181058,-0.001820276,0.000477441,0.000662133,0.000678485,0.000661166,0.000586515,0.000669383,0.000620768,0.000620149,0.00060167,0.000612346,0.000599318,0.000559961,0.000574052,0.000593682,0.00058569,0.000663441,0.000673977,0.000691034,0.000784574
2.9,100,0.00801022,0.002939748,0.000776652,-0.000285671,-0.000884517,-0.001236529,-0.001428027,-0.001550903,-0.001692658,-0.00170148,-0.001685359,-0.001610752,-0.001567098,-0.001558195,-0.001556665,-0.00161511,-0.001540399,-0.001454622,-0.001392731,0.000565209,0.000637642,0.000658122,0.00064732,0.000607567,0.000636767,0.000655569,0.000631027,0.000577116,0.000562866,0.000497866,0.000529215,0.000530262,0.000572966,0.000599812,0.000565692,0.000587385,0.00067998,0.000736238
2.91,100,0.008023716,0.002976715,0.000802217,-0.000170859,-0.000814377,-0.001089185,-0.001265755,-0.001449593,-0.001601405,-0.001623752,-0.001616124,-0.001542575,-0.00170098,-0.001681949,-0.001661421,-0.001620948,-0.0015609,-0.001630226,-0.001624601,0.00059521,0.000658626,0.000601495,0.000583948,0.000547954,0.000518532,0.000530018,0.000631544,0.000607702,0.000518265,0.000554597,0.000517013,0.000574466,0.000593119,0.000487657,0.000491795,0.000555094,0.000680727,0.000829788
2.92,100,0.008064079,0.002904704,0.000707008,-0.000412294,-0.000954057,-0.001214362,-0.001360813,-0.001465444,-0.001568786,-0.001563649,-0.001562415,-0.001517928,-0.001543465,-0.001570251,-0.001587671,-0.001587207,-0.001549626,-0.001512623,-0.001602719,0.000564274,0.000567437,0.000622759,0.000592477,0.000482809,0.000522672,0.000548055,0.000542106,0.000518063,0.00053499,0.000537754,0.000487852,0.000540186,0.000548528,0.000579746,0.000603671,0.000589714,0.000583866,0.000752029
2.93,100,0.007976682,0.002921379,0.000690295,-0.000372991,-0.000929705,-0.001250186,-0.001373191,-0.001501636,-0.001500851,-0.001478695,-0.001534505,-0.001556212,-0.001606829,-0.001550082,-0.001557029,-0.001483079,-0.001421588,-0.00158291,-0.0016338,0.000545032,0.000609122,0.000627421,0.000650171,0.000568723,0.000581466,0.000563211,0.000576992,0.000556724,0.000619585,0.000598897,0.000512623,0.000465963,0.000576235,0.000589934,0.000626785,0.000592337,0.00058697,0.000709978
2.94,100,0.007959913,0.002928558,0.000718306,-0.000348104,-0.000809594,-0.001143456,-0.001354899,-0.001461958,-0.001512471,-0.001525869,-0.001535756,-0.00147639,-0.001573769,-0.001580211,-0.001571726,-0.001581061,-0.001649322,-0.00163469,-0.001669121,0.000599185,0.000625509,0.000607352,0.000642311,0.000639642,0.000651803,0.00054012,0.000574806,0.000587671,0.000562429,0.000595086,0.000561557,0.000607207,0.000629288,0.000622889,0.000671687,0.00065384,0.000735458,0.000873269
2.95,100,0.007930807,0.002916144,0.000769227,-0.000264612,-0.000907529,-0.001178866,-0.001377809,-0.00148486,-0.001560909,-0.001596527,-0.00160611,-0.001582216,-0.00161857,-0.001635389,-0.001599996,-0.001541102,-0.001513314,-0.001567633,-0.001551126,0.000580914,0.000632481,0.000644311,0.000649277,0.000680629,0.000661967,0.000674693,0.000560834,0.000607192,0.000571324,0.000581508,0.000566184,0.000604947,0.000603807,0.000559891,0.000542818,0.00060782,0.000648382,0.000843444
2.96,100,0.007888275,0.002796792,0.000613904,-0.000434702,-0.000970463,-0.001215992,-0.001416063,-0.001476408,-0.001509982,-0.001534581,-0.001477939,-0.001514349,-0.00146362,-0.001503668,-0.001525679,-0.001543732,-0.001600951,-0.001570431,-0.001559637,0.000605,0.000685065,0.00063867,0.000661946,0.000673356,0.000599831,0.000621562,0.000591122,0.000592162,0.000590999,0.000587148,0.000625664,0.00056886,0.000562864,0.000652534,0.000626171,0.00063119,0.000671043,0.000766306
2.97,100,0.007886418,0.002729751,0.000606262,-0.000314155,-0.000950597,-0.001228666,-0.001371222,-0.00138139,-0.00141139,-0.001477456,-0.001545325,-0.001559844,-0.001573898,-0.001517537,-0.001542352,-0.00150256,-0.00152228,-0.001606326,-0.001647735,0.000664815,0.000731326,0.000694638,0.00060329,0.000596488,0.00053446,0.000529156,0.000567272,0.000543295,0.000566206,0.000607191,0.000511451,0.000538448,0.000537082,0.000548506,0.000560169,0.000578357,0.000654133,0.000786071
2.98,100,0.007790949,0.002734666,0.000597299,-0.000400369,-0.000992292,-0.001295593,-0.001388606,-0.001415073,-0.001475601,-0.001532332,-0.001554968,-0.001479143,-0.001431812,-0.001472941,-0.001534928,-0.001570938,-0.001541963,-0.001526098,-0.001521707,0.000602026,0.000636342,0.000575824,0.000569367,0.000631241,0.000571327,0.000552453,0.000542856,0.000548747,0.000557455,0.000558081,0.000566311,0.000541669,0.000523418,0.00049578,0.000473652,0.000476017,0.000638038,0.00071838
2.99,100,0.00773769,0.00267595,0.000490194,-0.000510711,-0.001040255,-0.001224693,-0.001382185,-0.00138019,-0.001387009,-0.001456016,-0.00147015,-0.001511184,-0.001571063,-0.001574742,-0.001537306,-0.001446416,-0.001419253,-0.001483796,-0.001535431,0.000599202,0.000672173,0.000646186,0.000643686,0.000568879,0.000555255,0.000559344,0.000536798,0.000544133,0.000533068,0.000516813,0.000537885,0.000572375,0.000530425,0.000531596,0.000542122,0.000549219,0.000671995,0.000816771
3,100,0.007688355,0.002621878,0.00050815,-0.000494366,-0.000923429,-0.001200584,-0.001366162,-0.001499952,-0.001422828,-0.001465312,-0.001474815,-0.001544255,-0.001515529,-0.00153903,-0.00154072,-0.00152673,-0.001496907,-0.001403397,-0.001433509,0.000512883,0.000607847,0.000567661,0.000606129,0.000589016,0.000551259,0.000502636,0.00057842,0.000565272,0.000557966,0.000513331,0.000575673,0.000529745,0.000564151,0.000567126,0.000650013,0.000590216,0.000537592,0.000687076
