-0.0026,-1.24,0.24
-0.00259,-1.28,0.24
-0.00258,-1.28,0.24
-0.00257,-1.28,0.2
-0.00256,-1.28,0.2
-0.00255,-1.28,0.2
-0.00254,-1.28,0.2
-0.00253,-1.28,0.2
-0.00252,-1.28,0.24
-0.00251,-1.28,0.2
-0.0025,-1.28,0.2
-0.00249,-1.28,0.2
-0.00248,-1.28,0.2
-0.00247,-1.28,0.24
-0.00246,-1.32,0.24
-0.00245,-1.28,0.24
-0.00244,-1.28,0.24
-0.00243,-1.28,0.24
-0.00242,-1.28,0.24
-0.00241,-1.24,0.24
-0.0024,-1.24,0.24
-0.00239,-1.24,0.2
-0.00238,-1.24,0.2
-0.00237,-1.24,0.2
-0.00236,-1.28,0.2
-0.00235,-1.28,0.2
-0.00234,-1.32,0.24
-0.00233,-1.32,0.24
-0.00232,-1.28,0.24
-0.00231,-1.28,0.24
-0.0023,-1.24,0.24
-0.00229,-1.24,0.24
-0.00228,-1.24,0.2
-0.00227,-1.28,0.2
-0.00226,-1.28,0.2
-0.00225,-1.28,0.2
-0.00224,-1.28,0.2
-0.00223,-1.28,0.24
-0.00222,-1.24,0.24
-0.00221,-1.28,0.2
-0.0022,-1.32,0.2
-0.00219,-1.32,0.2
-0.00218,-1.32,0.2
-0.00217,-1.32,0.2
-0.00216,-1.32,0.2
-0.00215,-1.32,0.2
-0.00214,-1.32,0.2
-0.00213,-1.28,0.2
-0.00212,-1.28,0.24
-0.00211,-1.28,0.24
-0.0021,-1.24,0.24
-0.00209,-1.24,0.24
-0.00208,-1.24,0.24
-0.00207,-1.24,0.24
-0.00206,-1.24,0.24
-0.00205,-1.24,0.24
-0.00204,-1.28,0.24
-0.00203,-1.28,0.24
-0.00202,-1.28,0.24
-0.00201,-1.28,0.2
-0.002,-1.28,0.24
-0.00199,-1.28,0.24
-0.00198,-1.28,0.24
-0.00197,-1.28,0.24
-0.00196,-1.28,0.24
-0.00195,-1.24,0.24
-0.00194,-1.24,0.2
-0.00193,-1.28,0.2
-0.00192,-1.32,0.2
-0.00191,-1.32,0.2
-0.0019,-1.32,0.24
-0.00189,-1.32,0.2
-0.00188,-1.28,0.24
-0.00187,-1.28,0.24
-0.00186,-1.28,0.24
-0.00185,-1.28,0.24
-0.00184,-1.32,0.24
-0.00183,-1.28,0.28
-0.00182,-1.28,0.24
-0.00181,-1.24,0.24
-0.0018,-1.24,0.24
-0.00179,-1.28,0.24
-0.00178,-1.28,0.24
-0.00177,-1.32,0.24
-0.00176,-1.24,0.28
-0.00175,-1.28,0.28
-0.00174,-1.24,0.28
-0.00173,-1.24,0.28
-0.00172,-1.24,0.28
-0.00171,-1.24,0.28
-0.0017,-1.28,0.24
-0.00169,-1.28,0.24
-0.00168,-1.32,0.28
-0.00167,-1.32,0.24
-0.00166,-1.32,0.24
-0.00165,-1.28,0.24
-0.00164,-1.28,0.24
-0.00163,-1.24,0.24
-0.00162,-1.24,0.28
-0.00161,-1.24,0.28
-0.0016,-1.2,0.28
-0.00159,-1.24,0.28
-0.00158,-1.24,0.28
-0.00157,-1.24,0.28
-0.00156,-1.28,0.28
-0.00155,-1.28,0.28
-0.00154,-1.24,0.24
-0.00153,-1.28,0.24
-0.00152,-1.24,0.2
-0.00151,-1.24,0.2
-0.0015,-1.24,0.24
-0.00149,-1.24,0.24
-0.00148,-1.28,0.24
-0.00147,-1.24,0.24
-0.00146,-1.24,0.28
-0.00145,-1.24,0.28
-0.00144,-1.24,0.24
-0.00143,-1.24,0.28
-0.00142,-1.24,0.24
-0.00141,-1.24,0.28
-0.0014,-1.24,0.24
-0.00139,-1.24,0.28
-0.00138,-1.24,0.28
-0.00137,-1.28,0.24
-0.00136,-1.24,0.28
-0.00135,-1.28,0.24
-0.00134,-1.28,0.24
-0.00133,-1.24,0.24
-0.00132,-1.28,0.24
-0.00131,-1.28,0.24
-0.0013,-1.24,0.24
-0.00129,-1.28,0.24
-0.00128,-1.28,0.24
-0.00127,-1.28,0.2
-0.00126,-1.32,0.2
-0.00125,-1.24,0.24
-0.00124,-1.28,0.24
-0.00123,-1.24,0.24
-0.00122,-1.24,0.28
-0.00121,-1.28,0.28
-0.0012,-1.24,0.28
-0.00119,-1.24,0.28
-0.00118,-1.24,0.24
-0.00117,-1.28,0.24
-0.00116,-1.24,0.24
-0.00115,-1.24,0.28
-0.00114,-1.24,0.28
-0.00113,-1.24,0.28
-0.00112,-1.24,0.24
-0.00111,-1.24,0.24
-0.0011,-1.24,0.24
-0.00109,-1.24,0.24
-0.00108,-1.24,0.24
-0.00107,-1.24,0.24
-0.00106,-1.28,0.24
-0.00105,-1.28,0.24
-0.00104,-1.28,0.2
-0.00103,-1.32,0.24
-0.00102,-1.32,0.24
-0.00101,-1.32,0.24
-0.001,-1.32,0.24
-0.00099,-1.28,0.2
-0.00098,-1.28,0.24
-0.00097,-1.32,0.24
-0.00096,-1.28,0.24
-0.00095,-1.24,0.24
-0.00094,-1.24,0.24
-0.00093,-1.28,0.24
-0.00092,-1.28,0.24
-0.00091,-1.32,0.24
-0.0009,-1.28,0.24
-0.00089,-1.28,0.24
-0.00088,-1.28,0.24
-0.00087,-1.28,0.24
-0.00086,-1.28,0.24
-0.00085,-1.28,0.24
-0.00084,-1.28,0.24
-0.00083,-1.28,0.24
-0.00082,-1.28,0.24
-0.00081,-1.28,0.2
-0.0008,-1.28,0.2
-0.00079,-1.32,0.2
-0.00078,-1.28,0.24
-0.00077,-1.28,0.2
-0.00076,-1.28,0.24
-0.00075,-1.28,0.2
-0.00074,-1.28,0.2
-0.00073,-1.24,0.2
-0.00072,-1.28,0.24
-0.00071,-1.28,0.24
-0.0007,-1.28,0.24
-0.00069,-1.24,0.24
-0.00068,-1.24,0.24
-0.00067,-1.28,0.28
-0.00066,-1.28,0.28
-0.00065,-1.28,0.28
-0.00064,-1.28,0.28
-0.00063,-1.28,0.24
-0.00062,-1.24,0.24
-0.00061,-1.24,0.24
-0.0006,-1.24,0.2
-0.00059,-1.24,0.2
-0.00058,-1.24,0.24
-0.00057,-1.24,0.24
-0.00056,-1.24,0.24
-0.00055,-1.24,0.2
-0.00054,-1.28,0.2
-0.00053,-1.28,0.2
-0.00052,-1.28,0.24
-0.00051,-1.32,0.24
-0.0005,-1.28,0.24
-0.00049,-1.28,0.24
-0.00048,-1.24,0.2
-0.00047,-1.28,0.2
-0.00046,-1.32,0.2
-0.00045,-1.28,0.2
-0.00044,-1.28,0.24
-0.00043,-1.28,0.24
-0.00042,-1.28,0.2
-0.00041,-1.24,0.24
-0.0004,-1.24,0.2
-0.00039,-1.28,0.24
-0.00038,-1.24,0.24
-0.00037,-1.28,0.24
-0.00036,-1.28,0.2
-0.00035,-1.28,0.24
-0.00034,-1.28,0.24
-0.00033,-1.28,0.2
-0.00032,-1.28,0.24
-0.00031,-1.28,0.24
-0.0003,-1.28,0.24
-0.00029,-1.32,0.24
-0.00028,-1.32,0.28
-0.00027,-1.28,0.24
-0.00026,-1.28,0.24
-0.00025,-1.32,0.24
-0.00024,-1.32,0.28
-0.00023,-1.28,0.24
-0.00022,-1.28,0.24
-0.00021,-1.28,0.28
-0.0002,-1.28,0.28
-0.00019,-1.24,0.28
-0.00018,-1.24,0.32
-0.00017,-1.24,0.28
-0.00016,-1.24,0.24
-0.00015,-1.24,0.28
-0.00014,-1.24,0.24
-0.00013,-1.24,0.24
-0.00012,-1.28,0.24
-0.00011,-1.28,0.24
-0.0001,-1.28,0.24
-9e-005,-1.24,0.24
-8e-005,-1.24,0.24
-7e-005,-1.28,0.24
-6e-005,-1.28,0.24
-5e-005,-6,7.36
-4e-005,-6,7.32
-3e-005,-6,7.32
-2e-005,-6,7.32
-1e-005,-6,7.32
4.3368e-019,-6,7.32
1e-005,-6,7.32
2e-005,-6,7.32
3e-005,-6,7.32
4e-005,-6,7.32
5e-005,-6,7.32
6e-005,-6,7.32
7e-005,-6,7.32
8e-005,-6,7.32
9e-005,-6,7.32
0.0001,-6,7.32
0.00011,-6,7.32
0.00012,-6,7.32
0.00013,-6,5.04
0.00014,-6,2.6
0.00015,-6,1.08
0.00016,-5.72,0.12
0.00017,-4.76,-0.44
0.00018,-4.16,-0.76
0.00019,-3.84,-0.96
0.0002,-3.64,-1.08
0.00021,-3.56,-1.08
0.00022,-3.52,-1.12
0.00023,-3.48,-1.08
0.00024,-3.52,-1
0.00025,-3.52,-0.92
0.00026,-3.52,-0.84
0.00027,-3.56,-0.76
0.00028,-3.6,-0.64
0.00029,-3.64,-0.52
0.0003,-3.64,-0.4
0.00031,-3.72,-0.24
0.00032,-3.72,-0.12
0.00033,-3.72,0.04
0.00034,-3.72,0.16
0.00035,-3.72,0.28
0.00036,-3.68,0.36
0.00037,-3.64,0.48
0.00038,-3.6,0.6
0.00039,-3.56,0.76
0.0004,-3.48,0.88
0.00041,-3.44,1
0.00042,-3.36,1.12
0.00043,-3.28,1.24
0.00044,-3.2,1.36
0.00045,-3.12,1.48
0.00046,-3.04,1.52
0.00047,-2.96,1.6
0.00048,-2.88,1.68
0.00049,-2.76,1.76
0.0005,-2.72,1.88
0.00051,-2.56,1.92
0.00052,-2.48,1.96
0.00053,-2.4,2.04
0.00054,-2.24,2.08
0.00055,-2.12,2.12
0.00056,-2,2.16
0.00057,-1.88,2.2
0.00058,-1.76,2.24
0.00059,-1.64,2.2
0.0006,-1.52,2.2
0.00061,-1.4,2.16
0.00062,-1.28,2.12
0.00063,-1.16,2.12
0.00064,-1.08,2.12
0.00065,-0.96,2.08
0.00066,-0.92,2.04
0.00067,-0.8,2
0.00068,-0.72,1.96
0.00069,-0.64,1.88
0.0007,-0.52,1.84
0.00071,-0.44,1.76
0.00072,-0.4,1.64
0.00073,-0.32,1.56
0.00074,-0.28,1.56
0.00075,-0.24,1.44
0.00076,-0.2,1.36
0.00077,-0.12,1.24
0.00078,-0.08,1.16
0.00079,-0.08,1.08
0.0008,-0.08,1
0.00081,-0.04,0.92
0.00082,0,0.84
0.00083,0,0.76
0.00084,0,0.68
0.00085,0,0.56
0.00086,0,0.44
0.00087,0,0.36
0.00088,0,0.28
0.00089,-0.04,0.2
0.0009,-0.08,0.16
0.00091,-0.16,0.12
0.00092,-0.2,0.04
0.00093,-0.24,-0.04
0.00094,-0.24,-0.12
0.00095,-0.32,-0.16
0.00096,-0.32,-0.2
0.00097,-0.36,-0.24
0.00098,-0.4,-0.28
0.00099,-0.48,-0.32
0.001,-0.52,-0.44
0.00101,-0.56,-0.48
0.00102,-0.64,-0.52
0.00103,-0.68,-0.56
0.00104,-0.72,-0.6
0.00105,-0.8,-0.64
0.00106,-0.8,-0.68
0.00107,-0.88,-0.68
0.00108,-0.96,-0.68
0.00109,-1.04,-0.68
0.0011,-1.12,-0.68
0.00111,-1.2,-0.68
0.00112,-1.24,-0.68
0.00113,-1.32,-0.68
0.00114,-1.32,-0.68
0.00115,-1.4,-0.64
0.00116,-1.44,-0.64
0.00117,-1.48,-0.6
0.00118,-1.52,-0.6
0.00119,-1.56,-0.56
0.0012,-1.6,-0.52
0.00121,-1.64,-0.44
0.00122,-1.68,-0.44
0.00123,-1.72,-0.44
0.00124,-1.76,-0.4
0.00125,-1.8,-0.36
0.00126,-1.84,-0.32
0.00127,-1.88,-0.28
0.00128,-1.88,-0.24
0.00129,-1.92,-0.24
0.0013,-1.96,-0.2
0.00131,-1.96,-0.16
0.00132,-1.96,-0.12
0.00133,-1.96,-0.08
0.00134,-2,-0.04
0.00135,-2,-0.04
0.00136,-1.96,0.04
0.00137,-2,0.04
0.00138,-1.96,0.08
0.00139,-1.96,0.16
0.0014,-1.96,0.2
0.00141,-1.96,0.2
0.00142,-1.96,0.24
0.00143,-1.96,0.24
0.00144,-1.96,0.32
0.00145,-1.92,0.32
0.00146,-1.88,0.36
0.00147,-1.88,0.4
0.00148,-1.88,0.4
0.00149,-1.88,0.44
0.0015,-1.84,0.48
0.00151,-1.8,0.52
0.00152,-1.8,0.56
0.00153,-1.76,0.56
0.00154,-1.76,0.6
0.00155,-1.72,0.6
0.00156,-1.68,0.64
0.00157,-1.68,0.64
0.00158,-1.64,0.68
0.00159,-1.6,0.68
0.0016,-1.64,0.68
0.00161,-1.6,0.68
0.00162,-1.56,0.72
0.00163,-1.56,0.72
0.00164,-1.52,0.72
0.00165,-1.48,0.72
0.00166,-1.44,0.76
0.00167,-1.44,0.76
0.00168,-1.44,0.76
0.00169,-1.4,0.76
0.0017,-1.36,0.76
0.00171,-1.36,0.76
0.00172,-1.32,0.76
0.00173,-1.28,0.72
0.00174,-1.24,0.72
0.00175,-1.24,0.68
0.00176,-1.24,0.68
0.00177,-1.24,0.68
0.00178,-1.2,0.68
0.00179,-1.12,0.68
0.0018,-1.16,0.68
0.00181,-1.08,0.64
0.00182,-1.08,0.6
0.00183,-1.08,0.56
0.00184,-1.04,0.56
0.00185,-1,0.56
0.00186,-1.04,0.52
0.00187,-1,0.48
0.00188,-1,0.52
0.00189,-0.96,0.48
0.0019,-0.96,0.48
0.00191,-0.96,0.44
0.00192,-0.96,0.48
0.00193,-1,0.44
0.00194,-0.96,0.44
0.00195,-1,0.4
0.00196,-0.96,0.4
0.00197,-0.96,0.36
0.00198,-0.96,0.32
0.00199,-0.92,0.32
0.002,-0.96,0.24
0.00201,-0.92,0.24
0.00202,-0.96,0.24
0.00203,-1,0.24
0.00204,-1,0.24
0.00205,-1,0.2
0.00206,-1,0.2
0.00207,-1,0.16
0.00208,-1,0.12
0.00209,-1,0.12
0.0021,-1,0.08
0.00211,-1,0.04
0.00212,-1,0.04
0.00213,-1.04,0
0.00214,-1.08,0
0.00215,-1.12,0
0.00216,-1.12,0
0.00217,-1.16,0
0.00218,-1.16,0
0.00219,-1.16,0.04
0.0022,-1.2,0.04
0.00221,-1.2,0.04
0.00222,-1.2,0
0.00223,-1.2,0
0.00224,-1.2,0
0.00225,-1.24,0
0.00226,-1.24,-0.04
0.00227,-1.28,0
0.00228,-1.28,0
0.00229,-1.28,0
0.0023,-1.32,0
0.00231,-1.32,0.04
0.00232,-1.32,0.04
0.00233,-1.4,0.04
0.00234,-1.4,0.04
0.00235,-1.4,0.08
0.00236,-1.44,0.04
0.00237,-1.44,0.04
0.00238,-1.44,0.04
0.00239,-1.44,0.04
0.0024,-1.48,0.08
0.00241,-1.44,0.12
0.00242,-1.4,0.12
0.00243,-1.44,0.16
0.00244,-1.44,0.16
0.00245,-1.44,0.2
0.00246,-1.48,0.2
0.00247,-1.44,0.2
0.00248,-1.44,0.24
0.00249,-1.44,0.24
0.0025,-1.48,0.24
0.00251,-1.52,0.2
0.00252,-1.52,0.24
0.00253,-1.48,0.24
0.00254,-1.48,0.24
0.00255,-1.48,0.28
0.00256,-1.48,0.24
0.00257,-1.48,0.24
0.00258,-1.44,0.28
0.00259,-1.44,0.28
0.0026,-1.48,0.32
0.00261,-1.44,0.32
0.00262,-1.4,0.32
0.00263,-1.4,0.36
0.00264,-1.44,0.36
0.00265,-1.44,0.36
0.00266,-1.4,0.36
0.00267,-1.4,0.4
0.00268,-1.4,0.4
0.00269,-1.4,0.4
0.0027,-1.36,0.4
0.00271,-1.36,0.4
0.00272,-1.36,0.36
0.00273,-1.36,0.36
0.00274,-1.32,0.36
0.00275,-1.32,0.32
0.00276,-1.36,0.32
0.00277,-1.32,0.36
0.00278,-1.36,0.36
0.00279,-1.32,0.36
0.0028,-1.32,0.36
0.00281,-1.28,0.36
0.00282,-1.28,0.36
0.00283,-1.28,0.4
0.00284,-1.28,0.4
0.00285,-1.24,0.36
0.00286,-1.24,0.36
0.00287,-1.24,0.36
0.00288,-1.24,0.36
0.00289,-1.24,0.36
0.0029,-1.24,0.36
0.00291,-1.24,0.36
0.00292,-1.24,0.36
0.00293,-1.24,0.32
0.00294,-1.2,0.32
0.00295,-1.2,0.36
0.00296,-1.2,0.36
0.00297,-1.2,0.32
0.00298,-1.2,0.32
0.00299,-1.2,0.32
0.003,-1.2,0.32
0.00301,-1.2,0.32
0.00302,-1.2,0.32
0.00303,-1.2,0.32
0.00304,-1.2,0.32
0.00305,-1.24,0.32
0.00306,-1.2,0.32
0.00307,-1.2,0.32
0.00308,-1.2,0.28
0.00309,-1.2,0.28
0.0031,-1.2,0.32
0.00311,-1.2,0.32
0.00312,-1.2,0.28
0.00313,-1.2,0.24
0.00314,-1.2,0.24
0.00315,-1.16,0.24
0.00316,-1.2,0.24
0.00317,-1.2,0.24
0.00318,-1.2,0.2
0.00319,-1.2,0.2
0.0032,-1.2,0.2
0.00321,-1.2,0.2
0.00322,-1.2,0.2
0.00323,-1.2,0.2
0.00324,-1.2,0.2
0.00325,-1.24,0.16
0.00326,-1.24,0.2
0.00327,-1.24,0.2
0.00328,-1.24,0.2
0.00329,-1.24,0.2
0.0033,-1.24,0.2
0.00331,-1.28,0.16
0.00332,-1.28,0.2
0.00333,-1.32,0.2
0.00334,-1.32,0.2
0.00335,-1.32,0.2
0.00336,-1.32,0.16
0.00337,-1.32,0.16
0.00338,-1.32,0.16
0.00339,-1.32,0.16
0.0034,-1.32,0.2
0.00341,-1.32,0.16
0.00342,-1.32,0.16
0.00343,-1.32,0.16
0.00344,-1.32,0.2
0.00345,-1.32,0.2
0.00346,-1.32,0.2
0.00347,-1.32,0.2
0.00348,-1.32,0.2
0.00349,-1.36,0.2
0.0035,-1.32,0.16
0.00351,-1.32,0.2
0.00352,-1.32,0.2
0.00353,-1.36,0.2
0.00354,-1.36,0.24
0.00355,-1.36,0.24
0.00356,-1.36,0.24
0.00357,-1.36,0.24
0.00358,-1.4,0.24
0.00359,-1.4,0.24
0.0036,-1.4,0.24
0.00361,-1.4,0.28
0.00362,-1.4,0.24
0.00363,-1.4,0.24
0.00364,-1.36,0.24
0.00365,-1.36,0.2
0.00366,-1.36,0.24
0.00367,-1.36,0.24
0.00368,-1.36,0.24
0.00369,-1.36,0.24
0.0037,-1.36,0.24
0.00371,-1.36,0.24
0.00372,-1.36,0.28
0.00373,-1.32,0.28
0.00374,-1.32,0.32
0.00375,-1.32,0.32
0.00376,-1.32,0.36
0.00377,-1.32,0.36
0.00378,-1.32,0.36
0.00379,-1.32,0.36
0.0038,-1.32,0.36
0.00381,-1.32,0.36
0.00382,-1.36,0.36
0.00383,-1.36,0.36
0.00384,-1.36,0.36
0.00385,-1.36,0.36
0.00386,-1.32,0.36
0.00387,-1.28,0.32
0.00388,-1.24,0.36
0.00389,-1.24,0.36
0.0039,-1.28,0.4
0.00391,-1.24,0.4
0.00392,-1.24,0.36
0.00393,-1.24,0.36
0.00394,-1.24,0.32
0.00395,-1.24,0.32
0.00396,-1.24,0.32
0.00397,-1.24,0.28
0.00398,-1.28,0.28
0.00399,-1.24,0.32
0.004,-1.28,0.28
0.00401,-1.24,0.28
0.00402,-1.24,0.32
0.00403,-1.24,0.32
0.00404,-1.24,0.32
0.00405,-1.24,0.32
0.00406,-1.24,0.32
0.00407,-1.24,0.32
0.00408,-1.24,0.32
0.00409,-1.24,0.32
0.0041,-1.24,0.32
0.00411,-1.2,0.32
0.00412,-1.2,0.32
0.00413,-1.16,0.28
0.00414,-1.16,0.28
0.00415,-1.2,0.28
0.00416,-1.2,0.28
0.00417,-1.2,0.24
0.00418,-1.24,0.24
0.00419,-1.24,0.24
0.0042,-1.2,0.24
0.00421,-1.2,0.24
0.00422,-1.2,0.24
0.00423,-1.24,0.24
0.00424,-1.24,0.24
0.00425,-1.24,0.2
0.00426,-1.24,0.2
0.00427,-1.24,0.2
0.00428,-1.24,0.2
0.00429,-1.28,0.2
0.0043,-1.24,0.2
0.00431,-1.24,0.2
0.00432,-1.28,0.2
0.00433,-1.24,0.2
0.00434,-1.24,0.24
0.00435,-1.24,0.24
0.00436,-1.24,0.24
0.00437,-1.24,0.24
0.00438,-1.28,0.24
0.00439,-1.24,0.24
0.0044,-1.24,0.24
0.00441,-1.2,0.24
0.00442,-1.2,0.24
0.00443,-1.2,0.24
0.00444,-1.24,0.24
0.00445,-1.24,0.24
0.00446,-1.28,0.24
0.00447,-1.24,0.24
0.00448,-1.24,0.2
0.00449,-1.24,0.2
0.0045,-1.24,0.24
0.00451,-1.24,0.24
0.00452,-1.28,0.24
0.00453,-1.24,0.24
0.00454,-1.28,0.24
0.00455,-1.28,0.24
0.00456,-1.28,0.24
0.00457,-1.28,0.24
0.00458,-1.32,0.24
0.00459,-1.32,0.24
0.0046,-1.32,0.24
0.00461,-1.32,0.24
0.00462,-1.28,0.2
0.00463,-1.24,0.24
0.00464,-1.24,0.24
0.00465,-1.28,0.24
0.00466,-1.32,0.24
0.00467,-1.28,0.24
0.00468,-1.28,0.24
0.00469,-1.28,0.28
0.0047,-1.28,0.24
0.00471,-1.28,0.24
0.00472,-1.32,0.24
0.00473,-1.32,0.24
0.00474,-1.32,0.24
0.00475,-1.36,0.24
0.00476,-1.32,0.24
0.00477,-1.28,0.24
0.00478,-1.32,0.28
0.00479,-1.28,0.28
0.0048,-1.32,0.28
0.00481,-1.28,0.28
0.00482,-1.28,0.32
0.00483,-1.28,0.32
0.00484,-1.28,0.28
0.00485,-1.28,0.28
0.00486,-1.32,0.32
0.00487,-1.32,0.32
0.00488,-1.32,0.32
0.00489,-1.32,0.32
0.0049,-1.32,0.28
0.00491,-1.32,0.28
0.00492,-1.32,0.24
0.00493,-1.28,0.24
0.00494,-1.24,0.28
0.00495,-1.24,0.28
0.00496,-1.28,0.32
0.00497,-1.24,0.32
0.00498,-1.24,0.28
0.00499,-1.24,0.24
0.005,-1.24,0.28
0.00501,-1.24,0.28
0.00502,-1.28,0.24
0.00503,-1.28,0.24
0.00504,-1.28,0.24
0.00505,-1.24,0.28
0.00506,-1.24,0.28
0.00507,-1.24,0.28
0.00508,-1.24,0.24
0.00509,-1.24,0.24
0.0051,-1.24,0.24
0.00511,-1.24,0.24
0.00512,-1.24,0.24
0.00513,-1.24,0.24
0.00514,-1.24,0.28
0.00515,-1.24,0.28
0.00516,-1.24,0.28
0.00517,-1.24,0.28
0.00518,-1.24,0.28
0.00519,-1.24,0.28
0.0052,-1.24,0.24
0.00521,-1.24,0.24
0.00522,-1.24,0.24
0.00523,-1.24,0.24
0.00524,-1.24,0.28
0.00525,-1.24,0.28
0.00526,-1.24,0.28
0.00527,-1.24,0.28
0.00528,-1.24,0.24
0.00529,-1.28,0.24
0.0053,-1.24,0.2
0.00531,-1.28,0.2
0.00532,-1.28,0.2
0.00533,-1.28,0.2
0.00534,-1.32,0.24
0.00535,-1.32,0.2
0.00536,-1.32,0.24
0.00537,-1.28,0.2
0.00538,-1.32,0.24
0.00539,-1.28,0.24
0.0054,-1.32,0.24
0.00541,-1.32,0.2
0.00542,-1.28,0.2
0.00543,-1.28,0.2
0.00544,-1.28,0.2
0.00545,-1.28,0.2
0.00546,-1.28,0.2
0.00547,-1.32,0.2
0.00548,-1.28,0.24
0.00549,-1.28,0.24
0.0055,-1.28,0.2
0.00551,-1.28,0.2
0.00552,-1.28,0.2
0.00553,-1.24,0.2
0.00554,-1.24,0.2
0.00555,-1.28,0.2
0.00556,-1.24,0.2
0.00557,-1.24,0.24
0.00558,-1.24,0.2
0.00559,-1.32,0.2
0.0056,-1.32,0.2
0.00561,-1.32,0.2
0.00562,-1.32,0.24
0.00563,-1.32,0.24
0.00564,-1.32,0.2
0.00565,-1.32,0.24
0.00566,-1.32,0.24
0.00567,-1.36,0.24
0.00568,-1.32,0.24
0.00569,-1.36,0.2
0.0057,-1.32,0.2
0.00571,-1.32,0.24
0.00572,-1.32,0.24
0.00573,-1.32,0.24
0.00574,-1.36,0.24
0.00575,-1.36,0.24
0.00576,-1.32,0.24
0.00577,-1.32,0.28
0.00578,-1.32,0.28
0.00579,-1.28,0.32
0.0058,-1.32,0.32
0.00581,-1.32,0.28
0.00582,-1.32,0.28
0.00583,-1.32,0.24
0.00584,-1.32,0.24
0.00585,-1.32,0.24
0.00586,-1.32,0.24
0.00587,-1.32,0.24
0.00588,-1.32,0.24
0.00589,-1.32,0.24
0.0059,-1.32,0.24
0.00591,-1.32,0.28
0.00592,-1.32,0.28
0.00593,-1.32,0.28
0.00594,-1.28,0.32
0.00595,-1.28,0.32
0.00596,-1.24,0.32
0.00597,-6,7.36
0.00598,-6,7.32
0.00599,-6,7.36
0.006,-6,7.32
0.00601,-6,7.32
0.00602,-6,7.36
0.00603,-6,7.32
0.00604,-6,7.32
0.00605,-6,7.32
0.00606,-6,7.32
0.00607,-6,7.32
0.00608,-6,7.32
0.00609,-6,7.32
0.0061,-6,7.32
0.00611,-6,7.32
0.00612,-6,7.32
0.00613,-6,7.32
0.00614,-6,7.32
0.00615,-6,7.32
0.00616,-6,7.32
0.00617,-6,7.32
0.00618,-6,7.32
0.00619,-6,7.32
0.0062,-6,7.32
0.00621,-6,5.64
0.00622,-6,3.68
0.00623,-6,2.48
0.00624,-5.6,1.72
0.00625,-4.76,1.24
0.00626,-4.24,0.96
0.00627,-3.88,0.84
0.00628,-3.64,0.72
0.00629,-3.52,0.72
0.0063,-3.44,0.68
0.00631,-3.32,0.72
0.00632,-3.24,0.76
0.00633,-3.16,0.76
0.00634,-3.12,0.84
0.00635,-3.08,0.88
0.00636,-3,0.92
0.00637,-3,0.96
0.00638,-2.96,1.04
0.00639,-2.84,1.12
0.0064,-2.8,1.16
0.00641,-2.72,1.2
0.00642,-2.64,1.24
0.00643,-2.56,1.28
0.00644,-2.52,1.36
0.00645,-2.44,1.36
0.00646,-2.4,1.4
0.00647,-2.32,1.44
0.00648,-2.24,1.44
0.00649,-2.16,1.48
0.0065,-2.08,1.52
0.00651,-2,1.56
0.00652,-1.92,1.6
0.00653,-1.84,1.6
0.00654,-1.76,1.6
0.00655,-1.68,1.6
0.00656,-1.6,1.6
0.00657,-1.52,1.6
0.00658,-1.44,1.56
0.00659,-1.36,1.52
0.0066,-1.28,1.48
0.00661,-1.24,1.48
0.00662,-1.2,1.44
0.00663,-1.12,1.4
0.00664,-1.12,1.32
0.00665,-1,1.28
0.00666,-0.96,1.24
0.00667,-0.92,1.2
0.00668,-0.88,1.12
0.00669,-0.84,1.08
0.0067,-0.8,1
0.00671,-0.76,0.92
0.00672,-0.72,0.84
0.00673,-0.72,0.76
0.00674,-0.72,0.68
0.00675,-0.72,0.64
0.00676,-0.68,0.6
0.00677,-0.68,0.56
0.00678,-0.68,0.52
0.00679,-0.68,0.44
0.0068,-0.68,0.4
0.00681,-0.72,0.32
0.00682,-0.72,0.28
0.00683,-0.72,0.2
0.00684,-0.76,0.2
0.00685,-0.76,0.12
0.00686,-0.8,0.04
0.00687,-0.8,0.04
0.00688,-0.84,0
0.00689,-0.92,-0.04
0.0069,-0.96,-0.12
0.00691,-1,-0.16
0.00692,-1.08,-0.16
0.00693,-1.12,-0.16
0.00694,-1.12,-0.2
0.00695,-1.16,-0.2
0.00696,-1.2,-0.2
0.00697,-1.24,-0.2
0.00698,-1.32,-0.2
0.00699,-1.36,-0.2
0.007,-1.4,-0.16
0.00701,-1.44,-0.16
0.00702,-1.48,-0.16
0.00703,-1.52,-0.16
0.00704,-1.56,-0.16
0.00705,-1.6,-0.16
0.00706,-1.6,-0.12
0.00707,-1.64,-0.12
0.00708,-1.64,-0.08
0.00709,-1.68,-0.04
0.0071,-1.72,-0.04
0.00711,-1.72,0
0.00712,-1.76,0.04
0.00713,-1.76,0.04
0.00714,-1.76,0.08
0.00715,-1.76,0.12
0.00716,-1.76,0.12
0.00717,-1.8,0.16
0.00718,-1.8,0.2
0.00719,-1.76,0.2
0.0072,-1.76,0.24
0.00721,-1.76,0.28
0.00722,-1.8,0.36
0.00723,-1.76,0.36
0.00724,-1.76,0.4
0.00725,-1.76,0.4
0.00726,-1.76,0.44
0.00727,-1.76,0.44
0.00728,-1.68,0.48
0.00729,-1.68,0.48
0.0073,-1.64,0.52
0.00731,-1.64,0.56
0.00732,-1.6,0.56
0.00733,-1.6,0.56
0.00734,-1.6,0.56
0.00735,-1.56,0.56
0.00736,-1.52,0.56
0.00737,-1.52,0.56
0.00738,-1.48,0.6
0.00739,-1.48,0.6
0.0074,-1.48,0.6
0.00741,-1.48,0.6
0.00742,-1.4,0.6
0.00743,-1.4,0.6
0.00744,-1.36,0.6
0.00745,-1.36,0.6
0.00746,-1.36,0.6
0.00747,-1.32,0.56
0.00748,-1.32,0.56
0.00749,-1.28,0.56
0.0075,-1.24,0.56
0.00751,-1.28,0.56
0.00752,-1.24,0.56
0.00753,-1.28,0.56
0.00754,-1.24,0.56
0.00755,-1.24,0.52
0.00756,-1.24,0.48
0.00757,-1.24,0.52
0.00758,-1.24,0.52
0.00759,-1.24,0.48
0.0076,-1.24,0.48
0.00761,-1.24,0.48
0.00762,-1.24,0.48
0.00763,-1.28,0.44
0.00764,-1.28,0.44
0.00765,-1.24,0.4
0.00766,-1.24,0.4
0.00767,-1.24,0.4
0.00768,-1.2,0.4
0.00769,-1.24,0.4
0.0077,-1.24,0.4
0.00771,-1.24,0.4
0.00772,-1.24,0.36
0.00773,-1.24,0.36
0.00774,-1.24,0.32
0.00775,-1.24,0.32
0.00776,-1.28,0.32
0.00777,-1.24,0.32
0.00778,-1.24,0.32
0.00779,-1.2,0.32
0.0078,-1.24,0.28
0.00781,-1.24,0.28
0.00782,-1.24,0.28
0.00783,-1.24,0.28
0.00784,-1.28,0.32
0.00785,-1.28,0.32
0.00786,-1.28,0.32
0.00787,-1.24,0.32
0.00788,-1.24,0.36
0.00789,-1.24,0.36
0.0079,-1.24,0.36
0.00791,-1.28,0.4
0.00792,-1.28,0.36
0.00793,-1.28,0.32
0.00794,-1.28,0.32
0.00795,-1.32,0.36
0.00796,-1.32,0.32
0.00797,-1.28,0.36
0.00798,-1.32,0.32
0.00799,-1.28,0.32
0.008,-1.32,0.28
0.00801,-1.32,0.28
0.00802,-1.32,0.32
0.00803,-1.32,0.28
0.00804,-1.28,0.32
0.00805,-1.28,0.28
0.00806,-1.28,0.28
0.00807,-1.28,0.28
0.00808,-1.28,0.28
0.00809,-1.28,0.28
0.0081,-1.28,0.28
0.00811,-1.28,0.28
0.00812,-1.28,0.28
0.00813,-1.28,0.28
0.00814,-1.28,0.28
0.00815,-1.28,0.24
0.00816,-1.32,0.24
0.00817,-1.32,0.24
0.00818,-1.32,0.24
0.00819,-1.32,0.24
0.0082,-1.32,0.24
0.00821,-1.32,0.28
0.00822,-1.32,0.24
0.00823,-1.32,0.24
0.00824,-1.28,0.24
0.00825,-1.28,0.28
0.00826,-1.32,0.24
0.00827,-1.32,0.28
0.00828,-1.32,0.28
0.00829,-1.32,0.28
0.0083,-1.32,0.28
0.00831,-1.32,0.24
0.00832,-1.36,0.28
0.00833,-1.36,0.24
0.00834,-1.4,0.24
0.00835,-1.36,0.24
0.00836,-1.36,0.2
0.00837,-1.36,0.2
0.00838,-1.4,0.2
0.00839,-1.4,0.24
0.0084,-1.4,0.24
0.00841,-1.36,0.24
0.00842,-1.36,0.24
0.00843,-1.36,0.28
0.00844,-1.36,0.32
0.00845,-1.36,0.32
0.00846,-1.36,0.28
0.00847,-1.36,0.28
0.00848,-1.32,0.28
0.00849,-1.36,0.28
0.0085,-1.36,0.28
0.00851,-1.36,0.32
0.00852,-1.32,0.32
0.00853,-1.32,0.32
0.00854,-1.32,0.32
0.00855,-1.36,0.32
0.00856,-1.36,0.32
0.00857,-1.36,0.32
0.00858,-1.36,0.32
0.00859,-1.36,0.32
0.0086,-1.4,0.28
0.00861,-1.36,0.28
0.00862,-1.36,0.28
0.00863,-1.32,0.28
0.00864,-1.32,0.32
0.00865,-1.32,0.32
0.00866,-1.36,0.32
0.00867,-1.32,0.32
0.00868,-1.32,0.32
0.00869,-1.32,0.32
0.0087,-1.32,0.32
0.00871,-1.32,0.36
0.00872,-1.32,0.36
0.00873,-1.32,0.32
0.00874,-1.32,0.32
0.00875,-1.32,0.32
0.00876,-1.32,0.28
0.00877,-1.28,0.32
0.00878,-1.28,0.32
0.00879,-1.32,0.32
0.0088,-1.32,0.28
0.00881,-1.28,0.32
0.00882,-1.32,0.32
0.00883,-1.32,0.32
0.00884,-1.32,0.32
0.00885,-1.32,0.28
0.00886,-1.36,0.28
0.00887,-1.36,0.28
0.00888,-1.36,0.32
0.00889,-1.36,0.32
0.0089,-1.36,0.32
0.00891,-1.32,0.32
0.00892,-1.32,0.32
0.00893,-1.32,0.32
0.00894,-1.32,0.32
0.00895,-1.28,0.28
0.00896,-1.28,0.28
0.00897,-1.28,0.32
0.00898,-1.24,0.32
0.00899,-1.24,0.32
0.009,-1.24,0.32
0.00901,-1.24,0.32
0.00902,-1.28,0.36
0.00903,-1.28,0.36
0.00904,-1.32,0.32
0.00905,-1.32,0.32
0.00906,-1.28,0.32
0.00907,-1.28,0.32
0.00908,-1.28,0.32
0.00909,-1.28,0.28
0.0091,-1.28,0.32
0.00911,-1.28,0.28
0.00912,-1.28,0.28
0.00913,-1.28,0.28
0.00914,-1.28,0.32
0.00915,-1.28,0.28
0.00916,-1.24,0.28
0.00917,-1.24,0.24
0.00918,-1.24,0.24
0.00919,-1.24,0.2
0.0092,-1.24,0.24
0.00921,-1.24,0.24
0.00922,-1.24,0.24
0.00923,-1.24,0.28
0.00924,-1.2,0.28
0.00925,-1.2,0.28
0.00926,-1.2,0.28
0.00927,-1.2,0.24
0.00928,-1.2,0.24
0.00929,-1.24,0.24
0.0093,-1.24,0.24
0.00931,-1.24,0.24
0.00932,-1.24,0.24
0.00933,-1.24,0.24
0.00934,-1.24,0.24
0.00935,-1.24,0.24
0.00936,-1.2,0.24
0.00937,-1.24,0.2
0.00938,-1.24,0.2
0.00939,-1.24,0.2
0.0094,-1.28,0.2
0.00941,-1.32,0.2
0.00942,-1.28,0.16
0.00943,-1.28,0.2
0.00944,-1.24,0.2
0.00945,-1.28,0.2
0.00946,-1.32,0.2
0.00947,-1.32,0.2
0.00948,-1.32,0.2
0.00949,-1.32,0.2
0.0095,-1.32,0.2
0.00951,-1.32,0.16
0.00952,-1.32,0.2
0.00953,-1.32,0.16
0.00954,-1.32,0.16
0.00955,-1.36,0.16
0.00956,-1.36,0.12
0.00957,-1.32,0.16
0.00958,-1.32,0.16
0.00959,-1.36,0.16
0.0096,-1.36,0.2
0.00961,-1.36,0.2
0.00962,-1.36,0.2
0.00963,-1.36,0.2
0.00964,-1.36,0.2
0.00965,-1.4,0.24
0.00966,-1.4,0.2
0.00967,-1.4,0.2
0.00968,-1.4,0.2
0.00969,-1.4,0.2
0.0097,-1.44,0.2
0.00971,-1.4,0.2
0.00972,-1.44,0.24
0.00973,-1.44,0.24
0.00974,-1.44,0.24
0.00975,-1.44,0.24
0.00976,-1.44,0.24
0.00977,-1.44,0.28
0.00978,-1.44,0.24
0.00979,-1.44,0.28
0.0098,-1.48,0.32
0.00981,-1.48,0.28
0.00982,-1.48,0.28
0.00983,-1.44,0.28
0.00984,-1.44,0.32
0.00985,-1.44,0.32
0.00986,-1.44,0.32
0.00987,-1.4,0.36
0.00988,-1.4,0.32
0.00989,-1.4,0.36
0.0099,-1.4,0.4
0.00991,-1.4,0.4
0.00992,-1.36,0.4
0.00993,-1.4,0.4
0.00994,-1.4,0.4
0.00995,-1.36,0.4
0.00996,-1.36,0.4
0.00997,-1.32,0.4
0.00998,-1.32,0.4
0.00999,-1.32,0.4
0.01,-1.32,0.4
0.01001,-1.32,0.4
0.01002,-1.32,0.44
0.01003,-1.28,0.4
0.01004,-1.32,0.44
0.01005,-1.28,0.48
0.01006,-1.28,0.44
0.01007,-1.28,0.48
0.01008,-1.24,0.44
0.01009,-1.24,0.48
0.0101,-1.24,0.44
0.01011,-1.24,0.44
0.01012,-1.24,0.4
0.01013,-1.24,0.44
0.01014,-1.24,0.4
0.01015,-1.24,0.4
0.01016,-1.24,0.4
0.01017,-1.2,0.4
0.01018,-1.2,0.4
0.01019,-1.2,0.4
0.0102,-1.2,0.4
0.01021,-1.16,0.4
0.01022,-1.12,0.4
0.01023,-1.12,0.4
0.01024,-1.12,0.36
0.01025,-1.12,0.4
0.01026,-1.08,0.36
0.01027,-1.12,0.36
0.01028,-1.08,0.32
0.01029,-1.12,0.36
0.0103,-1.12,0.32
0.01031,-1.12,0.32
0.01032,-1.08,0.32
0.01033,-1.08,0.32
0.01034,-1.12,0.32
0.01035,-1.08,0.28
0.01036,-1.08,0.28
0.01037,-1.04,0.24
0.01038,-1.08,0.2
0.01039,-1.08,0.2
0.0104,-1.08,0.2
0.01041,-1.08,0.16
0.01042,-1.12,0.16
0.01043,-1.12,0.16
0.01044,-1.12,0.12
0.01045,-1.12,0.12
0.01046,-1.12,0.12
0.01047,-1.16,0.12
0.01048,-1.16,0.12
0.01049,-1.2,0.12
0.0105,-1.16,0.08
0.01051,-1.16,0.04
0.01052,-1.2,0.04
0.01053,-1.16,0.04
0.01054,-1.2,0.04
0.01055,-1.2,0
0.01056,-1.2,0
0.01057,-1.24,0
0.01058,-1.24,0
0.01059,-1.24,-0.04
0.0106,-1.24,0
0.01061,-1.24,-0.04
0.01062,-1.28,-0.04
0.01063,-1.28,-0.04
0.01064,-1.32,-0.04
0.01065,-1.32,-0.04
0.01066,-1.36,-0.04
0.01067,-1.36,-0.04
0.01068,-1.36,-0.04
0.01069,-1.4,-0.04
0.0107,-1.44,-0.04
0.01071,-1.4,-0.04
0.01072,-1.44,-0.04
0.01073,-1.44,-0.04
0.01074,-1.44,-0.04
0.01075,-1.48,-0.04
0.01076,-1.52,-0.04
0.01077,-1.56,0
0.01078,-1.56,0
0.01079,-1.6,0
0.0108,-1.6,0
0.01081,-1.64,0
0.01082,-1.64,0.04
0.01083,-1.64,0.04
0.01084,-1.64,0.04
0.01085,-1.68,0.12
0.01086,-1.68,0.16
0.01087,-1.68,0.16
0.01088,-1.68,0.16
0.01089,-1.68,0.2
0.0109,-1.68,0.2
0.01091,-1.68,0.24
0.01092,-1.68,0.28
0.01093,-1.64,0.28
0.01094,-1.64,0.32
0.01095,-1.68,0.36
0.01096,-1.68,0.36
0.01097,-1.64,0.4
0.01098,-1.64,0.44
0.01099,-1.64,0.4
0.011,-1.64,0.48
0.01101,-1.64,0.48
0.01102,-1.64,0.48
0.01103,-1.6,0.52
0.01104,-1.6,0.56
0.01105,-1.6,0.56
0.01106,-1.6,0.6
0.01107,-1.56,0.6
0.01108,-1.56,0.64
0.01109,-1.52,0.64
0.0111,-1.52,0.64
0.01111,-1.48,0.68
0.01112,-1.48,0.68
0.01113,-1.4,0.72
0.01114,-1.4,0.76
0.01115,-1.36,0.72
0.01116,-1.32,0.72
0.01117,-1.28,0.72
0.01118,-1.24,0.76
0.01119,-1.24,0.76
0.0112,-1.2,0.76
0.01121,-1.2,0.76
0.01122,-1.16,0.76
0.01123,-1.12,0.76
0.01124,-1.12,0.76
0.01125,-1.08,0.76
0.01126,-1.08,0.76
0.01127,-1.04,0.76
0.01128,-1,0.76
0.01129,-1,0.72
0.0113,-0.96,0.72
0.01131,-0.96,0.68
0.01132,-0.88,0.68
0.01133,-0.88,0.68
0.01134,-0.84,0.64
0.01135,-0.8,0.6
0.01136,-0.76,0.6
0.01137,-0.72,0.56
0.01138,-0.72,0.52
0.01139,-0.68,0.48
0.0114,-0.64,0.44
0.01141,-0.64,0.4
0.01142,-0.64,0.36
0.01143,-0.64,0.32
0.01144,-0.68,0.32
0.01145,-0.68,0.24
0.01146,-0.68,0.24
0.01147,-0.68,0.2
0.01148,-0.68,0.16
0.01149,-0.72,0.12
0.0115,-0.68,0.08
0.01151,-0.68,0.04
0.01152,-0.68,0.04
0.01153,-0.72,-0.04
0.01154,-0.72,-0.04
0.01155,-0.76,-0.12
0.01156,-0.8,-0.16
0.01157,-0.84,-0.2
0.01158,-0.84,-0.24
0.01159,-0.88,-0.24
0.0116,-0.88,-0.28
0.01161,-0.92,-0.32
0.01162,-0.96,-0.32
0.01163,-1,-0.36
0.01164,-1,-0.36
0.01165,-1.04,-0.4
0.01166,-1.08,-0.4
0.01167,-1.12,-0.44
0.01168,-1.2,-0.44
0.01169,-1.24,-0.4
0.0117,-1.28,-0.4
0.01171,-1.32,-0.44
0.01172,-1.36,-0.44
0.01173,-1.4,-0.44
0.01174,-1.44,-0.44
0.01175,-1.52,-0.44
0.01176,-1.52,-0.44
0.01177,-1.56,-0.44
0.01178,-1.64,-0.44
0.01179,-1.68,-0.4
0.0118,-1.72,-0.4
0.01181,-1.72,-0.36
0.01182,-1.76,-0.36
0.01183,-1.8,-0.32
0.01184,-1.84,-0.28
0.01185,-1.84,-0.24
0.01186,-1.88,-0.2
0.01187,-1.88,-0.16
0.01188,-1.92,-0.12
0.01189,-1.92,-0.12
0.0119,-1.96,-0.04
0.01191,-1.96,0
0.01192,-1.96,0
0.01193,-1.96,0.04
0.01194,-1.96,0.08
0.01195,-1.96,0.12
0.01196,-2,0.12
0.01197,-2,0.2
0.01198,-1.96,0.24
0.01199,-1.96,0.28
0.012,-1.96,0.36
0.01201,-1.96,0.4
0.01202,-1.96,0.44
0.01203,-1.96,0.48
0.01204,-1.92,0.56
0.01205,-1.92,0.6
0.01206,-1.88,0.64
0.01207,-1.84,0.68
0.01208,-1.84,0.68
0.01209,-1.8,0.72
0.0121,-1.76,0.76
0.01211,-1.76,0.8
0.01212,-1.68,0.84
0.01213,-1.68,0.84
0.01214,-1.64,0.88
0.01215,-1.6,0.88
0.01216,-1.52,0.92
0.01217,-1.48,0.96
0.01218,-1.44,0.96
0.01219,-1.44,1
0.0122,-1.36,1.04
0.01221,-1.32,1.04
0.01222,-1.28,1.04
0.01223,-1.24,1.04
0.01224,-1.16,1.04
0.01225,-1.12,1.04
0.01226,-1.08,1.04
0.01227,-1.08,1.04
0.01228,-1.04,1
0.01229,-1,1
0.0123,-0.96,0.96
0.01231,-0.92,0.92
0.01232,-0.88,0.88
0.01233,-0.84,0.84
0.01234,-0.84,0.8
0.01235,-0.8,0.8
0.01236,-0.8,0.72
0.01237,-0.72,0.72
0.01238,-0.72,0.68
0.01239,-0.72,0.64
0.0124,-0.72,0.6
0.01241,-0.68,0.56
0.01242,-0.68,0.52
0.01243,-0.68,0.48
0.01244,-0.68,0.4
0.01245,-0.64,0.4
0.01246,-0.64,0.36
0.01247,-0.64,0.32
0.01248,-0.64,0.24
0.01249,-0.64,0.2
0.0125,-0.64,0.2
0.01251,-0.68,0.2
0.01252,-0.68,0.16
0.01253,-0.68,0.08
0.01254,-0.68,0
0.01255,-0.72,0
0.01256,-0.72,-0.04
0.01257,-0.76,-0.12
0.01258,-0.76,-0.12
0.01259,-0.8,-0.12
0.0126,-0.84,-0.16
0.01261,-0.88,-0.2
0.01262,-0.88,-0.24
0.01263,-0.92,-0.24
0.01264,-0.92,-0.28
0.01265,-0.92,-0.28
0.01266,-0.96,-0.28
0.01267,-1,-0.32
0.01268,-1.04,-0.32
0.01269,-1.08,-0.32
0.0127,-1.16,-0.32
0.01271,-1.2,-0.32
0.01272,-1.24,-0.32
0.01273,-1.28,-0.32
0.01274,-1.28,-0.32
0.01275,-1.28,-0.32
0.01276,-1.32,-0.32
0.01277,-1.36,-0.32
0.01278,-1.4,-0.32
0.01279,-1.44,-0.28
0.0128,-1.52,-0.28
0.01281,-1.52,-0.24
0.01282,-1.56,-0.24
0.01283,-1.6,-0.24
0.01284,-1.6,-0.24
0.01285,-1.64,-0.16
0.01286,-1.68,-0.16
0.01287,-1.68,-0.16
0.01288,-1.68,-0.12
0.01289,-1.68,-0.08
0.0129,-1.72,-0.04
0.01291,-1.68,-0.04
0.01292,-1.76,0.04
0.01293,-1.76,0.04
0.01294,-1.76,0.08
0.01295,-1.76,0.12
0.01296,-1.76,0.12
0.01297,-1.76,0.2
0.01298,-1.76,0.2
0.01299,-1.72,0.2
0.013,-1.72,0.2
0.01301,-1.72,0.24
0.01302,-1.72,0.24
0.01303,-1.72,0.28
0.01304,-1.72,0.32
0.01305,-1.68,0.36
0.01306,-1.68,0.4
0.01307,-1.68,0.4
0.01308,-1.64,0.44
0.01309,-1.64,0.44
0.0131,-1.64,0.48
0.01311,-1.6,0.48
0.01312,-1.6,0.48
0.01313,-1.6,0.52
0.01314,-1.56,0.52
0.01315,-1.52,0.52
0.01316,-1.52,0.56
0.01317,-1.48,0.56
0.01318,-1.44,0.6
0.01319,-1.44,0.6
0.0132,-1.44,0.6
0.01321,-1.36,0.6
0.01322,-1.4,0.64
0.01323,-1.36,0.6
0.01324,-1.32,0.6
0.01325,-1.32,0.6
0.01326,-1.32,0.64
0.01327,-1.32,0.64
0.01328,-1.28,0.64
0.01329,-1.24,0.64
0.0133,-1.24,0.64
0.01331,-1.24,0.6
0.01332,-1.24,0.6
0.01333,-1.24,0.56
0.01334,-1.2,0.56
0.01335,-1.16,0.56
0.01336,-1.12,0.56
0.01337,-1.12,0.56
0.01338,-1.08,0.56
0.01339,-1.08,0.52
0.0134,-1.08,0.52
0.01341,-1.08,0.48
0.01342,-1.08,0.44
0.01343,-1.08,0.44
0.01344,-1.04,0.4
0.01345,-1.08,0.4
0.01346,-1.04,0.4
0.01347,-1.04,0.4
0.01348,-1.04,0.32
0.01349,-1.04,0.32
0.0135,-1.04,0.32
0.01351,-1,0.32
0.01352,-1,0.32
0.01353,-1,0.28
0.01354,-1,0.28
0.01355,-1.04,0.28
0.01356,-1.08,0.28
0.01357,-1.08,0.24
0.01358,-1.08,0.24
0.01359,-1.08,0.24
0.0136,-1.08,0.2
0.01361,-1.08,0.2
0.01362,-1.08,0.12
0.01363,-1.08,0.12
0.01364,-1.12,0.12
0.01365,-1.12,0.12
0.01366,-1.12,0.12
0.01367,-1.16,0.12
0.01368,-1.16,0.12
0.01369,-1.12,0.12
0.0137,-1.12,0.12
0.01371,-1.16,0.12
0.01372,-1.12,0.16
0.01373,-1.2,0.12
0.01374,-1.2,0.08
0.01375,-1.24,0.04
0.01376,-1.24,0.04
0.01377,-1.2,0.04
0.01378,-1.2,0.04
0.01379,-1.24,0.04
0.0138,-1.28,0.04
0.01381,-1.28,0.04
0.01382,-1.32,0.04
0.01383,-1.28,0.04
0.01384,-1.32,0.04
0.01385,-1.32,0.04
0.01386,-1.28,0.08
0.01387,-1.28,0.04
0.01388,-1.32,0.08
0.01389,-1.28,0.04
0.0139,-1.32,0.08
0.01391,-1.32,0.08
0.01392,-1.36,0.08
0.01393,-1.36,0.08
0.01394,-1.32,0.12
0.01395,-1.36,0.08
0.01396,-1.36,0.08
0.01397,-1.44,0.08
0.01398,-1.4,0.08
0.01399,-1.4,0.12
0.014,-1.4,0.12
0.01401,-1.4,0.2
0.01402,-1.44,0.2
0.01403,-1.48,0.2
0.01404,-1.48,0.2
0.01405,-1.48,0.2
0.01406,-1.48,0.2
0.01407,-1.44,0.2
0.01408,-1.44,0.2
0.01409,-1.44,0.2
0.0141,-1.44,0.2
0.01411,-1.44,0.24
0.01412,-1.44,0.24
0.01413,-1.4,0.28
0.01414,-1.44,0.24
0.01415,-1.44,0.32
0.01416,-1.4,0.28
0.01417,-1.4,0.28
0.01418,-1.36,0.32
0.01419,-1.4,0.32
0.0142,-1.44,0.32
0.01421,-1.4,0.32
0.01422,-1.36,0.32
0.01423,-1.36,0.32
0.01424,-1.4,0.32
0.01425,-1.4,0.32
0.01426,-1.4,0.32
0.01427,-1.4,0.32
0.01428,-1.36,0.32
0.01429,-1.36,0.32
0.0143,-1.36,0.4
0.01431,-1.36,0.4
0.01432,-1.32,0.4
0.01433,-1.36,0.4
0.01434,-1.32,0.4
0.01435,-1.32,0.4
0.01436,-1.32,0.36
0.01437,-1.32,0.32
0.01438,-1.32,0.32
0.01439,-1.32,0.32
0.0144,-1.28,0.32
0.01441,-1.28,0.32
0.01442,-1.28,0.32
0.01443,-1.28,0.36
0.01444,-1.24,0.32
0.01445,-1.24,0.32
0.01446,-1.24,0.32
0.01447,-1.24,0.32
0.01448,-1.24,0.28
0.01449,-1.28,0.28
0.0145,-1.24,0.28
0.01451,-1.24,0.28
0.01452,-1.24,0.28
0.01453,-1.24,0.32
0.01454,-1.24,0.28
0.01455,-1.24,0.28
0.01456,-1.2,0.28
0.01457,-1.24,0.28
0.01458,-1.2,0.24
0.01459,-1.2,0.28
0.0146,-1.2,0.28
0.01461,-1.2,0.24
0.01462,-1.2,0.24
0.01463,-1.2,0.24
0.01464,-1.24,0.24
0.01465,-1.2,0.24
0.01466,-1.2,0.28
0.01467,-1.2,0.28
0.01468,-1.24,0.28
0.01469,-1.24,0.28
0.0147,-1.24,0.24
0.01471,-1.24,0.24
0.01472,-1.2,0.24
0.01473,-1.24,0.2
0.01474,-1.24,0.2
0.01475,-1.24,0.2
0.01476,-1.24,0.24
0.01477,-1.24,0.24
0.01478,-1.28,0.24
0.01479,-1.24,0.24
0.0148,-1.24,0.24
0.01481,-1.24,0.2
0.01482,-1.24,0.2
0.01483,-1.24,0.2
0.01484,-1.24,0.2
0.01485,-1.24,0.2
0.01486,-1.2,0.2
0.01487,-1.24,0.2
0.01488,-1.24,0.2
0.01489,-1.24,0.2
0.0149,-1.28,0.2
0.01491,-1.28,0.2
0.01492,-1.28,0.24
0.01493,-1.24,0.2
0.01494,-1.28,0.2
0.01495,-1.28,0.2
0.01496,-1.32,0.2
0.01497,-1.32,0.24
0.01498,-1.32,0.24
0.01499,-1.32,0.24
0.015,-1.32,0.24
0.01501,-1.32,0.24
0.01502,-1.32,0.24
0.01503,-1.36,0.24
0.01504,-1.32,0.24
0.01505,-1.36,0.24
0.01506,-1.36,0.28
0.01507,-1.36,0.24
0.01508,-1.36,0.24
0.01509,-1.32,0.24
0.0151,-1.32,0.24
0.01511,-1.32,0.24
0.01512,-1.32,0.2
0.01513,-1.32,0.2
0.01514,-1.32,0.2
0.01515,-1.36,0.2
0.01516,-1.32,0.24
0.01517,-1.32,0.24
0.01518,-1.28,0.24
0.01519,-1.28,0.28
0.0152,-1.32,0.28
0.01521,-1.32,0.24
0.01522,-1.32,0.24
0.01523,-1.32,0.24
0.01524,-1.32,0.24
0.01525,-1.32,0.24
0.01526,-1.32,0.24
0.01527,-1.32,0.28
0.01528,-1.32,0.28
0.01529,-1.32,0.28
0.0153,-1.32,0.28
0.01531,-1.32,0.28
0.01532,-1.28,0.24
0.01533,-1.28,0.24
0.01534,-1.28,0.2
0.01535,-1.28,0.24
0.01536,-1.28,0.24
0.01537,-1.32,0.28
0.01538,-1.32,0.28
0.01539,-1.28,0.24
0.0154,-1.28,0.24
0.01541,-1.32,0.28
0.01542,-1.32,0.24
0.01543,-1.28,0.24
0.01544,-1.28,0.28
0.01545,-1.28,0.24
0.01546,-1.28,0.28
0.01547,-1.28,0.32
0.01548,-1.28,0.32
0.01549,-1.28,0.32
0.0155,-1.28,0.32
0.01551,-1.28,0.32
0.01552,-1.28,0.32
0.01553,-1.32,0.28
0.01554,-1.32,0.28
0.01555,-1.32,0.28
0.01556,-1.32,0.28
0.01557,-1.28,0.28
0.01558,-1.28,0.28
0.01559,-1.28,0.24
0.0156,-1.24,0.28
0.01561,-1.28,0.28
0.01562,-1.28,0.28
0.01563,-1.28,0.28
0.01564,-1.32,0.28
0.01565,-1.28,0.28
0.01566,-1.28,0.32
0.01567,-1.24,0.28
0.01568,-1.24,0.28
0.01569,-1.24,0.28
0.0157,-1.2,0.24
0.01571,-1.24,0.24
0.01572,-1.24,0.24
0.01573,-1.2,0.24
0.01574,-1.24,0.24
0.01575,-1.24,0.24
0.01576,-1.24,0.24
0.01577,-1.24,0.24
0.01578,-1.24,0.28
0.01579,-1.24,0.28
0.0158,-1.28,0.24
0.01581,-1.32,0.24
0.01582,-1.32,0.24
0.01583,-1.32,0.24
0.01584,-1.28,0.24
0.01585,-1.28,0.28
0.01586,-1.24,0.24
0.01587,-1.24,0.24
0.01588,-1.28,0.24
0.01589,-1.28,0.24
0.0159,-1.28,0.24
0.01591,-1.28,0.28
0.01592,-1.24,0.24
0.01593,-1.28,0.24
0.01594,-1.28,0.2
0.01595,-1.28,0.2
0.01596,-1.24,0.2
0.01597,-1.28,0.24
0.01598,-1.24,0.24
0.01599,-1.24,0.28
0.016,-1.28,0.24
0.01601,-1.28,0.24
0.01602,-1.28,0.24
0.01603,-1.28,0.24
0.01604,-1.28,0.24
0.01605,-1.32,0.2
0.01606,-1.32,0.2
0.01607,-1.32,0.2
0.01608,-1.32,0.2
0.01609,-1.28,0.24
0.0161,-1.32,0.24
0.01611,-1.32,0.24
0.01612,-1.32,0.24
0.01613,-1.32,0.2
0.01614,-1.32,0.2
0.01615,-1.28,0.2
0.01616,-1.28,0.2
0.01617,-1.32,0.24
0.01618,-1.32,0.24
0.01619,-1.28,0.24
0.0162,-1.32,0.24
0.01621,-1.28,0.24
0.01622,-1.32,0.24
0.01623,-1.32,0.2
0.01624,-1.32,0.2
0.01625,-1.32,0.24
0.01626,-1.32,0.24
0.01627,-1.32,0.2
0.01628,-1.32,0.28
0.01629,-1.28,0.24
0.0163,-1.28,0.24
0.01631,-1.28,0.24
0.01632,-1.28,0.24
0.01633,-1.28,0.24
0.01634,-1.28,0.28
0.01635,-1.28,0.24
0.01636,-1.28,0.24
0.01637,-1.32,0.24
0.01638,-1.32,0.24
0.01639,-1.32,0.28
0.0164,-1.32,0.28
0.01641,-1.32,0.28
0.01642,-1.32,0.28
0.01643,-1.28,0.32
0.01644,-1.32,0.32
0.01645,-1.28,0.32
0.01646,-1.28,0.32
0.01647,-1.28,0.32
0.01648,-1.28,0.28
0.01649,-1.32,0.32
0.0165,-1.32,0.28
0.01651,-1.28,0.28
0.01652,-1.28,0.28
0.01653,-1.24,0.28
0.01654,-1.28,0.24
0.01655,-1.28,0.24
0.01656,-1.28,0.24
0.01657,-1.24,0.24
0.01658,-1.24,0.24
0.01659,-1.24,0.24
0.0166,-1.24,0.24
0.01661,-1.24,0.24
0.01662,-1.24,0.24
0.01663,-1.24,0.24
0.01664,-1.28,0.24
0.01665,-1.28,0.28
0.01666,-1.28,0.28
0.01667,-1.28,0.28
0.01668,-1.24,0.24
0.01669,-1.28,0.24
0.0167,-1.28,0.24
0.01671,-1.28,0.28
0.01672,-1.28,0.28
0.01673,-1.28,0.28
0.01674,-1.28,0.24
0.01675,-1.28,0.24
0.01676,-1.32,0.24
0.01677,-1.28,0.24
0.01678,-1.32,0.2
0.01679,-1.28,0.2
0.0168,-1.24,0.2
0.01681,-1.24,0.2
0.01682,-1.24,0.2
0.01683,-1.28,0.24
0.01684,-1.28,0.24
0.01685,-1.28,0.24
0.01686,-1.28,0.24
0.01687,-1.28,0.24
0.01688,-1.32,0.24
0.01689,-1.28,0.24
0.0169,-1.28,0.24
0.01691,-1.28,0.24
0.01692,-1.24,0.24
0.01693,-1.24,0.24
0.01694,-1.24,0.28
0.01695,-1.24,0.24
0.01696,-1.24,0.24
0.01697,-1.24,0.28
0.01698,-1.24,0.24
0.01699,-1.24,0.24
0.017,-1.2,0.24
0.01701,-1.24,0.24
0.01702,-1.2,0.28
0.01703,-1.24,0.24
0.01704,-1.24,0.24
0.01705,-1.24,0.24
0.01706,-1.24,0.24
0.01707,-1.24,0.24
0.01708,-1.24,0.24
0.01709,-1.28,0.24
0.0171,-1.28,0.2
0.01711,-1.28,0.2
0.01712,-1.28,0.24
0.01713,-1.28,0.24
0.01714,-1.24,0.2
0.01715,-1.24,0.24
0.01716,-1.24,0.24
0.01717,-1.24,0.24
0.01718,-1.24,0.24
0.01719,-1.24,0.24
0.0172,-1.28,0.24
0.01721,-1.28,0.24
0.01722,-1.32,0.28
0.01723,-1.32,0.28
0.01724,-1.32,0.28
0.01725,-1.36,0.28
0.01726,-1.32,0.32
0.01727,-1.32,0.32
0.01728,-1.32,0.28
0.01729,-1.32,0.28
0.0173,-1.28,0.28
0.01731,-1.28,0.24
0.01732,-1.28,0.24
0.01733,-1.32,0.24
0.01734,-1.32,0.24
0.01735,-1.32,0.24
0.01736,-1.32,0.24
0.01737,-1.28,0.28
0.01738,-1.28,0.28
0.01739,-1.28,0.28
0.0174,-1.28,0.28
0.01741,-1.28,0.32
0.01742,-1.32,0.28
0.01743,-1.32,0.32
0.01744,-1.28,0.28
0.01745,-1.32,0.28
0.01746,-1.32,0.28
0.01747,-1.32,0.24
0.01748,-1.32,0.24
0.01749,-1.32,0.28
0.0175,-1.32,0.24
0.01751,-1.32,0.24
0.01752,-1.32,0.24
0.01753,-1.32,0.28
0.01754,-1.28,0.24
0.01755,-1.28,0.24
0.01756,-1.28,0.24
0.01757,-1.24,0.24
0.01758,-1.24,0.24
0.01759,-1.24,0.28
0.0176,-1.28,0.28
0.01761,-1.24,0.28
0.01762,-1.28,0.32
0.01763,-1.28,0.32
0.01764,-1.28,0.32
0.01765,-1.28,0.32
0.01766,-1.28,0.28
0.01767,-1.28,0.28
0.01768,-1.24,0.28
0.01769,-1.24,0.32
0.0177,-1.24,0.32
0.01771,-1.28,0.28
0.01772,-1.28,0.32
0.01773,-1.28,0.28
0.01774,-1.24,0.28
0.01775,-1.28,0.32
0.01776,-1.24,0.28
0.01777,-1.24,0.24
0.01778,-1.28,0.28
0.01779,-1.24,0.24
0.0178,-1.28,0.28
0.01781,-1.28,0.28
0.01782,-1.28,0.28
0.01783,-1.28,0.28
0.01784,-1.28,0.28
0.01785,-1.28,0.28
0.01786,-1.32,0.24
0.01787,-1.32,0.24
0.01788,-1.28,0.24
0.01789,-1.32,0.24
0.0179,-1.32,0.28
0.01791,-1.28,0.28
0.01792,-1.32,0.24
0.01793,-1.32,0.24
0.01794,-1.32,0.24
0.01795,-1.28,0.24
0.01796,-1.32,0.2
0.01797,-1.32,0.24
0.01798,-1.32,0.2
0.01799,-1.32,0.2
0.018,-1.32,0.2
0.01801,-1.28,0.2
0.01802,-1.28,0.24
0.01803,-1.28,0.28
0.01804,-1.28,0.28
0.01805,-1.32,0.24
0.01806,-1.28,0.24
0.01807,-1.28,0.24
0.01808,-1.32,0.24
0.01809,-1.32,0.24
0.0181,-1.28,0.28
0.01811,-1.24,0.24
0.01812,-1.24,0.24
0.01813,-1.24,0.24
0.01814,-1.24,0.24
0.01815,-1.24,0.24
0.01816,-1.28,0.24
0.01817,-1.28,0.28
0.01818,-1.28,0.28
0.01819,-1.32,0.28
0.0182,-1.32,0.24
0.01821,-1.32,0.24
0.01822,-1.32,0.24
0.01823,-1.32,0.24
0.01824,-1.28,0.24
0.01825,-1.28,0.24
0.01826,-1.28,0.24
0.01827,-1.28,0.24
0.01828,-1.32,0.24
0.01829,-1.32,0.24
0.0183,-1.32,0.24
0.01831,-1.32,0.24
0.01832,-1.32,0.24
0.01833,-1.28,0.24
0.01834,-1.28,0.24
0.01835,-1.28,0.24
0.01836,-1.32,0.24
0.01837,-1.28,0.24
0.01838,-1.28,0.2
0.01839,-1.32,0.2
0.0184,-1.32,0.2
0.01841,-1.28,0.2
0.01842,-1.28,0.2
0.01843,-1.28,0.2
0.01844,-1.32,0.2
0.01845,-1.24,0.24
0.01846,-1.24,0.24
0.01847,-1.28,0.24
0.01848,-1.28,0.24
0.01849,-1.28,0.2
0.0185,-1.28,0.2
0.01851,-1.28,0.24
0.01852,-1.32,0.24
0.01853,-1.32,0.28
0.01854,-1.32,0.24
0.01855,-1.32,0.24
0.01856,-1.32,0.28
0.01857,-1.28,0.28
0.01858,-1.28,0.28
0.01859,-1.28,0.28
0.0186,-1.28,0.28
0.01861,-1.24,0.28
0.01862,-1.24,0.24
0.01863,-1.28,0.24
0.01864,-1.24,0.24
0.01865,-1.28,0.24
0.01866,-1.28,0.24
0.01867,-1.28,0.24
0.01868,-1.28,0.2
0.01869,-1.28,0.24
0.0187,-1.28,0.24
0.01871,-1.28,0.24
0.01872,-1.28,0.2
0.01873,-1.28,0.24
0.01874,-1.32,0.24
0.01875,-1.32,0.24
0.01876,-1.32,0.2
0.01877,-1.32,0.24
0.01878,-1.32,0.24
0.01879,-1.32,0.24
0.0188,-1.32,0.24
0.01881,-1.28,0.28
0.01882,-1.28,0.28
0.01883,-1.32,0.28
0.01884,-1.32,0.24
0.01885,-1.32,0.28
0.01886,-1.32,0.24
0.01887,-1.32,0.24
0.01888,-1.32,0.24
0.01889,-1.32,0.28
0.0189,-1.32,0.24
0.01891,-1.32,0.24
0.01892,-1.28,0.24
0.01893,-1.24,0.28
0.01894,-1.24,0.28
0.01895,-1.24,0.28
0.01896,-1.24,0.2
0.01897,-1.24,0.24
0.01898,-1.24,0.2
0.01899,-1.28,0.2
0.019,-1.28,0.2
0.01901,-1.24,0.24
0.01902,-1.28,0.24
0.01903,-1.28,0.2
0.01904,-1.28,0.24
0.01905,-1.28,0.24
0.01906,-1.28,0.24
0.01907,-1.24,0.24
0.01908,-1.24,0.24
0.01909,-1.24,0.24
0.0191,-1.28,0.28
0.01911,-1.28,0.24
0.01912,-1.28,0.24
0.01913,-1.28,0.24
0.01914,-1.28,0.24
0.01915,-1.28,0.24
0.01916,-1.32,0.28
0.01917,-1.28,0.28
0.01918,-1.28,0.28
0.01919,-1.28,0.28
0.0192,-1.28,0.24
0.01921,-1.32,0.24
0.01922,-1.28,0.2
0.01923,-1.32,0.2
0.01924,-1.28,0.2
0.01925,-1.32,0.2
0.01926,-1.32,0.2
0.01927,-1.32,0.2
0.01928,-1.32,0.24
0.01929,-1.32,0.24
0.0193,-1.32,0.24
0.01931,-1.32,0.24
0.01932,-1.32,0.28
0.01933,-1.32,0.24
0.01934,-1.32,0.24
0.01935,-1.32,0.24
0.01936,-1.32,0.24
0.01937,-1.32,0.24
0.01938,-1.32,0.24
0.01939,-1.32,0.24
0.0194,-1.32,0.24
0.01941,-1.32,0.24
0.01942,-1.32,0.24
0.01943,-1.28,0.28
0.01944,-1.32,0.28
0.01945,-1.32,0.24
0.01946,-1.28,0.24
0.01947,-1.32,0.24
0.01948,-1.36,0.24
0.01949,-1.32,0.2
0.0195,-1.32,0.2
0.01951,-1.32,0.2
0.01952,-1.32,0.2
0.01953,-1.28,0.2
0.01954,-1.32,0.24
0.01955,-1.28,0.24
0.01956,-1.28,0.24
0.01957,-1.28,0.24
0.01958,-1.28,0.28
0.01959,-1.28,0.24
0.0196,-1.28,0.24
0.01961,-1.28,0.24
0.01962,-1.28,0.24
0.01963,-1.24,0.24
0.01964,-1.28,0.28
0.01965,-1.28,0.24
0.01966,-1.28,0.24
0.01967,-1.28,0.24
0.01968,-1.28,0.24
0.01969,-1.28,0.2
0.0197,-1.28,0.2
0.01971,-1.28,0.2
0.01972,-1.28,0.2
0.01973,-1.28,0.24
0.01974,-1.28,0.2
0.01975,-1.28,0.2
0.01976,-1.28,0.2
0.01977,-1.28,0.24
0.01978,-1.28,0.24
0.01979,-1.32,0.24
0.0198,-1.32,0.24
0.01981,-1.32,0.24
0.01982,-1.32,0.24
0.01983,-1.32,0.24
0.01984,-1.32,0.24
0.01985,-1.28,0.24
0.01986,-1.32,0.24
0.01987,-1.32,0.28
0.01988,-1.32,0.24
0.01989,-1.32,0.24
0.0199,-1.32,0.24
0.01991,-1.28,0.2
0.01992,-1.28,0.2
0.01993,-1.28,0.24
0.01994,-1.28,0.24
0.01995,-1.28,0.24
0.01996,-1.28,0.28
0.01997,-1.24,0.24
0.01998,-1.24,0.24
0.01999,-1.24,0.28
0.02,-1.24,0.28
0.02001,-1.28,0.28
0.02002,-1.24,0.24
0.02003,-1.24,0.24
0.02004,-1.28,0.24
0.02005,-1.24,0.24
0.02006,-1.24,0.28
0.02007,-1.24,0.28
0.02008,-1.24,0.24
0.02009,-1.24,0.24
0.0201,-1.28,0.24
0.02011,-1.28,0.24
0.02012,-1.24,0.2
0.02013,-1.28,0.24
0.02014,-1.24,0.2
0.02015,-1.28,0.2
0.02016,-1.28,0.24
0.02017,-1.24,0.2
0.02018,-1.24,0.2
0.02019,-1.24,0.2
0.0202,-1.28,0.2
0.02021,-1.32,0.24
0.02022,-1.32,0.24
0.02023,-1.32,0.24
0.02024,-1.32,0.24
0.02025,-1.36,0.24
0.02026,-1.36,0.2
0.02027,-1.32,0.2
0.02028,-1.32,0.2
0.02029,-1.32,0.2
0.0203,-1.32,0.2
0.02031,-1.28,0.2
0.02032,-1.28,0.2
0.02033,-1.28,0.24
0.02034,-1.32,0.24
0.02035,-1.28,0.24
0.02036,-1.28,0.24
0.02037,-1.32,0.2
0.02038,-1.32,0.2
0.02039,-1.28,0.2
0.0204,-1.32,0.24
0.02041,-1.32,0.24
0.02042,-1.28,0.28
0.02043,-1.28,0.24
0.02044,-1.28,0.24
0.02045,-1.28,0.24
0.02046,-1.28,0.28
0.02047,-1.28,0.24
0.02048,-1.28,0.28
0.02049,-1.28,0.28
0.0205,-1.32,0.28
0.02051,-1.28,0.24
0.02052,-1.32,0.24
0.02053,-1.32,0.28
0.02054,-1.28,0.24
0.02055,-1.28,0.24
0.02056,-1.24,0.24
0.02057,-1.28,0.28
0.02058,-1.28,0.24
0.02059,-1.24,0.24
0.0206,-1.28,0.24
0.02061,-1.28,0.24
0.02062,-1.28,0.2
0.02063,-1.28,0.2
0.02064,-1.28,0.24
0.02065,-1.32,0.24
0.02066,-1.32,0.24
0.02067,-1.28,0.28
0.02068,-1.28,0.28
0.02069,-1.28,0.28
0.0207,-1.28,0.28
0.02071,-1.24,0.24
0.02072,-1.24,0.24
0.02073,-1.24,0.28
0.02074,-1.24,0.28
0.02075,-1.24,0.24
0.02076,-1.24,0.28
0.02077,-1.24,0.28
0.02078,-1.24,0.28
0.02079,-1.24,0.24
0.0208,-1.24,0.28
0.02081,-1.24,0.24
0.02082,-1.28,0.24
0.02083,-1.28,0.24
0.02084,-1.24,0.24
0.02085,-1.24,0.24
0.02086,-1.28,0.24
0.02087,-1.28,0.24
0.02088,-1.24,0.28
0.02089,-1.24,0.28
0.0209,-1.2,0.24
0.02091,-1.24,0.24
0.02092,-1.24,0.28
0.02093,-1.24,0.28
0.02094,-1.28,0.28
0.02095,-1.28,0.28
0.02096,-1.32,0.28
0.02097,-1.28,0.28
0.02098,-1.28,0.28
0.02099,-1.24,0.24
0.021,-1.2,0.28
0.02101,-1.2,0.28
0.02102,-1.24,0.24
0.02103,-1.24,0.2
0.02104,-1.24,0.2
0.02105,-1.24,0.24
0.02106,-1.28,0.24
0.02107,-1.28,0.24
0.02108,-1.28,0.24
0.02109,-1.28,0.24
0.0211,-1.28,0.24
0.02111,-1.28,0.24
0.02112,-1.24,0.24
0.02113,-1.24,0.24
0.02114,-1.28,0.24
0.02115,-1.28,0.24
0.02116,-1.24,0.24
0.02117,-1.28,0.24
0.02118,-1.24,0.28
0.02119,-1.24,0.28
0.0212,-1.24,0.28
0.02121,-1.24,0.28
0.02122,-1.24,0.28
0.02123,-1.24,0.28
0.02124,-1.24,0.28
0.02125,-1.24,0.28
0.02126,-1.24,0.28
0.02127,-1.24,0.28
0.02128,-1.24,0.24
0.02129,-1.24,0.24
0.0213,-1.24,0.24
0.02131,-1.28,0.28
0.02132,-1.28,0.24
0.02133,-1.24,0.24
0.02134,-1.24,0.24
0.02135,-1.24,0.28
0.02136,-1.28,0.28
0.02137,-1.28,0.28
0.02138,-1.28,0.28
0.02139,-1.24,0.24
0.0214,-1.28,0.28
0.02141,-1.28,0.28
0.02142,-1.28,0.28
0.02143,-1.32,0.28
0.02144,-1.28,0.32
0.02145,-1.28,0.28
0.02146,-1.28,0.28
0.02147,-1.28,0.28
0.02148,-1.28,0.28
0.02149,-1.28,0.28
0.0215,-1.28,0.24
0.02151,-1.28,0.28
0.02152,-1.28,0.28
0.02153,-1.24,0.28
0.02154,-1.24,0.24
0.02155,-1.24,0.2
0.02156,-1.24,0.24
0.02157,-1.24,0.24
0.02158,-1.24,0.24
0.02159,-1.28,0.24
0.0216,-1.24,0.28
0.02161,-1.28,0.24
0.02162,-1.28,0.24
0.02163,-1.28,0.28
0.02164,-1.28,0.24
0.02165,-1.28,0.28
0.02166,-1.32,0.24
0.02167,-1.28,0.24
0.02168,-1.32,0.24
0.02169,-1.32,0.24
0.0217,-1.32,0.2
0.02171,-1.32,0.2
0.02172,-1.32,0.24
0.02173,-1.32,0.24
0.02174,-1.32,0.24
0.02175,-1.32,0.28
0.02176,-1.32,0.24
0.02177,-1.28,0.28
0.02178,-1.24,0.24
0.02179,-1.28,0.24
0.0218,-1.24,0.24
0.02181,-1.28,0.24
0.02182,-1.28,0.28
0.02183,-1.28,0.24
0.02184,-1.28,0.24
0.02185,-1.28,0.2
0.02186,-1.28,0.24
0.02187,-1.28,0.24
0.02188,-1.28,0.2
0.02189,-1.28,0.24
0.0219,-1.28,0.24
0.02191,-1.24,0.24
0.02192,-1.28,0.24
0.02193,-1.28,0.24
0.02194,-1.32,0.24
0.02195,-1.32,0.24
0.02196,-1.28,0.24
0.02197,-1.28,0.24
0.02198,-1.28,0.24
0.02199,-1.32,0.28
0.022,-1.28,0.24
0.02201,-1.28,0.24
0.02202,-1.24,0.24
0.02203,-1.24,0.28
0.02204,-1.28,0.24
0.02205,-1.24,0.24
0.02206,-1.28,0.24
0.02207,-1.28,0.24
0.02208,-1.28,0.24
0.02209,-1.28,0.24
0.0221,-1.28,0.24
0.02211,-1.28,0.2
0.02212,-1.28,0.2
0.02213,-1.28,0.2
0.02214,-1.28,0.2
0.02215,-1.28,0.24
0.02216,-1.28,0.24
0.02217,-1.28,0.24
0.02218,-1.28,0.24
0.02219,-1.28,0.24
0.0222,-1.28,0.24
0.02221,-1.24,0.24
0.02222,-1.24,0.24
0.02223,-1.24,0.24
0.02224,-1.28,0.24
0.02225,-1.28,0.24
0.02226,-1.28,0.24
0.02227,-1.32,0.24
0.02228,-1.32,0.24
0.02229,-1.32,0.28
0.0223,-1.32,0.24
0.02231,-1.32,0.24
0.02232,-1.32,0.24
0.02233,-1.32,0.24
0.02234,-1.32,0.24
0.02235,-1.32,0.28
0.02236,-1.32,0.24
0.02237,-1.28,0.24
0.02238,-1.28,0.24
0.02239,-1.28,0.24
