-0.0144,-1.336,0.28
-0.01436,-1.344,0.22
-0.01432,-1.36,0.26
-0.01428,-1.36,0.2
-0.01424,-1.336,0.22
-0.0142,-1.344,0.24
-0.01416,-1.36,0.2
-0.01412,-1.328,0.22
-0.01408,-1.36,0.22
-0.01404,-1.36,0.26
-0.014,-1.432,0.22
-0.01396,-1.392,0.2
-0.01392,-1.328,0.2
-0.01388,-1.368,0.2
-0.01384,-1.312,0.22
-0.0138,-1.4,0.24
-0.01376,-1.36,0.22
-0.01372,-1.352,0.24
-0.01368,-1.408,0.28
-0.01364,-1.384,0.24
-0.0136,-1.36,0.26
-0.01356,-1.344,0.26
-0.01352,-1.392,0.24
-0.01348,-1.368,0.22
-0.01344,-1.352,0.24
-0.0134,-1.368,0.2
-0.01336,-1.352,0.26
-0.01332,-1.4,0.26
-0.01328,-1.376,0.2
-0.01324,-1.36,0.22
-0.0132,-1.36,0.24
-0.01316,-1.376,0.2
-0.01312,-1.344,0.18
-0.01308,-1.368,0.28
-0.01304,-1.36,0.26
-0.013,-1.36,0.24
-0.01296,-1.368,0.26
-0.01292,-1.36,0.24
-0.01288,-1.36,0.26
-0.01284,-1.352,0.18
-0.0128,-1.36,0.24
-0.01276,-1.344,0.24
-0.01272,-1.376,0.24
-0.01268,-1.392,0.24
-0.01264,-1.376,0.26
-0.0126,-1.4,0.24
-0.01256,-1.368,0.26
-0.01252,-1.36,0.22
-0.01248,-1.368,0.24
-0.01244,-1.328,0.24
-0.0124,-1.328,0.22
-0.01236,-1.384,0.22
-0.01232,-1.368,0.28
-0.01228,-1.352,0.3
-0.01224,-1.36,0.22
-0.0122,-1.352,0.24
-0.01216,-1.392,0.22
-0.01212,-1.4,0.26
-0.01208,-1.352,0.26
-0.01204,-1.368,0.24
-0.012,-1.344,0.26
-0.01196,-1.384,0.28
-0.01192,-1.392,0.18
-0.01188,-1.384,0.22
-0.01184,-1.352,0.26
-0.0118,-1.344,0.28
-0.01176,-1.36,0.26
-0.01172,-1.4,0.26
-0.01168,-1.328,0.22
-0.01164,-1.368,0.22
-0.0116,-1.36,0.22
-0.01156,-1.368,0.26
-0.01152,-1.36,0.22
-0.01148,-1.384,0.24
-0.01144,-1.344,0.18
-0.0114,-1.288,0.24
-0.01136,-1.4,0.24
-0.01132,-1.368,0.2
-0.01128,-1.392,0.24
-0.01124,-1.336,0.22
-0.0112,-1.328,0.24
-0.01116,-1.36,0.22
-0.01112,-1.384,0.24
-0.01108,-1.376,0.22
-0.01104,-1.352,0.24
-0.011,-1.336,0.24
-0.01096,-1.368,0.22
-0.01092,-1.368,0.24
-0.01088,-1.368,0.26
-0.01084,-1.368,0.26
-0.0108,-1.36,0.3
-0.01076,-1.352,0.24
-0.01072,-1.304,0.26
-0.01068,-1.408,0.26
-0.01064,-1.344,0.22
-0.0106,-1.336,0.24
-0.01056,-1.432,0.24
-0.01052,-1.344,0.26
-0.01048,-1.36,0.24
-0.01044,-1.384,0.28
-0.0104,-1.376,0.24
-0.01036,-1.336,0.28
-0.01032,-1.328,0.28
-0.01028,-1.376,0.22
-0.01024,-1.36,0.22
-0.0102,-1.352,0.26
-0.01016,-1.368,0.26
-0.01012,-1.368,0.24
-0.01008,-1.352,0.22
-0.01004,-1.36,0.22
-0.01,-1.368,0.26
-0.00996,-1.336,0.2
-0.00992,-1.352,0.22
-0.00988,-1.384,0.2
-0.00984,-1.352,0.24
-0.0098,-1.384,0.26
-0.00976,-1.376,0.24
-0.00972,-1.44,0.28
-0.00968,-1.32,0.3
-0.00964,-1.376,0.24
-0.0096,-1.368,0.22
-0.00956,-1.36,0.22
-0.00952,-1.328,0.28
-0.00948,-1.32,0.24
-0.00944,-1.424,0.24
-0.0094,-1.384,0.26
-0.00936,-1.344,0.24
-0.00932,-1.344,0.22
-0.00928,-1.376,0.22
-0.00924,-1.392,0.26
-0.0092,-1.384,0.22
-0.00916,-1.384,0.26
-0.00912,-1.32,0.26
-0.00908,-1.376,0.24
-0.00904,-1.344,0.24
-0.009,-1.408,0.22
-0.00896,-1.328,0.24
-0.00892,-1.352,0.26
-0.00888,-1.392,0.24
-0.00884,-1.368,0.26
-0.0088,-1.344,0.22
-0.00876,-1.36,0.2
-0.00872,-1.384,0.26
-0.00868,-1.336,0.24
-0.00864,-1.36,0.22
-0.0086,-1.288,0.24
-0.00856,-1.432,0.24
-0.00852,-1.344,0.32
-0.00848,-1.32,0.24
-0.00844,-1.344,0.24
-0.0084,-1.424,0.22
-0.00836,-1.36,0.22
-0.00832,-1.36,0.26
-0.00828,-1.336,0.22
-0.00824,-1.328,0.32
-0.0082,-1.36,0.26
-0.00816,-1.352,0.26
-0.00812,-1.352,0.26
-0.00808,-1.368,0.22
-0.00804,-1.4,0.24
-0.008,-1.352,0.2
-0.00796,-1.352,0.26
-0.00792,-1.416,0.24
-0.00788,-1.328,0.28
-0.00784,-1.392,0.18
-0.0078,-1.392,0.28
-0.00776,-1.392,0.24
-0.00772,-1.344,0.2
-0.00768,-1.352,0.22
-0.00764,-1.344,0.24
-0.0076,-1.352,0.18
-0.00756,-1.344,0.22
-0.00752,-1.336,0.26
-0.00748,-1.352,0.24
-0.00744,-1.36,0.26
-0.0074,-1.368,0.22
-0.00736,-1.368,0.26
-0.00732,-1.368,0.26
-0.00728,-1.36,0.24
-0.00724,-1.328,0.28
-0.0072,-1.344,0.24
-0.00716,-1.384,0.26
-0.00712,-1.352,0.26
-0.00708,-1.328,0.26
-0.00704,-1.336,0.24
-0.007,-1.352,0.22
-0.00696,-1.36,0.26
-0.00692,-1.328,0.28
-0.00688,-1.376,0.22
-0.00684,-1.36,0.24
-0.0068,-1.344,0.32
-0.00676,-1.32,0.22
-0.00672,-1.376,0.28
-0.00668,-1.408,0.26
-0.00664,-1.352,0.22
-0.0066,-1.384,0.24
-0.00656,-1.368,0.18
-0.00652,-1.376,0.22
-0.00648,-1.352,0.24
-0.00644,-1.368,0.24
-0.0064,-1.36,0.24
-0.00636,-1.36,0.26
-0.00632,-1.368,0.22
-0.00628,-1.36,0.22
-0.00624,-1.36,0.22
-0.0062,-1.392,0.26
-0.00616,-1.384,0.24
-0.00612,-1.376,0.2
-0.00608,-1.368,0.22
-0.00604,-1.368,0.24
-0.006,-1.368,0.26
-0.00596,-1.376,0.24
-0.00592,-1.352,0.24
-0.00588,-1.368,0.22
-0.00584,-1.384,0.24
-0.0058,-1.32,0.26
-0.00576,-1.392,0.24
-0.00572,-1.408,0.24
-0.00568,-1.344,0.2
-0.00564,-1.344,0.22
-0.0056,-1.352,0.2
-0.00556,-1.408,0.26
-0.00552,-1.44,0.24
-0.00548,-1.344,0.22
-0.00544,-1.36,0.22
-0.0054,-1.312,0.24
-0.00536,-1.336,0.24
-0.00532,-1.392,0.24
-0.00528,-1.368,0.22
-0.00524,-1.328,0.2
-0.0052,-1.384,0.24
-0.00516,-1.376,0.26
-0.00512,-1.352,0.28
-0.00508,-1.344,0.22
-0.00504,-1.408,0.22
-0.005,-1.368,0.22
-0.00496,-1.408,0.26
-0.00492,-1.384,0.26
-0.00488,-1.368,0.2
-0.00484,-1.368,0.26
-0.0048,-1.368,0.26
-0.00476,-1.376,0.26
-0.00472,-1.352,0.24
-0.00468,-1.392,0.26
-0.00464,-1.384,0.22
-0.0046,-1.384,0.22
-0.00456,-1.392,0.26
-0.00452,-1.368,0.22
-0.00448,-1.408,0.28
-0.00444,-1.376,0.26
-0.0044,-1.392,0.26
-0.00436,-1.392,0.26
-0.00432,-1.376,0.24
-0.00428,-1.376,0.24
-0.00424,-1.368,0.26
-0.0042,-1.36,0.24
-0.00416,-1.368,0.24
-0.00412,-1.384,0.24
-0.00408,-1.36,0.24
-0.00404,-1.416,0.26
-0.004,-1.408,0.26
-0.00396,-1.4,0.22
-0.00392,-1.368,0.24
-0.00388,-1.352,0.28
-0.00384,-1.408,0.3
-0.0038,-1.392,0.26
-0.00376,-1.368,0.26
-0.00372,-1.4,0.2
-0.00368,-1.352,0.3
-0.00364,-1.376,0.26
-0.0036,-1.36,0.28
-0.00356,-1.376,0.24
-0.00352,-1.408,0.32
-0.00348,-1.352,0.24
-0.00344,-1.408,0.28
-0.0034,-1.344,0.22
-0.00336,-1.336,0.26
-0.00332,-1.376,0.24
-0.00328,-1.4,0.26
-0.00324,-1.376,0.22
-0.0032,-1.392,0.26
-0.00316,-1.408,0.28
-0.00312,-1.336,0.26
-0.00308,-1.36,0.3
-0.00304,-1.344,0.26
-0.003,-1.32,0.18
-0.00296,-1.376,0.26
-0.00292,-1.336,0.26
-0.00288,-1.328,0.26
-0.00284,-1.416,0.28
-0.0028,-1.344,0.26
-0.00276,-1.368,0.26
-0.00272,-1.416,0.26
-0.00268,-1.304,0.28
-0.00264,-1.384,0.28
-0.0026,-1.36,0.28
-0.00256,-1.384,0.28
-0.00252,-1.328,0.24
-0.00248,-1.36,0.26
-0.00244,-1.36,0.32
-0.0024,-1.408,0.24
-0.00236,-1.408,0.24
-0.00232,-1.392,0.26
-0.00228,-1.384,0.26
-0.00224,-1.36,0.3
-0.0022,-1.36,0.3
-0.00216,-1.344,0.22
-0.00212,-1.368,0.26
-0.00208,-1.344,0.28
-0.00204,-1.36,0.28
-0.002,-1.384,0.24
-0.00196,-1.424,0.24
-0.00192,-1.4,0.26
-0.00188,-1.384,0.26
-0.00184,-1.352,0.28
-0.0018,-1.328,0.28
-0.00176,-1.376,0.28
-0.00172,-1.328,0.28
-0.00168,-1.392,0.3
-0.00164,-1.392,0.3
-0.0016,-1.368,0.3
-0.00156,-1.376,0.32
-0.00152,-1.32,0.32
-0.00148,-1.344,0.28
-0.00144,-1.384,0.28
-0.0014,-1.36,0.28
-0.00136,-1.376,0.3
-0.00132,-1.368,0.24
-0.00128,-1.36,0.28
-0.00124,-1.368,0.26
-0.0012,-1.368,0.28
-0.00116,-1.352,0.28
-0.00112,-1.36,0.24
-0.00108,-1.384,0.28
-0.00104,-1.328,0.3
-0.001,-1.352,0.32
-0.00096,-1.408,0.28
-0.00092,-1.344,0.28
-0.00088,-1.376,0.32
-0.00084,-1.4,0.28
-0.0008,-1.36,0.28
-0.00076,-1.304,0.36
-0.00072,-1.344,0.3
-0.00068,-1.344,0.32
-0.00064,-1.4,0.28
-0.0006,-1.336,0.28
-0.00056,-1.352,0.3
-0.00052,-1.312,0.24
-0.00048,-1.368,0.26
-0.00044,-1.376,0.32
-0.0004,-1.336,0.28
-0.00036,-1.336,0.3
-0.00032,-1.368,0.28
-0.00028,-1.352,0.26
-0.00024,-1.336,0.3
-0.0002,-1.336,0.28
-0.00016,-1.352,0.26
-0.00012,-1.336,0.26
-8e-005,-1.752,0.18
-4e-005,-2.008,2.66
1.7347e-018,-2.008,2.66
4e-005,-1.24,1.6
8e-005,-1.072,0.58
0.00012,-1.048,1.84
0.00016,-1.552,0.84
0.0002,-1.56,0.64
0.00024,-1.56,0.44
0.00028,-1.488,0.4
0.00032,-1.504,0.36
0.00036,-1.464,0.4
0.0004,-1.504,0.3
0.00044,-1.48,0.28
0.00048,-1.464,0.22
0.00052,-1.456,0.22
0.00056,-1.456,0.2
0.0006,-1.44,0.22
0.00064,-1.44,0.18
0.00068,-1.464,0.16
0.00072,-1.456,0.16
0.00076,-1.432,0.12
0.0008,-1.464,0.18
0.00084,-1.432,0.16
0.00088,-1.472,0.16
0.00092,-1.448,0.14
0.00096,-1.432,0.14
0.001,-1.456,0.14
0.00104,-1.432,0.14
0.00108,-1.448,0.14
0.00112,-1.432,0.14
0.00116,-1.464,0.18
0.0012,-1.416,0.14
0.00124,-1.408,0.14
0.00128,-1.384,0.12
0.00132,-1.424,0.18
0.00136,-1.416,0.18
0.0014,-1.408,0.12
0.00144,-1.456,0.14
0.00148,-1.448,0.18
0.00152,-1.416,0.16
0.00156,-1.424,0.12
0.0016,-1.44,0.22
0.00164,-1.448,0.16
0.00168,-1.4,0.16
0.00172,-1.472,0.16
0.00176,-1.408,0.16
0.0018,-1.432,0.2
0.00184,-1.48,0.22
0.00188,-1.408,0.18
0.00192,-1.416,0.18
0.00196,-1.48,0.2
0.002,-1.416,0.16
0.00204,-1.4,0.22
0.00208,-1.44,0.2
0.00212,-1.408,0.2
0.00216,-1.44,0.2
0.0022,-1.432,0.22
0.00224,-1.408,0.24
0.00228,-1.44,0.2
0.00232,-1.424,0.2
0.00236,-1.424,0.22
0.0024,-1.4,0.24
0.00244,-1.392,0.32
0.00248,-1.44,0.22
0.00252,-1.432,0.2
0.00256,-1.408,0.24
0.0026,-1.384,0.22
0.00264,-1.4,0.2
0.00268,-1.376,0.24
0.00272,-1.368,0.24
0.00276,-1.4,0.2
0.0028,-1.392,0.22
0.00284,-1.464,0.26
0.00288,-1.416,0.26
0.00292,-1.4,0.26
0.00296,-1.44,0.24
0.003,-1.408,0.28
0.00304,-1.456,0.24
0.00308,-1.416,0.24
0.00312,-1.44,0.22
0.00316,-1.4,0.28
0.0032,-1.392,0.28
0.00324,-1.416,0.24
0.00328,-1.376,0.24
0.00332,-1.448,0.22
0.00336,-1.408,0.24
0.0034,-1.392,0.24
0.00344,-1.408,0.22
0.00348,-1.424,0.24
0.00352,-1.4,0.2
0.00356,-1.432,0.26
0.0036,-1.408,0.24
0.00364,-1.424,0.28
0.00368,-1.384,0.22
0.00372,-1.376,0.3
0.00376,-1.368,0.3
0.0038,-1.4,0.24
0.00384,-1.448,0.3
0.00388,-1.456,0.28
0.00392,-1.416,0.24
0.00396,-1.432,0.28
0.004,-1.432,0.24
0.00404,-1.384,0.26
0.00408,-1.4,0.26
0.00412,-1.392,0.28
0.00416,-1.376,0.26
0.0042,-1.432,0.28
0.00424,-1.432,0.28
0.00428,-1.408,0.26
0.00432,-1.368,0.3
0.00436,-1.4,0.3
0.0044,-1.392,0.28
0.00444,-1.392,0.24
0.00448,-1.392,0.26
0.00452,-1.432,0.22
0.00456,-1.408,0.2
0.0046,-1.408,0.32
0.00464,-1.376,0.26
0.00468,-1.44,0.26
0.00472,-1.424,0.26
0.00476,-1.392,0.24
0.0048,-1.416,0.28
0.00484,-1.448,0.26
0.00488,-1.416,0.26
0.00492,-1.384,0.24
0.00496,-1.416,0.28
0.005,-1.416,0.24
0.00504,-1.448,0.3
0.00508,-1.416,0.26
0.00512,-1.368,0.28
0.00516,-1.448,0.24
0.0052,-1.464,0.26
0.00524,-1.344,0.26
0.00528,-1.376,0.22
0.00532,-1.392,0.32
0.00536,-1.392,0.32
0.0054,-1.392,0.26
0.00544,-1.344,0.26
0.00548,-1.4,0.28
0.00552,-1.376,0.28
0.00556,-1.408,0.3
0.0056,-1.36,0.3
0.00564,-1.344,0.3
0.00568,-1.376,0.28
0.00572,-1.416,0.24
0.00576,-1.368,0.28
0.0058,-1.4,0.26
0.00584,-1.344,0.22
0.00588,-1.376,0.28
0.00592,-1.392,0.28
0.00596,-1.376,0.26
0.006,-1.416,0.32
0.00604,-1.4,0.26
0.00608,-1.408,0.22
0.00612,-1.408,0.24
0.00616,-1.368,0.26
0.0062,-1.424,0.24
0.00624,-1.376,0.26
0.00628,-1.376,0.28
0.00632,-1.352,0.24
0.00636,-1.344,0.26
0.0064,-1.368,0.24
0.00644,-1.376,0.3
0.00648,-1.376,0.26
0.00652,-1.344,0.24
0.00656,-1.336,0.3
0.0066,-1.36,0.26
0.00664,-1.4,0.2
0.00668,-1.376,0.26
0.00672,-1.376,0.26
0.00676,-1.416,0.28
0.0068,-1.376,0.26
0.00684,-1.384,0.18
0.00688,-1.328,0.24
0.00692,-1.408,0.24
0.00696,-1.352,0.26
0.007,-1.376,0.22
0.00704,-1.384,0.24
0.00708,-1.344,0.3
0.00712,-1.352,0.26
0.00716,-1.376,0.28
0.0072,-1.368,0.22
0.00724,-1.4,0.24
0.00728,-1.328,0.3
0.00732,-1.312,0.26
0.00736,-1.368,0.24
0.0074,-1.392,0.24
0.00744,-1.384,0.3
0.00748,-1.32,0.28
0.00752,-1.384,0.24
0.00756,-1.408,0.22
0.0076,-1.376,0.26
0.00764,-1.376,0.26
0.00768,-1.344,0.26
0.00772,-1.4,0.22
0.00776,-1.36,0.3
0.0078,-1.368,0.28
0.00784,-1.328,0.26
0.00788,-1.328,0.24
0.00792,-1.4,0.28
0.00796,-1.36,0.26
0.008,-1.368,0.28
0.00804,-1.384,0.22
0.00808,-1.368,0.24
0.00812,-1.328,0.28
0.00816,-1.36,0.24
0.0082,-1.368,0.24
0.00824,-1.352,0.26
0.00828,-1.352,0.24
0.00832,-1.312,0.26
0.00836,-1.368,0.24
0.0084,-1.392,0.24
0.00844,-1.36,0.28
0.00848,-1.344,0.3
0.00852,-1.4,0.26
0.00856,-1.336,0.24
0.0086,-1.36,0.24
0.00864,-1.368,0.28
0.00868,-1.36,0.28
0.00872,-1.36,0.3
0.00876,-1.368,0.26
0.0088,-1.328,0.3
0.00884,-1.32,0.22
0.00888,-1.336,0.24
0.00892,-1.416,0.26
0.00896,-1.336,0.22
0.009,-1.312,0.2
0.00904,-1.408,0.3
0.00908,-1.36,0.26
0.00912,-1.368,0.28
0.00916,-1.344,0.26
0.0092,-1.328,0.24
0.00924,-1.352,0.24
0.00928,-1.352,0.22
0.00932,-1.336,0.22
0.00936,-1.376,0.24
0.0094,-1.352,0.26
0.00944,-1.352,0.24
0.00948,-1.384,0.22
0.00952,-1.368,0.24
0.00956,-1.328,0.22
0.0096,-1.36,0.24
0.00964,-1.352,0.24
0.00968,-1.352,0.28
0.00972,-1.336,0.22
0.00976,-1.368,0.26
0.0098,-1.32,0.26
0.00984,-1.352,0.3
0.00988,-1.352,0.24
0.00992,-1.352,0.24
0.00996,-1.336,0.24
0.01,-1.368,0.24
0.01004,-1.408,0.26
0.01008,-1.376,0.22
0.01012,-1.32,0.28
0.01016,-1.368,0.26
0.0102,-1.312,0.24
0.01024,-1.4,0.26
0.01028,-1.384,0.24
0.01032,-1.36,0.26
0.01036,-1.368,0.26
0.0104,-1.392,0.26
0.01044,-1.36,0.28
0.01048,-1.384,0.24
0.01052,-1.384,0.24
0.01056,-1.344,0.26
0.0106,-1.384,0.26
0.01064,-1.336,0.22
0.01068,-1.352,0.24
0.01072,-1.328,0.28
0.01076,-1.432,0.26
0.0108,-1.368,0.24
0.01084,-1.36,0.24
0.01088,-1.352,0.2
0.01092,-1.368,0.24
0.01096,-1.392,0.22
0.011,-1.392,0.26
0.01104,-1.392,0.22
0.01108,-1.36,0.26
0.01112,-1.36,0.2
0.01116,-1.36,0.22
0.0112,-1.376,0.28
0.01124,-1.352,0.24
0.01128,-1.368,0.26
0.01132,-1.344,0.24
0.01136,-1.32,0.22
0.0114,-1.424,0.28
0.01144,-1.368,0.26
0.01148,-1.344,0.26
0.01152,-1.36,0.24
0.01156,-1.36,0.22
0.0116,-1.36,0.28
0.01164,-1.344,0.24
0.01168,-1.368,0.28
0.01172,-1.32,0.28
0.01176,-1.376,0.32
0.0118,-1.384,0.26
0.01184,-1.36,0.22
0.01188,-1.36,0.24
0.01192,-1.392,0.2
0.01196,-1.352,0.28
0.012,-1.384,0.26
0.01204,-1.336,0.22
0.01208,-1.344,0.22
0.01212,-1.432,0.24
0.01216,-1.328,0.22
0.0122,-1.368,0.28
0.01224,-1.416,0.28
0.01228,-1.384,0.22
0.01232,-1.352,0.26
0.01236,-1.368,0.26
0.0124,-1.384,0.26
0.01244,-1.344,0.26
0.01248,-1.344,0.24
0.01252,-1.384,0.24
0.01256,-1.368,0.22
0.0126,-1.336,0.2
0.01264,-1.392,0.26
0.01268,-1.4,0.24
0.01272,-1.384,0.26
0.01276,-1.376,0.26
0.0128,-1.408,0.22
0.01284,-1.352,0.22
0.01288,-1.36,0.24
0.01292,-1.336,0.28
0.01296,-1.384,0.24
0.013,-1.392,0.2
0.01304,-1.384,0.26
0.01308,-1.368,0.24
0.01312,-1.344,0.26
0.01316,-1.4,0.24
0.0132,-1.344,0.28
0.01324,-1.36,0.28
0.01328,-1.352,0.28
0.01332,-1.36,0.22
0.01336,-1.392,0.24
0.0134,-1.352,0.24
0.01344,-1.368,0.22
0.01348,-1.368,0.28
0.01352,-1.368,0.22
0.01356,-1.392,0.24
0.0136,-1.368,0.28
0.01364,-1.384,0.22
0.01368,-1.392,0.2
0.01372,-1.368,0.3
0.01376,-1.4,0.26
0.0138,-1.376,0.24
0.01384,-1.384,0.26
0.01388,-1.36,0.18
0.01392,-1.376,0.22
0.01396,-1.376,0.22
0.014,-1.368,0.24
0.01404,-1.328,0.22
0.01408,-1.368,0.24
0.01412,-1.392,0.2
0.01416,-1.344,0.3
0.0142,-1.376,0.28
0.01424,-1.424,0.26
0.01428,-1.352,0.28
0.01432,-1.352,0.22
0.01436,-1.344,0.22
0.0144,-1.4,0.28
0.01444,-1.352,0.22
0.01448,-1.4,0.32
0.01452,-1.336,0.24
0.01456,-1.384,0.32
0.0146,-1.384,0.22
0.01464,-1.376,0.2
0.01468,-1.376,0.24
0.01472,-1.424,0.26
0.01476,-1.448,0.26
0.0148,-1.384,0.22
0.01484,-1.384,0.24
0.01488,-1.336,0.24
0.01492,-1.384,0.24
0.01496,-1.416,0.22
0.015,-1.392,0.26
0.01504,-1.392,0.28
0.01508,-1.392,0.28
0.01512,-1.336,0.28
0.01516,-1.4,0.22
0.0152,-1.352,0.24
0.01524,-1.392,0.24
0.01528,-1.416,0.22
0.01532,-1.376,0.26
0.01536,-1.384,0.24
0.0154,-1.352,0.24
0.01544,-1.344,0.32
0.01548,-1.344,0.22
0.01552,-1.368,0.24
0.01556,-1.368,0.24
0.0156,-1.36,0.26
0.01564,-1.344,0.22
0.01568,-1.352,0.24
0.01572,-1.392,0.26
0.01576,-1.392,0.28
0.0158,-1.344,0.26
0.01584,-1.368,0.26
0.01588,-1.4,0.28
0.01592,-1.344,0.26
0.01596,-1.336,0.22
0.016,-1.384,0.22
0.01604,-1.392,0.26
0.01608,-1.352,0.28
0.01612,-1.384,0.22
0.01616,-1.36,0.26
0.0162,-1.352,0.28
0.01624,-1.36,0.28
0.01628,-1.36,0.24
0.01632,-1.36,0.26
0.01636,-1.352,0.24
0.0164,-1.368,0.24
0.01644,-1.376,0.26
0.01648,-1.376,0.26
0.01652,-1.344,0.32
0.01656,-1.376,0.26
0.0166,-1.368,0.24
0.01664,-1.352,0.26
0.01668,-1.368,0.22
0.01672,-1.392,0.28
0.01676,-1.36,0.22
0.0168,-1.368,0.22
0.01684,-1.352,0.26
0.01688,-1.368,0.24
0.01692,-1.352,0.28
0.01696,-1.392,0.26
0.017,-1.392,0.28
0.01704,-1.376,0.26
0.01708,-1.376,0.3
0.01712,-1.4,0.22
0.01716,-1.384,0.22
0.0172,-1.376,0.26
0.01724,-1.368,0.26
0.01728,-1.368,0.22
0.01732,-1.36,0.2
0.01736,-1.336,0.24
0.0174,-1.4,0.24
0.01744,-1.384,0.32
0.01748,-1.36,0.18
0.01752,-1.392,0.22
0.01756,-1.408,0.22
0.0176,-1.336,0.26
0.01764,-1.368,0.26
0.01768,-1.344,0.28
0.01772,-1.352,0.26
0.01776,-1.368,0.24
0.0178,-1.408,0.28
0.01784,-1.384,0.26
0.01788,-1.36,0.22
0.01792,-1.384,0.24
0.01796,-1.384,0.22
0.018,-1.36,0.22
0.01804,-1.4,0.24
0.01808,-1.376,0.26
0.01812,-1.368,0.24
0.01816,-1.376,0.28
0.0182,-1.352,0.26
0.01824,-1.384,0.26
0.01828,-1.384,0.28
0.01832,-1.376,0.3
0.01836,-1.368,0.24
0.0184,-1.376,0.24
0.01844,-1.4,0.26
0.01848,-1.392,0.26
0.01852,-1.368,0.24
0.01856,-1.352,0.24
0.0186,-1.4,0.3
0.01864,-1.392,0.26
0.01868,-1.36,0.26
0.01872,-1.36,0.28
0.01876,-1.376,0.22
0.0188,-1.392,0.24
0.01884,-1.36,0.28
0.01888,-1.344,0.22
0.01892,-1.392,0.26
0.01896,-1.368,0.26
0.019,-1.368,0.26
0.01904,-1.336,0.26
0.01908,-1.408,0.26
0.01912,-1.336,0.28
0.01916,-1.344,0.24
0.0192,-1.36,0.3
0.01924,-1.36,0.28
0.01928,-1.36,0.2
0.01932,-1.368,0.24
0.01936,-1.392,0.26
0.0194,-1.36,0.3
0.01944,-1.424,0.26
0.01948,-1.392,0.26
0.01952,-1.392,0.26
0.01956,-1.336,0.26
0.0196,-1.376,0.28
0.01964,-1.408,0.22
0.01968,-1.368,0.3
0.01972,-1.344,0.26
0.01976,-1.384,0.28
0.0198,-1.368,0.26
0.01984,-1.384,0.22
0.01988,-1.392,0.24
0.01992,-1.384,0.24
0.01996,-1.384,0.26
0.02,-1.4,0.22
0.02004,-1.352,0.28
0.02008,-1.376,0.26
0.02012,-1.36,0.24
0.02016,-1.368,0.26
0.0202,-1.392,0.26
0.02024,-1.368,0.32
0.02028,-1.384,0.28
0.02032,-1.336,0.24
0.02036,-1.392,0.18
0.0204,-1.344,0.22
0.02044,-1.376,0.24
0.02048,-1.408,0.22
0.02052,-1.376,0.28
0.02056,-1.36,0.24
0.0206,-1.376,0.26
0.02064,-1.352,0.26
0.02068,-1.32,0.3
0.02072,-1.368,0.22
0.02076,-1.408,0.26
0.0208,-1.392,0.24
0.02084,-1.376,0.24
0.02088,-1.32,0.24
0.02092,-1.392,0.24
0.02096,-1.384,0.26
0.021,-1.328,0.26
0.02104,-1.328,0.26
0.02108,-1.368,0.22
0.02112,-1.352,0.24
0.02116,-1.4,0.26
0.0212,-1.392,0.26
0.02124,-1.352,0.28
0.02128,-1.352,0.26
0.02132,-1.376,0.28
0.02136,-1.352,0.24
0.0214,-1.328,0.26
0.02144,-1.368,0.28
0.02148,-1.344,0.3
0.02152,-1.376,0.26
0.02156,-1.344,0.28
0.0216,-1.36,0.28
0.02164,-1.392,0.24
0.02168,-1.328,0.28
0.02172,-1.4,0.3
0.02176,-1.376,0.22
0.0218,-1.368,0.26
0.02184,-1.392,0.3
0.02188,-1.368,0.24
0.02192,-1.336,0.24
0.02196,-1.368,0.22
0.022,-1.352,0.28
0.02204,-1.36,0.28
0.02208,-1.368,0.24
0.02212,-1.376,0.24
0.02216,-1.392,0.3
0.0222,-1.352,0.22
0.02224,-1.376,0.26
0.02228,-1.352,0.26
0.02232,-1.336,0.2
0.02236,-1.376,0.26
0.0224,-1.36,0.2
0.02244,-1.352,0.22
0.02248,-1.368,0.22
0.02252,-1.304,0.28
0.02256,-1.328,0.28
0.0226,-1.392,0.24
0.02264,-1.408,0.26
0.02268,-1.368,0.22
0.02272,-1.344,0.24
0.02276,-1.376,0.22
0.0228,-1.344,0.26
0.02284,-1.368,0.24
0.02288,-1.392,0.26
0.02292,-1.344,0.26
0.02296,-1.36,0.24
0.023,-1.44,0.22
0.02304,-1.392,0.24
0.02308,-1.4,0.26
0.02312,-1.384,0.22
0.02316,-1.392,0.22
0.0232,-1.384,0.26
0.02324,-1.352,0.26
0.02328,-1.36,0.28
0.02332,-1.376,0.28
0.02336,-1.384,0.2
0.0234,-1.352,0.24
0.02344,-1.328,0.26
0.02348,-1.352,0.24
0.02352,-1.336,0.26
0.02356,-1.368,0.2
0.0236,-1.392,0.24
0.02364,-1.352,0.28
0.02368,-1.376,0.28
0.02372,-1.352,0.26
0.02376,-1.352,0.26
0.0238,-1.392,0.3
0.02384,-1.368,0.24
0.02388,-1.4,0.2
0.02392,-1.36,0.24
0.02396,-1.384,0.26
0.024,-1.36,0.26
0.02404,-1.392,0.24
0.02408,-1.384,0.26
0.02412,-1.376,0.26
0.02416,-1.376,0.24
0.0242,-1.344,0.28
0.02424,-1.4,0.26
0.02428,-1.376,0.26
0.02432,-1.344,0.24
0.02436,-1.376,0.22
0.0244,-1.36,0.3
0.02444,-1.344,0.3
0.02448,-1.352,0.28
0.02452,-1.352,0.28
0.02456,-1.352,0.26
0.0246,-1.408,0.28
0.02464,-1.344,0.26
0.02468,-1.376,0.26
0.02472,-1.344,0.26
0.02476,-1.376,0.22
0.0248,-1.336,0.18
0.02484,-1.36,0.22
0.02488,-1.352,0.22
0.02492,-1.336,0.24
0.02496,-1.376,0.24
0.025,-1.384,0.24
0.02504,-1.36,0.22
0.02508,-1.384,0.26
0.02512,-1.368,0.24
0.02516,-1.328,0.18
0.0252,-1.4,0.24
0.02524,-1.368,0.24
0.02528,-1.408,0.26
0.02532,-1.336,0.24
0.02536,-1.352,0.26
0.0254,-1.368,0.24
0.02544,-1.36,0.26
0.02548,-1.384,0.22
0.02552,-1.352,0.26
0.02556,-1.368,0.24
0.0256,-1.368,0.3
0.02564,-1.376,0.24
0.02568,-1.384,0.22
0.02572,-1.368,0.28
0.02576,-1.368,0.22
0.0258,-1.312,0.28
0.02584,-1.4,0.22
0.02588,-1.392,0.22
0.02592,-1.328,0.2
0.02596,-1.36,0.24
0.026,-1.36,0.24
0.02604,-1.408,0.22
0.02608,-1.36,0.24
0.02612,-1.384,0.3
0.02616,-1.352,0.26
0.0262,-1.392,0.26
0.02624,-1.424,0.22
0.02628,-1.352,0.24
0.02632,-1.4,0.24
0.02636,-1.32,0.22
0.0264,-1.376,0.2
0.02644,-1.344,0.26
0.02648,-1.328,0.28
0.02652,-1.384,0.22
0.02656,-1.36,0.22
0.0266,-1.368,0.24
0.02664,-1.344,0.26
0.02668,-1.352,0.24
0.02672,-1.368,0.24
0.02676,-1.384,0.24
0.0268,-1.4,0.28
0.02684,-1.344,0.24
0.02688,-1.36,0.24
0.02692,-1.36,0.26
0.02696,-1.36,0.24
0.027,-1.352,0.24
0.02704,-1.368,0.18
0.02708,-1.384,0.24
0.02712,-1.344,0.28
0.02716,-1.344,0.24
0.0272,-1.36,0.2
0.02724,-1.392,0.2
0.02728,-1.384,0.24
0.02732,-1.344,0.24
0.02736,-1.36,0.28
0.0274,-1.376,0.22
0.02744,-1.376,0.28
0.02748,-1.368,0.22
0.02752,-1.36,0.22
0.02756,-1.392,0.24
0.0276,-1.344,0.24
0.02764,-1.376,0.26
0.02768,-1.352,0.24
0.02772,-1.36,0.22
0.02776,-1.36,0.22
0.0278,-1.344,0.3
0.02784,-1.352,0.24
0.02788,-1.344,0.24
0.02792,-1.36,0.22
0.02796,-1.4,0.2
0.028,-1.368,0.22
0.02804,-1.392,0.22
0.02808,-1.432,0.22
0.02812,-1.312,0.26
0.02816,-1.384,0.28
0.0282,-1.4,0.26
0.02824,-1.368,0.24
0.02828,-1.36,0.24
0.02832,-1.376,0.26
0.02836,-1.368,0.28
0.0284,-1.376,0.24
0.02844,-1.432,0.3
0.02848,-1.36,0.24
0.02852,-1.368,0.26
0.02856,-1.368,0.28
0.0286,-1.352,0.26
0.02864,-1.352,0.24
0.02868,-1.408,0.2
0.02872,-1.4,0.22
0.02876,-1.424,0.2
0.0288,-1.344,0.26
0.02884,-1.368,0.24
0.02888,-1.36,0.26
0.02892,-1.352,0.2
0.02896,-1.368,0.22
0.029,-1.336,0.22
0.02904,-1.352,0.22
0.02908,-1.384,0.26
0.02912,-1.352,0.26
0.02916,-1.368,0.3
0.0292,-1.368,0.22
0.02924,-1.368,0.26
0.02928,-1.408,0.26
0.02932,-1.384,0.24
0.02936,-1.392,0.26
0.0294,-1.392,0.24
0.02944,-1.352,0.26
0.02948,-1.336,0.26
0.02952,-1.336,0.22
0.02956,-1.376,0.28
0.0296,-1.352,0.26
0.02964,-1.344,0.24
0.02968,-1.4,0.24
0.02972,-1.352,0.24
0.02976,-1.368,0.26
0.0298,-1.336,0.26
0.02984,-1.336,0.22
0.02988,-1.392,0.24
0.02992,-1.368,0.28
0.02996,-1.352,0.26
0.03,-1.4,0.22
0.03004,-1.392,0.28
0.03008,-1.36,0.26
0.03012,-1.368,0.22
0.03016,-1.344,0.24
0.0302,-1.392,0.2
0.03024,-1.384,0.24
0.03028,-1.368,0.2
0.03032,-1.392,0.16
0.03036,-1.36,0.26
0.0304,-1.392,0.26
0.03044,-1.368,0.22
0.03048,-1.4,0.24
0.03052,-1.368,0.24
0.03056,-1.384,0.22
0.0306,-1.376,0.26
0.03064,-1.408,0.2
0.03068,-1.368,0.24
0.03072,-1.368,0.28
0.03076,-1.36,0.22
0.0308,-1.384,0.24
0.03084,-1.408,0.22
0.03088,-1.344,0.24
0.03092,-1.352,0.22
0.03096,-1.368,0.24
0.031,-1.36,0.22
0.03104,-1.408,0.26
0.03108,-1.392,0.24
0.03112,-1.368,0.2
0.03116,-1.384,0.24
0.0312,-1.376,0.24
0.03124,-1.376,0.22
0.03128,-1.376,0.24
0.03132,-1.4,0.26
0.03136,-1.368,0.26
0.0314,-1.376,0.3
0.03144,-1.344,0.22
0.03148,-1.384,0.22
0.03152,-1.408,0.26
0.03156,-1.376,0.26
0.0316,-1.376,0.26
0.03164,-1.352,0.24
0.03168,-1.384,0.24
0.03172,-1.344,0.24
0.03176,-1.352,0.26
0.0318,-1.296,0.22
0.03184,-1.368,0.24
0.03188,-1.368,0.22
0.03192,-1.36,0.28
0.03196,-1.408,0.2
0.032,-1.408,0.24
0.03204,-1.384,0.24
0.03208,-1.384,0.22
0.03212,-1.4,0.28
0.03216,-1.376,0.26
0.0322,-1.344,0.24
0.03224,-1.336,0.22
0.03228,-1.344,0.22
0.03232,-1.376,0.22
0.03236,-1.4,0.26
0.0324,-1.384,0.24
0.03244,-1.36,0.26
0.03248,-1.384,0.2
0.03252,-1.384,0.22
0.03256,-1.392,0.26
0.0326,-1.392,0.28
0.03264,-1.352,0.24
0.03268,-1.392,0.22
0.03272,-1.392,0.24
0.03276,-1.352,0.28
0.0328,-1.336,0.26
0.03284,-1.392,0.26
0.03288,-1.392,0.22
0.03292,-1.384,0.22
0.03296,-1.344,0.26
0.033,-1.368,0.22
0.03304,-1.384,0.26
0.03308,-1.36,0.22
0.03312,-1.408,0.22
0.03316,-1.352,0.24
0.0332,-1.4,0.26
0.03324,-1.328,0.22
0.03328,-1.384,0.26
0.03332,-1.336,0.24
0.03336,-1.384,0.24
0.0334,-1.376,0.24
0.03344,-1.384,0.26
0.03348,-1.344,0.24
0.03352,-1.368,0.24
0.03356,-1.368,0.26
0.0336,-1.352,0.2
0.03364,-1.384,0.26
0.03368,-1.344,0.22
0.03372,-1.36,0.26
0.03376,-1.352,0.22
0.0338,-1.384,0.26
0.03384,-1.36,0.24
0.03388,-1.328,0.26
0.03392,-1.376,0.24
0.03396,-1.384,0.3
0.034,-1.384,0.26
0.03404,-1.352,0.26
0.03408,-1.4,0.26
0.03412,-1.344,0.22
0.03416,-1.392,0.24
0.0342,-1.36,0.2
0.03424,-1.384,0.28
0.03428,-1.344,0.28
0.03432,-1.36,0.22
0.03436,-1.408,0.24
0.0344,-1.4,0.2
0.03444,-1.4,0.26
0.03448,-1.368,0.24
0.03452,-1.384,0.24
0.03456,-1.4,0.28
0.0346,-1.4,0.26
0.03464,-1.384,0.24
0.03468,-1.32,0.24
0.03472,-1.368,0.28
0.03476,-1.384,0.22
0.0348,-1.36,0.26
0.03484,-1.384,0.24
0.03488,-1.392,0.22
0.03492,-1.36,0.24
0.03496,-1.36,0.28
0.035,-1.328,0.22
0.03504,-1.4,0.22
0.03508,-1.368,0.2
0.03512,-1.368,0.28
0.03516,-1.368,0.22
0.0352,-1.344,0.24
0.03524,-1.392,0.26
0.03528,-1.448,0.28
0.03532,-1.408,0.24
0.03536,-1.368,0.28
0.0354,-1.408,0.22
0.03544,-1.368,0.28
0.03548,-1.352,0.26
0.03552,-1.376,0.28
0.03556,-1.352,0.28
0.0356,-1.368,0.28
0.03564,-1.336,0.26
0.03568,-1.36,0.28
0.03572,-1.384,0.26
0.03576,-1.352,0.24
0.0358,-1.344,0.22
0.03584,-1.376,0.24
0.03588,-1.368,0.24
0.03592,-1.344,0.24
0.03596,-1.376,0.24
0.036,-1.336,0.26
0.03604,-1.376,0.22
0.03608,-1.36,0.24
0.03612,-1.392,0.28
0.03616,-1.368,0.28
0.0362,-1.36,0.28
0.03624,-1.376,0.26
0.03628,-1.392,0.26
0.03632,-1.384,0.24
0.03636,-1.36,0.22
0.0364,-1.424,0.22
0.03644,-1.368,0.22
0.03648,-1.32,0.26
0.03652,-1.344,0.28
0.03656,-1.36,0.22
0.0366,-1.392,0.2
0.03664,-1.408,0.24
0.03668,-1.352,0.2
0.03672,-1.312,0.2
0.03676,-1.352,0.22
0.0368,-1.4,0.24
0.03684,-1.384,0.24
0.03688,-1.384,0.18
0.03692,-1.384,0.22
0.03696,-1.352,0.24
0.037,-1.392,0.24
0.03704,-1.272,0.22
0.03708,-1.408,0.22
0.03712,-1.336,0.24
0.03716,-1.368,0.26
0.0372,-1.368,0.2
0.03724,-1.392,0.24
0.03728,-1.328,0.26
0.03732,-1.368,0.26
0.03736,-1.416,0.26
0.0374,-1.392,0.22
0.03744,-1.392,0.2
0.03748,-1.352,0.26
0.03752,-1.376,0.22
0.03756,-1.384,0.2
0.0376,-1.368,0.22
0.03764,-1.376,0.26
0.03768,-1.368,0.22
0.03772,-1.36,0.22
0.03776,-1.36,0.22
0.0378,-1.368,0.28
0.03784,-1.352,0.26
0.03788,-1.336,0.3
0.03792,-1.384,0.22
0.03796,-1.36,0.26
0.038,-1.36,0.26
0.03804,-1.376,0.24
0.03808,-1.352,0.18
0.03812,-1.376,0.22
0.03816,-1.304,0.22
0.0382,-1.384,0.26
0.03824,-1.352,0.24
0.03828,-1.424,0.22
0.03832,-1.368,0.22
0.03836,-1.344,0.26
0.0384,-1.36,0.22
0.03844,-1.368,0.24
0.03848,-1.344,0.28
0.03852,-1.352,0.22
0.03856,-1.408,0.26
0.0386,-1.392,0.22
0.03864,-1.368,0.28
0.03868,-1.328,0.22
0.03872,-1.36,0.26
0.03876,-1.344,0.24
0.0388,-1.376,0.24
0.03884,-1.352,0.22
0.03888,-1.336,0.2
0.03892,-1.368,0.24
0.03896,-1.392,0.22
0.039,-1.352,0.24
0.03904,-1.376,0.22
0.03908,-1.368,0.26
0.03912,-1.344,0.22
0.03916,-1.328,0.26
0.0392,-1.344,0.24
0.03924,-1.392,0.24
0.03928,-1.368,0.26
0.03932,-1.408,0.22
0.03936,-1.304,0.22
0.0394,-1.328,0.24
0.03944,-1.368,0.26
0.03948,-1.352,0.22
0.03952,-1.36,0.22
0.03956,-1.368,0.24
0.0396,-1.352,0.22
0.03964,-1.312,0.22
0.03968,-1.328,0.2
0.03972,-1.336,0.26
0.03976,-1.304,0.22
0.0398,-1.32,0.26
0.03984,-1.344,0.26
0.03988,-1.352,0.26
0.03992,-1.344,0.26
0.03996,-1.352,0.24
0.04,-1.344,0.28
0.04004,-1.376,0.24
0.04008,-1.384,0.26
0.04012,-1.344,0.2
0.04016,-1.36,0.24
0.0402,-1.344,0.28
0.04024,-1.368,0.24
0.04028,-1.32,0.24
0.04032,-1.368,0.24
0.04036,-1.336,0.24
0.0404,-1.328,0.22
0.04044,-1.392,0.24
0.04048,-1.304,0.22
0.04052,-1.384,0.22
0.04056,-1.344,0.26
0.0406,-1.344,0.26
0.04064,-1.376,0.26
0.04068,-1.4,0.22
0.04072,-1.328,0.22
0.04076,-1.368,0.22
0.0408,-1.368,0.24
0.04084,-1.376,0.3
0.04088,-1.32,0.22
0.04092,-1.336,0.24
0.04096,-1.352,0.22
0.041,-1.368,0.26
0.04104,-1.392,0.26
0.04108,-1.352,0.24
0.04112,-1.424,0.24
0.04116,-1.344,0.22
0.0412,-1.336,0.24
0.04124,-1.408,0.24
0.04128,-1.384,0.2
0.04132,-1.328,0.26
0.04136,-1.384,0.26
0.0414,-1.328,0.26
0.04144,-1.376,0.3
0.04148,-1.352,0.18
0.04152,-1.352,0.22
0.04156,-1.368,0.22
0.0416,-1.368,0.22
0.04164,-1.384,0.26
0.04168,-1.336,0.2
0.04172,-1.416,0.24
0.04176,-1.376,0.24
0.0418,-1.384,0.24
0.04184,-1.408,0.26
0.04188,-1.384,0.24
0.04192,-1.312,0.24
0.04196,-1.384,0.24
0.042,-1.352,0.2
0.04204,-1.368,0.26
0.04208,-1.352,0.24
0.04212,-1.336,0.24
0.04216,-1.336,0.22
0.0422,-1.336,0.24
0.04224,-1.352,0.26
0.04228,-1.4,0.22
0.04232,-1.344,0.26
0.04236,-1.416,0.2
0.0424,-1.384,0.26
0.04244,-1.368,0.26
0.04248,-1.384,0.22
0.04252,-1.344,0.26
0.04256,-1.36,0.24
0.0426,-1.352,0.24
0.04264,-1.384,0.24
0.04268,-1.376,0.26
0.04272,-1.304,0.24
0.04276,-1.376,0.26
0.0428,-1.376,0.24
0.04284,-1.336,0.24
0.04288,-1.392,0.28
0.04292,-1.376,0.2
0.04296,-1.36,0.24
0.043,-1.384,0.28
0.04304,-1.384,0.28
0.04308,-1.384,0.28
0.04312,-1.32,0.22
0.04316,-1.4,0.2
0.0432,-1.36,0.2
0.04324,-1.384,0.2
0.04328,-1.392,0.22
0.04332,-1.328,0.22
0.04336,-1.384,0.22
0.0434,-1.36,0.26
0.04344,-1.384,0.22
0.04348,-1.36,0.28
0.04352,-1.392,0.24
0.04356,-1.432,0.26
0.0436,-1.384,0.22
0.04364,-1.336,0.2
0.04368,-1.352,0.2
0.04372,-1.336,0.2
0.04376,-1.312,0.26
0.0438,-1.344,0.24
0.04384,-1.376,0.22
0.04388,-1.352,0.18
0.04392,-1.36,0.24
0.04396,-1.344,0.2
0.044,-1.328,0.24
0.04404,-1.408,0.16
0.04408,-1.384,0.2
0.04412,-1.384,0.24
0.04416,-1.384,0.24
0.0442,-1.384,0.2
0.04424,-1.368,0.22
0.04428,-1.36,0.24
0.04432,-1.352,0.2
0.04436,-1.376,0.22
0.0444,-1.392,0.2
0.04444,-1.36,0.26
0.04448,-1.352,0.2
0.04452,-1.4,0.18
0.04456,-1.344,0.18
0.0446,-1.36,0.24
0.04464,-1.376,0.16
0.04468,-1.36,0.22
0.04472,-1.4,0.22
0.04476,-1.368,0.22
0.0448,-1.352,0.18
0.04484,-1.376,0.24
0.04488,-1.376,0.18
0.04492,-1.336,0.22
0.04496,-1.36,0.22
0.045,-1.368,0.22
0.04504,-1.488,0.22
0.04508,-1.392,0.2
0.04512,-1.408,0.2
0.04516,-1.384,0.24
0.0452,-1.4,0.22
0.04524,-1.344,0.2
0.04528,-1.368,0.22
0.04532,-1.376,0.24
0.04536,-1.376,0.2
0.0454,-1.328,0.26
0.04544,-1.352,0.2
0.04548,-1.368,0.22
0.04552,-1.376,0.2
0.04556,-1.384,0.22
0.0456,-1.392,0.2
0.04564,-1.32,0.2
0.04568,-1.384,0.24
0.04572,-1.376,0.2
0.04576,-1.376,0.18
0.0458,-1.392,0.2
0.04584,-1.4,0.2
0.04588,-1.376,0.22
0.04592,-1.368,0.2
0.04596,-1.376,0.22
0.046,-1.384,0.24
0.04604,-1.384,0.24
0.04608,-1.352,0.22
0.04612,-1.368,0.24
0.04616,-1.376,0.2
0.0462,-1.36,0.16
0.04624,-1.352,0.22
0.04628,-1.384,0.24
0.04632,-1.368,0.2
0.04636,-1.368,0.22
0.0464,-1.392,0.22
0.04644,-1.4,0.22
0.04648,-1.408,0.24
0.04652,-1.352,0.22
0.04656,-1.352,0.2
0.0466,-1.352,0.2
0.04664,-1.384,0.24
0.04668,-1.392,0.24
0.04672,-1.368,0.26
0.04676,-1.352,0.22
0.0468,-1.336,0.24
0.04684,-1.336,0.22
0.04688,-1.384,0.26
0.04692,-1.336,0.24
0.04696,-1.392,0.24
0.047,-1.376,0.24
0.04704,-1.36,0.2
0.04708,-1.336,0.2
0.04712,-1.384,0.18
0.04716,-1.352,0.18
0.0472,-1.376,0.26
0.04724,-1.376,0.3
0.04728,-1.376,0.2
0.04732,-1.352,0.26
0.04736,-1.352,0.24
0.0474,-1.344,0.22
0.04744,-1.392,0.22
0.04748,-1.384,0.22
0.04752,-1.368,0.24
0.04756,-1.36,0.24
0.0476,-1.384,0.2
0.04764,-1.352,0.22
0.04768,-1.368,0.24
0.04772,-1.408,0.24
0.04776,-1.352,0.22
0.0478,-1.392,0.26
0.04784,-1.424,0.22
0.04788,-1.36,0.22
0.04792,-1.392,0.22
0.04796,-1.384,0.22
0.048,-1.344,0.22
0.04804,-1.392,0.24
0.04808,-1.328,0.22
0.04812,-1.384,0.2
0.04816,-1.368,0.24
0.0482,-1.376,0.2
0.04824,-1.32,0.2
0.04828,-1.384,0.22
0.04832,-1.376,0.22
0.04836,-1.336,0.22
0.0484,-1.368,0.24
0.04844,-1.384,0.26
0.04848,-1.36,0.24
0.04852,-1.384,0.3
0.04856,-1.32,0.22
0.0486,-1.392,0.26
0.04864,-1.392,0.26
0.04868,-1.376,0.24
0.04872,-1.368,0.2
0.04876,-1.336,0.22
0.0488,-1.4,0.24
0.04884,-1.344,0.22
0.04888,-1.384,0.24
0.04892,-1.36,0.18
0.04896,-1.368,0.22
0.049,-1.368,0.26
0.04904,-1.368,0.22
0.04908,-1.36,0.22
0.04912,-1.368,0.2
0.04916,-1.384,0.22
0.0492,-1.432,0.26
0.04924,-1.384,0.2
0.04928,-1.376,0.24
0.04932,-1.352,0.24
0.04936,-1.352,0.24
0.0494,-1.384,0.2
0.04944,-1.36,0.26
0.04948,-1.36,0.22
0.04952,-1.384,0.24
0.04956,-1.368,0.24
0.0496,-1.36,0.28
0.04964,-1.384,0.28
0.04968,-1.312,0.22
0.04972,-1.36,0.26
0.04976,-1.384,0.2
0.0498,-1.368,0.26
0.04984,-1.392,0.24
0.04988,-1.344,0.24
0.04992,-1.408,0.24
0.04996,-1.36,0.24
0.05,-1.408,0.24
0.05004,-1.424,0.24
0.05008,-1.376,0.24
0.05012,-1.368,0.24
0.05016,-1.4,0.22
0.0502,-1.36,0.24
0.05024,-1.312,0.24
0.05028,-1.4,0.2
0.05032,-1.344,0.26
0.05036,-1.352,0.26
0.0504,-1.336,0.22
0.05044,-1.384,0.2
0.05048,-1.424,0.24
0.05052,-1.4,0.26
0.05056,-1.408,0.24
0.0506,-1.352,0.24
0.05064,-1.336,0.24
0.05068,-1.4,0.24
0.05072,-1.36,0.24
0.05076,-1.408,0.28
0.0508,-1.384,0.22
0.05084,-1.352,0.26
0.05088,-1.368,0.2
0.05092,-1.384,0.22
0.05096,-1.368,0.22
0.051,-1.368,0.24
0.05104,-1.376,0.24
0.05108,-1.392,0.24
0.05112,-1.352,0.28
0.05116,-1.328,0.28
0.0512,-1.36,0.26
0.05124,-1.352,0.26
0.05128,-1.4,0.2
0.05132,-1.376,0.22
0.05136,-1.384,0.22
0.0514,-1.32,0.28
0.05144,-1.376,0.24
0.05148,-1.368,0.2
0.05152,-1.416,0.24
0.05156,-1.4,0.24
0.0516,-1.4,0.28
0.05164,-1.392,0.24
0.05168,-1.368,0.24
0.05172,-1.4,0.24
0.05176,-1.384,0.26
0.0518,-1.376,0.24
0.05184,-1.36,0.18
0.05188,-1.408,0.26
0.05192,-1.344,0.28
0.05196,-1.368,0.28
0.052,-1.312,0.2
0.05204,-1.384,0.26
0.05208,-1.368,0.26
0.05212,-1.36,0.22
0.05216,-1.344,0.28
0.0522,-1.36,0.28
0.05224,-1.384,0.24
0.05228,-1.36,0.26
0.05232,-1.384,0.2
0.05236,-1.384,0.22
0.0524,-1.392,0.2
0.05244,-1.368,0.24
0.05248,-1.4,0.24
0.05252,-1.384,0.24
0.05256,-1.376,0.28
0.0526,-1.376,0.24
0.05264,-1.344,0.24
0.05268,-1.376,0.26
0.05272,-1.328,0.22
0.05276,-1.352,0.28
0.0528,-1.328,0.24
0.05284,-1.392,0.28
0.05288,-1.4,0.24
0.05292,-1.368,0.3
0.05296,-1.344,0.26
0.053,-1.368,0.2
0.05304,-1.4,0.22
0.05308,-1.376,0.24
0.05312,-1.4,0.2
0.05316,-1.344,0.26
0.0532,-1.36,0.2
0.05324,-1.352,0.2
0.05328,-1.376,0.22
0.05332,-1.328,0.24
0.05336,-1.4,0.22
0.0534,-1.392,0.24
0.05344,-1.352,0.24
0.05348,-1.392,0.28
0.05352,-1.392,0.22
0.05356,-1.36,0.24
0.0536,-1.384,0.24
0.05364,-1.352,0.22
0.05368,-1.352,0.24
0.05372,-1.368,0.22
0.05376,-1.376,0.22
0.0538,-1.352,0.24
0.05384,-1.336,0.24
0.05388,-1.384,0.2
0.05392,-1.336,0.22
0.05396,-1.368,0.24
0.054,-1.336,0.26
0.05404,-1.368,0.28
0.05408,-1.384,0.28
0.05412,-1.368,0.26
0.05416,-1.36,0.22
0.0542,-1.376,0.2
0.05424,-1.36,0.24
0.05428,-1.352,0.2
0.05432,-1.384,0.24
0.05436,-1.36,0.24
0.0544,-1.384,0.24
0.05444,-1.384,0.24
0.05448,-1.344,0.2
0.05452,-1.376,0.22
0.05456,-1.36,0.26
0.0546,-1.336,0.28
0.05464,-1.352,0.2
0.05468,-1.368,0.2
0.05472,-1.352,0.2
0.05476,-1.384,0.26
0.0548,-1.392,0.24
0.05484,-1.344,0.26
0.05488,-1.384,0.24
0.05492,-1.352,0.22
0.05496,-1.392,0.28
0.055,-1.36,0.22
0.05504,-1.416,0.22
0.05508,-1.44,0.22
0.05512,-1.392,0.22
0.05516,-1.392,0.26
0.0552,-1.368,0.24
0.05524,-1.4,0.24
0.05528,-1.368,0.26
0.05532,-1.376,0.26
0.05536,-1.4,0.2
0.0554,-1.352,0.22
0.05544,-1.368,0.26
0.05548,-1.344,0.24
0.05552,-1.352,0.24
0.05556,-1.352,0.26
0.0556,-1.352,0.24
0.05564,-1.368,0.26
0.05568,-1.376,0.28
0.05572,-1.328,0.22
0.05576,-1.36,0.24
0.0558,-1.336,0.22
0.05584,-1.384,0.26
0.05588,-1.36,0.26
0.05592,-1.36,0.26
0.05596,-1.376,0.2
0.056,-1.328,0.22
0.05604,-1.336,0.24
0.05608,-1.368,0.24
0.05612,-1.352,0.26
0.05616,-1.32,0.24
0.0562,-1.368,0.26
0.05624,-1.36,0.24
0.05628,-1.352,0.28
0.05632,-1.36,0.22
0.05636,-1.4,0.26
0.0564,-1.384,0.24
0.05644,-1.376,0.28
0.05648,-1.36,0.26
0.05652,-1.36,0.2
0.05656,-1.32,0.2
0.0566,-1.376,0.24
0.05664,-1.352,0.26
0.05668,-1.384,0.2
0.05672,-1.384,0.22
0.05676,-1.368,0.24
0.0568,-1.4,0.24
0.05684,-1.368,0.24
0.05688,-1.384,0.22
0.05692,-1.36,0.22
0.05696,-1.344,0.22
0.057,-1.344,0.26
0.05704,-1.312,0.26
0.05708,-1.392,0.26
0.05712,-1.368,0.26
0.05716,-1.384,0.24
0.0572,-1.328,0.26
0.05724,-1.376,0.26
0.05728,-1.336,0.24
0.05732,-1.304,0.26
0.05736,-1.328,0.24
0.0574,-1.368,0.3
0.05744,-1.384,0.22
0.05748,-1.36,0.28
0.05752,-1.384,0.26
0.05756,-1.376,0.26
0.0576,-1.368,0.22
0.05764,-1.384,0.24
0.05768,-1.4,0.24
0.05772,-1.368,0.24
0.05776,-1.344,0.22
0.0578,-1.352,0.24
0.05784,-1.344,0.28
0.05788,-1.384,0.24
0.05792,-1.4,0.26
0.05796,-1.368,0.26
0.058,-1.384,0.26
0.05804,-1.344,0.26
0.05808,-1.4,0.26
0.05812,-1.344,0.26
0.05816,-1.376,0.26
0.0582,-1.4,0.28
0.05824,-1.4,0.22
0.05828,-1.416,0.26
0.05832,-1.352,0.24
0.05836,-1.344,0.2
0.0584,-1.368,0.26
0.05844,-1.352,0.24
0.05848,-1.352,0.22
0.05852,-1.384,0.24
0.05856,-1.368,0.24
0.0586,-1.36,0.28
0.05864,-1.392,0.22
0.05868,-1.36,0.24
0.05872,-1.36,0.18
0.05876,-1.344,0.26
0.0588,-1.384,0.28
0.05884,-1.408,0.24
0.05888,-1.4,0.22
0.05892,-1.376,0.18
0.05896,-1.312,0.22
0.059,-1.368,0.2
0.05904,-1.344,0.24
0.05908,-1.328,0.22
0.05912,-1.392,0.22
0.05916,-1.368,0.24
0.0592,-1.392,0.26
0.05924,-1.344,0.24
0.05928,-1.328,0.24
0.05932,-1.352,0.24
0.05936,-1.432,0.24
0.0594,-1.36,0.26
0.05944,-1.376,0.26
0.05948,-1.384,0.2
0.05952,-1.36,0.2
0.05956,-1.4,0.28
0.0596,-1.368,0.26
0.05964,-1.368,0.28
0.05968,-1.352,0.22
0.05972,-1.344,0.28
0.05976,-1.328,0.26
0.0598,-1.36,0.2
0.05984,-1.344,0.24
0.05988,-1.336,0.24
0.05992,-1.32,0.2
0.05996,-1.4,0.24
0.06,-1.36,0.22
0.06004,-1.352,0.28
0.06008,-1.328,0.24
0.06012,-1.376,0.2
0.06016,-1.368,0.22
0.0602,-1.344,0.24
0.06024,-1.328,0.22
0.06028,-1.344,0.22
0.06032,-1.368,0.2
0.06036,-1.36,0.26
0.0604,-1.36,0.28
0.06044,-1.384,0.26
0.06048,-1.4,0.24
0.06052,-1.36,0.26
0.06056,-1.344,0.26
0.0606,-1.352,0.26
0.06064,-1.344,0.2
0.06068,-1.384,0.22
0.06072,-1.392,0.26
0.06076,-1.4,0.28
0.0608,-1.392,0.26
0.06084,-1.416,0.2
0.06088,-1.368,0.26
0.06092,-1.36,0.22
0.06096,-1.392,0.2
0.061,-1.368,0.24
0.06104,-1.352,0.28
0.06108,-1.408,0.22
0.06112,-1.376,0.28
0.06116,-1.384,0.22
0.0612,-1.384,0.24
0.06124,-1.368,0.24
0.06128,-1.368,0.22
0.06132,-1.376,0.26
0.06136,-1.376,0.22
0.0614,-1.384,0.24
0.06144,-1.328,0.2
0.06148,-1.376,0.24
0.06152,-1.352,0.24
0.06156,-1.384,0.24
0.0616,-1.376,0.26
0.06164,-1.392,0.24
0.06168,-1.352,0.28
0.06172,-1.36,0.24
0.06176,-1.384,0.24
0.0618,-1.392,0.24
0.06184,-1.344,0.2
0.06188,-1.32,0.24
0.06192,-1.344,0.28
0.06196,-1.416,0.3
0.062,-1.376,0.22
0.06204,-1.376,0.26
0.06208,-1.4,0.24
0.06212,-1.376,0.26
0.06216,-1.4,0.22
0.0622,-1.344,0.24
0.06224,-1.392,0.24
0.06228,-1.392,0.26
0.06232,-1.376,0.2
0.06236,-1.392,0.24
0.0624,-1.384,0.26
0.06244,-1.344,0.22
0.06248,-1.344,0.28
0.06252,-1.384,0.24
0.06256,-1.368,0.26
0.0626,-1.424,0.22
0.06264,-1.352,0.28
0.06268,-1.4,0.24
0.06272,-1.376,0.24
0.06276,-1.36,0.26
0.0628,-1.416,0.24
0.06284,-1.352,0.24
0.06288,-1.368,0.26
0.06292,-1.392,0.24
0.06296,-1.36,0.24
0.063,-1.376,0.24
0.06304,-1.368,0.28
0.06308,-1.408,0.26
0.06312,-1.384,0.22
0.06316,-1.352,0.26
0.0632,-1.36,0.24
0.06324,-1.36,0.3
0.06328,-1.336,0.26
0.06332,-1.36,0.28
0.06336,-1.384,0.28
0.0634,-1.368,0.2
0.06344,-1.416,0.24
0.06348,-1.4,0.28
0.06352,-1.392,0.28
0.06356,-1.36,0.24
0.0636,-1.352,0.32
0.06364,-1.416,0.28
0.06368,-1.4,0.28
0.06372,-1.376,0.26
0.06376,-1.368,0.26
0.0638,-1.4,0.28
0.06384,-1.4,0.28
0.06388,-1.4,0.28
0.06392,-1.4,0.28
0.06396,-1.36,0.28
0.064,-1.36,0.28
0.06404,-1.352,0.28
0.06408,-1.376,0.22
0.06412,-1.4,0.26
0.06416,-1.344,0.32
0.0642,-1.376,0.34
0.06424,-1.392,0.3
0.06428,-1.384,0.28
0.06432,-1.352,0.3
0.06436,-1.424,0.28
0.0644,-1.408,0.32
0.06444,-1.344,0.3
0.06448,-1.416,0.3
0.06452,-1.376,0.24
0.06456,-1.4,0.3
0.0646,-1.384,0.26
0.06464,-1.4,0.32
0.06468,-1.368,0.28
0.06472,-1.336,0.28
0.06476,-1.4,0.3
0.0648,-1.36,0.3
0.06484,-1.384,0.3
0.06488,-1.368,0.3
0.06492,-1.408,0.34
0.06496,-1.384,0.32
0.065,-1.368,0.34
0.06504,-1.392,0.3
0.06508,-1.368,0.32
0.06512,-1.4,0.34
0.06516,-1.392,0.3
0.0652,-1.416,0.34
0.06524,-1.384,0.34
0.06528,-1.4,0.3
0.06532,-1.352,0.34
0.06536,-1.408,0.32
0.0654,-1.376,0.36
0.06544,-1.344,0.36
0.06548,-1.408,0.36
0.06552,-1.432,0.32
0.06556,-1.344,0.34
0.0656,-1.384,0.32
0.06564,-1.424,0.34
0.06568,-1.368,0.32
0.06572,-1.368,0.28
0.06576,-1.384,0.32
0.0658,-1.368,0.32
0.06584,-1.36,0.3
0.06588,-1.408,0.34
0.06592,-1.352,0.36
0.06596,-1.368,0.38
0.066,-1.384,0.36
0.06604,-1.344,0.36
0.06608,-1.4,0.36
0.06612,-1.344,0.38
0.06616,-1.376,0.36
0.0662,-1.36,0.36
0.06624,-1.384,0.36
0.06628,-1.384,0.36
0.06632,-1.4,0.4
0.06636,-1.328,0.36
0.0664,-1.376,0.32
0.06644,-1.384,0.34
0.06648,-1.392,0.36
0.06652,-1.336,0.34
0.06656,-1.32,0.42
0.0666,-1.32,0.32
0.06664,-1.4,0.34
0.06668,-1.376,0.36
0.06672,-1.344,0.38
0.06676,-1.376,0.38
0.0668,-1.344,0.42
0.06684,-1.352,0.38
0.06688,-1.328,0.38
0.06692,-1.376,0.34
0.06696,-1.488,-0.18
0.067,-2.008,2.66
0.06704,-1.248,1.5
0.06708,-1.24,0.56
0.06712,-0.84,1.96
0.06716,-1.464,1.2
0.0672,-1.464,1.08
0.06724,-1.464,0.96
0.06728,-1.376,0.92
0.06732,-1.376,0.84
0.06736,-1.376,0.8
0.0674,-1.36,0.78
0.06744,-1.36,0.78
0.06748,-1.336,0.7
0.06752,-1.328,0.68
0.06756,-1.392,0.72
0.0676,-1.352,0.7
0.06764,-1.328,0.66
0.06768,-1.368,0.62
0.06772,-1.304,0.62
0.06776,-1.328,0.6
0.0678,-1.328,0.62
0.06784,-1.32,0.6
0.06788,-1.296,0.58
0.06792,-1.352,0.6
0.06796,-1.304,0.62
0.068,-1.36,0.56
0.06804,-1.344,0.54
0.06808,-1.336,0.64
0.06812,-1.36,0.54
0.06816,-1.352,0.56
0.0682,-1.328,0.5
0.06824,-1.344,0.54
0.06828,-1.344,0.5
0.06832,-1.296,0.54
0.06836,-1.344,0.54
0.0684,-1.344,0.48
0.06844,-1.304,0.54
0.06848,-1.344,0.44
0.06852,-1.328,0.48
0.06856,-1.384,0.46
0.0686,-1.32,0.52
0.06864,-1.336,0.5
0.06868,-1.352,0.48
0.06872,-1.304,0.5
0.06876,-1.336,0.5
0.0688,-1.424,0.46
0.06884,-1.296,0.38
0.06888,-1.376,0.38
0.06892,-1.352,0.4
0.06896,-1.336,0.4
0.069,-1.352,0.42
0.06904,-1.336,0.4
0.06908,-1.304,0.42
0.06912,-1.352,0.36
0.06916,-1.368,0.42
0.0692,-1.384,0.4
0.06924,-1.408,0.34
0.06928,-1.376,0.38
0.06932,-1.344,0.38
0.06936,-1.36,0.34
0.0694,-1.336,0.42
0.06944,-1.368,0.36
0.06948,-1.4,0.38
0.06952,-1.36,0.34
0.06956,-1.392,0.32
0.0696,-1.36,0.36
0.06964,-1.36,0.34
0.06968,-1.32,0.34
0.06972,-1.376,0.36
0.06976,-1.384,0.38
0.0698,-1.392,0.34
0.06984,-1.344,0.34
0.06988,-1.36,0.36
0.06992,-1.392,0.36
0.06996,-1.352,0.36
0.07,-1.4,0.32
0.07004,-1.352,0.32
0.07008,-1.376,0.36
0.07012,-1.344,0.34
0.07016,-1.352,0.3
0.0702,-1.368,0.32
0.07024,-1.368,0.32
0.07028,-1.384,0.28
0.07032,-1.36,0.3
0.07036,-1.368,0.32
0.0704,-1.368,0.3
0.07044,-1.336,0.34
0.07048,-1.368,0.36
0.07052,-1.344,0.3
0.07056,-1.336,0.3
0.0706,-1.408,0.32
0.07064,-1.36,0.32
0.07068,-1.344,0.32
0.07072,-1.344,0.3
0.07076,-1.424,0.3
0.0708,-1.4,0.3
0.07084,-1.344,0.32
0.07088,-1.384,0.3
0.07092,-1.36,0.28
0.07096,-1.376,0.3
0.071,-1.376,0.28
0.07104,-1.4,0.32
0.07108,-1.408,0.3
0.07112,-1.36,0.34
0.07116,-1.352,0.3
0.0712,-1.36,0.28
0.07124,-1.36,0.3
0.07128,-1.44,0.3
0.07132,-1.296,0.3
0.07136,-1.36,0.34
0.0714,-1.344,0.3
0.07144,-1.376,0.28
0.07148,-1.384,0.28
0.07152,-1.376,0.28
0.07156,-1.392,0.22
0.0716,-1.328,0.24
0.07164,-1.384,0.28
0.07168,-1.408,0.22
0.07172,-1.368,0.28
0.07176,-1.384,0.28
0.0718,-1.384,0.34
0.07184,-1.392,0.3
0.07188,-1.368,0.24
0.07192,-1.344,0.3
0.07196,-1.376,0.3
0.072,-1.336,0.3
0.07204,-1.32,0.24
0.07208,-1.352,0.26
0.07212,-1.368,0.24
0.07216,-1.416,0.24
0.0722,-1.36,0.3
0.07224,-1.304,0.3
0.07228,-1.344,0.28
0.07232,-1.344,0.28
0.07236,-1.4,0.24
0.0724,-1.344,0.28
0.07244,-1.376,0.3
0.07248,-1.384,0.26
0.07252,-1.376,0.24
0.07256,-1.368,0.24
0.0726,-1.384,0.26
0.07264,-1.376,0.3
0.07268,-1.36,0.28
0.07272,-1.344,0.24
0.07276,-1.376,0.28
0.0728,-1.368,0.3
0.07284,-1.32,0.24
0.07288,-1.416,0.3
0.07292,-1.4,0.26
0.07296,-1.32,0.26
0.073,-1.336,0.26
0.07304,-1.392,0.28
0.07308,-1.352,0.24
0.07312,-1.352,0.3
0.07316,-1.336,0.24
0.0732,-1.384,0.26
0.07324,-1.368,0.3
0.07328,-1.36,0.26
0.07332,-1.328,0.26
0.07336,-1.36,0.22
0.0734,-1.384,0.3
0.07344,-1.384,0.24
0.07348,-1.352,0.26
0.07352,-1.384,0.28
0.07356,-1.4,0.22
0.0736,-1.352,0.28
0.07364,-1.4,0.3
0.07368,-1.384,0.26
0.07372,-1.4,0.34
0.07376,-1.36,0.2
0.0738,-1.384,0.26
0.07384,-1.384,0.3
0.07388,-1.392,0.26
0.07392,-1.416,0.24
0.07396,-1.368,0.28
0.074,-1.328,0.24
0.07404,-1.408,0.24
0.07408,-1.384,0.24
0.07412,-1.392,0.28
0.07416,-1.384,0.24
0.0742,-1.4,0.26
0.07424,-1.384,0.26
0.07428,-1.384,0.24
0.07432,-1.336,0.22
0.07436,-1.4,0.24
0.0744,-1.392,0.24
0.07444,-1.432,0.26
0.07448,-1.4,0.26
0.07452,-1.368,0.28
0.07456,-1.352,0.26
0.0746,-1.376,0.26
0.07464,-1.448,0.22
0.07468,-1.344,0.24
0.07472,-1.368,0.28
0.07476,-1.352,0.26
0.0748,-1.4,0.2
0.07484,-1.344,0.28
0.07488,-1.344,0.24
0.07492,-1.36,0.3
0.07496,-1.352,0.24
0.075,-1.368,0.24
0.07504,-1.36,0.26
0.07508,-1.376,0.26
0.07512,-1.36,0.24
0.07516,-1.36,0.3
0.0752,-1.376,0.24
0.07524,-1.384,0.28
0.07528,-1.36,0.22
0.07532,-1.4,0.24
0.07536,-1.4,0.3
0.0754,-1.392,0.24
0.07544,-1.392,0.24
0.07548,-1.384,0.26
0.07552,-1.392,0.24
0.07556,-1.352,0.28
0.0756,-1.36,0.24
0.07564,-1.32,0.28
0.07568,-1.392,0.26
0.07572,-1.368,0.22
0.07576,-1.384,0.26
0.0758,-1.384,0.24
0.07584,-1.424,0.22
0.07588,-1.36,0.28
0.07592,-1.376,0.28
0.07596,-1.408,0.2
0.076,-1.352,0.32
0.07604,-1.36,0.26
0.07608,-1.376,0.24
0.07612,-1.384,0.24
0.07616,-1.4,0.26
0.0762,-1.392,0.3
0.07624,-1.376,0.22
0.07628,-1.368,0.24
0.07632,-1.336,0.28
0.07636,-1.336,0.26
0.0764,-1.384,0.22
0.07644,-1.376,0.24
0.07648,-1.392,0.28
0.07652,-1.36,0.26
0.07656,-1.4,0.22
0.0766,-1.368,0.22
0.07664,-1.376,0.22
0.07668,-1.36,0.26
0.07672,-1.4,0.26
0.07676,-1.344,0.24
0.0768,-1.408,0.22
0.07684,-1.392,0.26
0.07688,-1.384,0.24
0.07692,-1.336,0.24
0.07696,-1.416,0.3
0.077,-1.344,0.28
0.07704,-1.368,0.28
0.07708,-1.392,0.22
0.07712,-1.352,0.26
0.07716,-1.36,0.24
0.0772,-1.392,0.26
0.07724,-1.36,0.22
0.07728,-1.376,0.26
0.07732,-1.344,0.22
0.07736,-1.344,0.24
0.0774,-1.344,0.24
0.07744,-1.392,0.24
0.07748,-1.344,0.22
0.07752,-1.432,0.3
0.07756,-1.384,0.2
0.0776,-1.376,0.24
0.07764,-1.336,0.24
0.07768,-1.336,0.2
0.07772,-1.352,0.26
0.07776,-1.352,0.22
0.0778,-1.4,0.24
0.07784,-1.36,0.22
0.07788,-1.376,0.24
0.07792,-1.416,0.22
0.07796,-1.4,0.26
0.078,-1.36,0.26
0.07804,-1.368,0.26
0.07808,-1.352,0.26
0.07812,-1.4,0.24
0.07816,-1.376,0.24
0.0782,-1.4,0.26
0.07824,-1.368,0.2
0.07828,-1.376,0.24
0.07832,-1.352,0.28
0.07836,-1.384,0.24
0.0784,-1.352,0.26
0.07844,-1.416,0.26
0.07848,-1.376,0.26
0.07852,-1.384,0.28
0.07856,-1.384,0.24
0.0786,-1.4,0.24
0.07864,-1.36,0.26
0.07868,-1.384,0.26
0.07872,-1.368,0.24
0.07876,-1.384,0.28
0.0788,-1.336,0.24
0.07884,-1.328,0.24
0.07888,-1.352,0.22
0.07892,-1.376,0.3
0.07896,-1.408,0.24
0.079,-1.336,0.26
0.07904,-1.376,0.26
0.07908,-1.368,0.24
0.07912,-1.384,0.22
0.07916,-1.36,0.2
0.0792,-1.416,0.22
0.07924,-1.32,0.22
0.07928,-1.392,0.2
0.07932,-1.432,0.2
0.07936,-1.368,0.24
0.0794,-1.376,0.2
0.07944,-1.36,0.26
0.07948,-1.392,0.26
0.07952,-1.408,0.22
0.07956,-1.408,0.26
0.0796,-1.36,0.22
0.07964,-1.384,0.26
0.07968,-1.384,0.24
0.07972,-1.392,0.2
0.07976,-1.368,0.24
0.0798,-1.36,0.24
0.07984,-1.384,0.26
0.07988,-1.368,0.22
0.07992,-1.36,0.2
0.07996,-1.36,0.26
0.08,-1.368,0.28
0.08004,-1.36,0.22
0.08008,-1.376,0.26
0.08012,-1.368,0.26
0.08016,-1.352,0.22
0.0802,-1.392,0.26
0.08024,-1.36,0.22
0.08028,-1.368,0.26
0.08032,-1.376,0.26
0.08036,-1.36,0.28
0.0804,-1.392,0.2
0.08044,-1.344,0.28
0.08048,-1.344,0.26
0.08052,-1.36,0.2
0.08056,-1.4,0.22
0.0806,-1.352,0.24
0.08064,-1.376,0.32
0.08068,-1.352,0.26
0.08072,-1.36,0.26
0.08076,-1.392,0.22
0.0808,-1.36,0.2
0.08084,-1.384,0.26
0.08088,-1.384,0.24
0.08092,-1.4,0.28
0.08096,-1.392,0.24
0.081,-1.392,0.26
0.08104,-1.392,0.22
0.08108,-1.368,0.26
0.08112,-1.376,0.26
0.08116,-1.336,0.22
0.0812,-1.328,0.18
0.08124,-1.384,0.22
0.08128,-1.352,0.24
0.08132,-1.392,0.2
0.08136,-1.4,0.22
0.0814,-1.368,0.26
0.08144,-1.392,0.22
0.08148,-1.376,0.24
0.08152,-1.392,0.26
0.08156,-1.344,0.2
0.0816,-1.408,0.24
0.08164,-1.384,0.24
0.08168,-1.36,0.24
0.08172,-1.384,0.2
0.08176,-1.352,0.26
0.0818,-1.376,0.24
0.08184,-1.344,0.26
0.08188,-1.408,0.26
0.08192,-1.384,0.24
0.08196,-1.36,0.24
0.082,-1.352,0.22
0.08204,-1.344,0.22
0.08208,-1.376,0.26
0.08212,-1.32,0.26
0.08216,-1.376,0.26
0.0822,-1.36,0.18
0.08224,-1.344,0.26
0.08228,-1.384,0.24
0.08232,-1.376,0.22
0.08236,-1.352,0.24
0.0824,-1.344,0.24
0.08244,-1.36,0.2
0.08248,-1.408,0.26
0.08252,-1.384,0.24
0.08256,-1.376,0.24
0.0826,-1.408,0.26
0.08264,-1.384,0.24
0.08268,-1.384,0.22
0.08272,-1.352,0.26
0.08276,-1.344,0.22
0.0828,-1.344,0.3
0.08284,-1.376,0.24
0.08288,-1.376,0.22
0.08292,-1.384,0.26
0.08296,-1.36,0.22
0.083,-1.36,0.26
0.08304,-1.368,0.26
0.08308,-1.352,0.18
0.08312,-1.408,0.24
0.08316,-1.384,0.24
0.0832,-1.352,0.26
0.08324,-1.392,0.28
0.08328,-1.384,0.22
0.08332,-1.416,0.3
0.08336,-1.312,0.26
0.0834,-1.392,0.28
0.08344,-1.36,0.24
0.08348,-1.368,0.24
0.08352,-1.352,0.28
0.08356,-1.36,0.28
0.0836,-1.368,0.28
0.08364,-1.368,0.22
0.08368,-1.304,0.24
0.08372,-1.376,0.24
0.08376,-1.312,0.26
0.0838,-1.4,0.22
0.08384,-1.4,0.24
0.08388,-1.384,0.26
0.08392,-1.376,0.26
0.08396,-1.392,0.22
0.084,-1.4,0.22
0.08404,-1.408,0.26
0.08408,-1.384,0.24
0.08412,-1.4,0.26
0.08416,-1.368,0.24
0.0842,-1.312,0.22
0.08424,-1.368,0.26
0.08428,-1.368,0.24
0.08432,-1.408,0.24
0.08436,-1.384,0.22
0.0844,-1.4,0.22
0.08444,-1.376,0.24
0.08448,-1.36,0.26
0.08452,-1.376,0.28
0.08456,-1.368,0.28
0.0846,-1.344,0.26
0.08464,-1.36,0.24
0.08468,-1.368,0.26
0.08472,-1.368,0.26
0.08476,-1.352,0.22
0.0848,-1.368,0.18
0.08484,-1.368,0.22
0.08488,-1.368,0.26
0.08492,-1.36,0.28
0.08496,-1.408,0.22
0.085,-1.336,0.22
0.08504,-1.336,0.28
0.08508,-1.368,0.22
0.08512,-1.392,0.24
0.08516,-1.392,0.24
0.0852,-1.408,0.3
0.08524,-1.384,0.24
0.08528,-1.328,0.26
0.08532,-1.384,0.24
0.08536,-1.352,0.26
0.0854,-1.368,0.26
0.08544,-1.344,0.26
0.08548,-1.36,0.28
0.08552,-1.352,0.24
0.08556,-1.352,0.26
