-0.0042704,-5e-05,1.16e-07,-5.099e-05,0.0587,0.01
-0.0042414,-4.96e-05,1.15e-07,-5.0467e-05,1.46,0.1
-0.0042359,-5e-05,1.21e-07,-4.9898e-05,77.223,0.5
-0.0042112,-4.96e-05,1.21e-07,-5.0079e-05,1.3564,0.01
-0.0042105,-4.92e-05,1.26e-07,-5.0158e-05,38.439,0
-0.0041834,-4.92e-05,1.17e-07,-4.9441e-05,0,0
-0.004181,-4.88e-05,1.18e-07,-4.9691e-05,0,0
-0.0041533,-4.88e-05,1.21e-07,-4.904e-05,0,0
-0.0041528,-4.84e-05,1.2e-07,-4.9089e-05,0,0
-0.0041257,-4.84e-05,1.14e-07,-4.841e-05,0,0
-0.0041201,-4.8e-05,1.17e-07,-4.8974e-05,0,0
-0.004095,-4.76e-05,1.18e-07,-4.806e-05,0,0
-0.0040938,-4.8e-05,1.21e-07,-4.8169e-05,0,0
-0.0040662,-4.76e-05,1.18e-07,-4.7544e-05,0,0
-0.0040626,-4.72e-05,1.19e-07,-4.7875e-05,0,0
-0.0040343,-4.72e-05,1.31e-07,-4.7299e-05,0,0
-0.0040333,-4.69e-05,1.18e-07,-4.7393e-05,0,0
-0.004008,-4.69e-05,1.2e-07,-4.7741e-05,0,0
-0.0040022,-4.65e-05,1.22e-07,-4.7091e-05,0,0
-0.0039788,-4.65e-05,1.17e-07,-4.7216e-05,0,0
-0.0039723,-4.61e-05,1.19e-07,-4.6668e-05,0,0
-0.0039512,-4.61e-05,1.27e-07,-4.651e-05,0,0
-0.0039446,-4.57e-05,1.23e-07,-4.6033e-05,0,0
-0.0039185,-4.57e-05,1.16e-07,-4.643e-05,0,0
-0.0039114,-4.53e-05,1.15e-07,-4.5936e-05,0,0
-0.0038871,-4.53e-05,1.26e-07,-4.6226e-05,0,0
-0.0038857,-4.49e-05,1.21e-07,-4.5108e-05,0,0
-0.0038627,-4.49e-05,1.15e-07,-4.5109e-05,0,0
-0.0038549,-4.45e-05,1.2e-07,-4.4763e-05,0,0
-0.0038303,-4.45e-05,1.21e-07,-4.4956e-05,0,0
-0.0038281,-4.41e-05,1.22e-07,-4.5243e-05,0,0
-0.0038033,-4.41e-05,1.18e-07,-4.422e-05,0,0
-0.0037974,-4.37e-05,1.24e-07,-4.4933e-05,0,0
-0.0037713,-4.37e-05,1.2e-07,-4.401e-05,0,0
-0.0037703,-4.33e-05,1.18e-07,-4.4125e-05,0,0
-0.0037466,-4.33e-05,1.21e-07,-4.4371e-05,0,0
-0.0037385,-4.29e-05,1.21e-07,-4.3939e-05,0,0
-0.0037158,-4.29e-05,1.15e-07,-4.2744e-05,0,0
-0.0037087,-4.25e-05,1.18e-07,-4.3494e-05,0,0
-0.0036867,-4.25e-05,1.22e-07,-4.3519e-05,0,0
-0.0036821,-4.21e-05,1.17e-07,-4.2674e-05,0,0
-0.0036569,-4.21e-05,1.17e-07,-4.3068e-05,0,0
-0.0036501,-4.17e-05,1.28e-07,-4.248e-05,0,0
-0.0036256,-4.17e-05,1.23e-07,-4.1507e-05,0,0
-0.0036234,-4.13e-05,1.16e-07,-4.1707e-05,0,0
-0.0036004,-4.13e-05,1.18e-07,-4.1746e-05,0,0
-0.0035947,-4.09e-05,1.24e-07,-4.1167e-05,0,0
-0.0035679,-4.09e-05,1.21e-07,-4.1654e-05,0,0
-0.0035608,-4.06e-05,1.21e-07,-4.114e-05,0,0
-0.0035365,-4.06e-05,1.24e-07,-4.1459e-05,0,0
-0.0035331,-4.02e-05,1.22e-07,-4.0477e-05,0,0
-0.0035079,-4.02e-05,1.17e-07,-4.0813e-05,0,0
-0.003503,-3.98e-05,1.22e-07,-4.0066e-05,0,0
-0.0034783,-3.98e-05,1.2e-07,-4.0334e-05,0,0
-0.003478,-3.94e-05,1.22e-07,-4.0377e-05,0,0
-0.0034495,-3.94e-05,1.21e-07,-3.9752e-05,0,0
-0.0034475,-3.9e-05,1.22e-07,-4.003e-05,0,0
-0.0034214,-3.86e-05,1.2e-07,-3.9106e-05,0,0
-0.0034201,-3.9e-05,1.19e-07,-3.9255e-05,0,0
-0.0033939,-3.86e-05,1.17e-07,-3.8431e-05,0,0
-0.003392,-3.82e-05,1.21e-07,-3.8619e-05,0,0
-0.0033631,-3.78e-05,1.16e-07,-3.8083e-05,0,0
-0.0033619,-3.82e-05,1.22e-07,-3.8205e-05,0,0
-0.0033336,-3.78e-05,1.23e-07,-3.761e-05,0,0
-0.003333,-3.74e-05,1.18e-07,-3.7668e-05,0,0
-0.0033068,-3.7e-05,1.17e-07,-3.8164e-05,0,0
-0.0033044,-3.74e-05,1.25e-07,-3.711e-05,0,0
-0.0032771,-3.66e-05,1.26e-07,-3.7688e-05,0,0
-0.0032766,-3.7e-05,1.26e-07,-3.7771e-05,0,0
-0.0032493,-3.66e-05,1.18e-07,-3.6945e-05,0,0
-0.0032453,-3.62e-05,1.19e-07,-3.6177e-05,0,0
-0.0032202,-3.58e-05,1.23e-07,-3.6406e-05,0,0
-0.003218,-3.62e-05,1.22e-07,-3.6695e-05,0,0
-0.0031891,-3.58e-05,1.19e-07,-3.6114e-05,0,0
-0.0031886,-3.54e-05,1.21e-07,-3.6181e-05,0,0
-0.0031638,-3.5e-05,1.17e-07,-3.5169e-05,0,0
-0.0031566,-3.54e-05,1.23e-07,-3.6058e-05,0,0
-0.0031322,-3.5e-05,1.19e-07,-3.4896e-05,0,0
-0.0031315,-3.46e-05,1.24e-07,-3.497e-05,0,0
-0.0031043,-3.43e-05,1.2e-07,-3.426e-05,0,0
-0.0031001,-3.46e-05,1.17e-07,-3.4697e-05,0,0
-0.0030733,-3.43e-05,1.24e-07,-3.3922e-05,0,0
-0.0030721,-3.39e-05,1.19e-07,-3.4042e-05,0,0
-0.0030472,-3.35e-05,1.18e-07,-3.4374e-05,0,0
-0.0030431,-3.39e-05,1.17e-07,-3.3508e-05,0,0
-0.0030175,-3.31e-05,1.18e-07,-3.3893e-05,0,0
-0.0030145,-3.35e-05,1.31e-07,-3.2942e-05,0,0
-0.0029897,-3.31e-05,1.16e-07,-3.3155e-05,0,0
-0.0029889,-3.27e-05,1.18e-07,-3.3257e-05,0,0
-0.0029624,-3.23e-05,1.21e-07,-3.2416e-05,0,0
-0.0029587,-3.27e-05,1.27e-07,-3.2848e-05,0,0
-0.0029342,-3.23e-05,1.18e-07,-3.1805e-05,0,0
-0.0029321,-3.19e-05,1.13e-07,-3.2009e-05,0,0
-0.002905,-3.15e-05,1.26e-07,-3.1294e-05,0,0
-0.0029035,-3.19e-05,1.21e-07,-3.1431e-05,0,0
-0.0028792,-3.15e-05,1.22e-07,-3.1611e-05,0,0
-0.0028767,-3.11e-05,1.18e-07,-3.1979e-05,0,0
-0.0028498,-3.07e-05,1.22e-07,-3.1094e-05,0,0
-0.0028482,-3.11e-05,1.18e-07,-3.1305e-05,0,0
-0.0028199,-3.07e-05,1.25e-07,-3.0639e-05,0,0
-0.0028199,-3.03e-05,1.2e-07,-3.0639e-05,0,0
-0.0027996,-2.99e-05,1.18e-07,-3.038e-05,0,0
-0.0027941,-3.03e-05,1.15e-07,-2.9754e-05,0,0
-0.002768,-2.99e-05,1.22e-07,-3.0149e-05,0,0
-0.0027676,-2.95e-05,1.2e-07,-3.0209e-05,0,0
-0.0027412,-2.91e-05,1.2e-07,-2.9301e-05,0,0
-0.002741,-2.95e-05,1.17e-07,-2.9323e-05,0,0
-0.0027124,-2.91e-05,1.17e-07,-2.8726e-05,0,0
-0.0027114,-2.87e-05,1.31e-07,-2.883e-05,0,0
-0.0026865,-2.87e-05,1.21e-07,-2.9191e-05,0,0
-0.0026861,-2.83e-05,1.23e-07,-2.7937e-05,0,0
-0.0026568,-2.8e-05,1.22e-07,-2.8689e-05,0,0
-0.0026565,-2.83e-05,1.16e-07,-2.874e-05,0,0
-0.0026287,-2.8e-05,1.21e-07,-2.7951e-05,0,0
-0.0026283,-2.76e-05,1.18e-07,-2.8006e-05,0,0
-0.0026042,-2.72e-05,1.23e-07,-2.6893e-05,0,0
-0.0025996,-2.76e-05,1.25e-07,-2.7379e-05,0,0
-0.0025756,-2.68e-05,1.16e-07,-2.6313e-05,0,0
-0.0025747,-2.72e-05,1.21e-07,-2.6391e-05,0,0
-0.0025502,-2.64e-05,1.21e-07,-2.6542e-05,0,0
-0.0025489,-2.68e-05,1.16e-07,-2.6705e-05,0,0
-0.0025214,-2.6e-05,1.22e-07,-2.5946e-05,0,0
-0.0025199,-2.64e-05,1.21e-07,-2.6117e-05,0,0
-0.0024965,-2.56e-05,1.17e-07,-2.6296e-05,0,0
-0.002495,-2.6e-05,1.2e-07,-2.5134e-05,0,0
-0.0024692,-2.52e-05,1.18e-07,-2.543e-05,0,0
-0.0024648,-2.56e-05,1.23e-07,-2.4686e-05,0,0
-0.0024427,-2.52e-05,1.19e-07,-2.4569e-05,0,0
-0.0024425,-2.48e-05,1.16e-07,-2.4589e-05,0,0
-0.0024146,-2.44e-05,1.21e-07,-2.3921e-05,0,0
-0.0024127,-2.48e-05,1.19e-07,-2.4099e-05,0,0
-0.00239,-2.4e-05,1.17e-07,-2.4076e-05,0,0
-0.0023891,-2.44e-05,1.26e-07,-2.4188e-05,0,0
-0.0023659,-2.36e-05,1.22e-07,-2.3019e-05,0,0
-0.0023644,-2.4e-05,1.17e-07,-2.3148e-05,0,0
-0.0023365,-2.36e-05,1.21e-07,-2.3778e-05,0,0
-0.0023365,-2.32e-05,1.21e-07,-2.3778e-05,0,0
-0.0023147,-2.28e-05,1.2e-07,-2.2321e-05,0,0
-0.0023098,-2.32e-05,1.13e-07,-2.2823e-05,0,0
-0.0022874,-2.24e-05,1.2e-07,-2.2826e-05,0,0
-0.0022867,-2.28e-05,1.22e-07,-2.2938e-05,0,0
-0.0022661,-2.24e-05,1.16e-07,-2.1392e-05,0,0
-0.0022627,-2.2e-05,1.18e-07,-2.1696e-05,0,0
-0.0022366,-2.2e-05,1.21e-07,-2.2139e-05,0,0
-0.0022347,-2.17e-05,1.23e-07,-2.1019e-05,0,0
-0.0022116,-2.17e-05,1.21e-07,-2.0985e-05,0,0
-0.0022093,-2.13e-05,1.1e-07,-2.125e-05,0,0
-0.0021885,-2.09e-05,1.2e-07,-2.1021e-05,0,0
-0.0021847,-2.13e-05,1.21e-07,-2.0189e-05,0,0
-0.0021628,-2.09e-05,1.19e-07,-2.0028e-05,0,0
-0.0021609,-2.05e-05,1.19e-07,-2.0224e-05,0,0
-0.0021395,-2.01e-05,1.15e-07,-2.0049e-05,0,0
-0.0021393,-2.05e-05,1.14e-07,-2.0074e-05,0,0
-0.0021153,-1.97e-05,1.18e-07,-1.8953e-05,0,0
-0.0021138,-2.01e-05,1.24e-07,-1.9084e-05,0,0
-0.0020961,-1.93e-05,1.15e-07,-1.8543e-05,0,0
-0.0020891,-1.97e-05,1.18e-07,-1.9241e-05,0,0
-0.0020715,-1.89e-05,1.18e-07,-1.8616e-05,0,0
-0.0020624,-1.93e-05,1.21e-07,-1.835e-05,0,0
-0.0020454,-1.85e-05,1.18e-07,-1.7727e-05,0,0
-0.0020417,-1.89e-05,1.23e-07,-1.8068e-05,0,0
-0.002025,-1.81e-05,1.28e-07,-1.7406e-05,0,0
-0.0020168,-1.85e-05,1.18e-07,-1.8339e-05,0,0
-0.0020013,-1.77e-05,1.13e-07,-1.7395e-05,0,0
-0.0019977,-1.81e-05,1.17e-07,-1.784e-05,0,0
-0.0019801,-1.73e-05,1.19e-07,-1.7165e-05,0,0
-0.0019748,-1.77e-05,1.16e-07,-1.6521e-05,0,0
-0.0019566,-1.69e-05,1.18e-07,-1.728e-05,0,0
-0.0019514,-1.73e-05,1.21e-07,-1.6471e-05,0,0
-0.0019371,-1.65e-05,1.12e-07,-1.6827e-05,0,0
-0.0019315,-1.69e-05,1.22e-07,-1.6088e-05,0,0
-0.001913,-1.61e-05,1.22e-07,-1.5565e-05,0,0
-0.0019063,-1.65e-05,1.21e-07,-1.5097e-05,0,0
-0.0018947,-1.57e-05,1.17e-07,-1.5035e-05,0,0
-0.0018873,-1.61e-05,1.18e-07,-1.5847e-05,0,0
-0.0018721,-1.54e-05,1.22e-07,-1.4885e-05,0,0
-0.0018651,-1.57e-05,1.17e-07,-1.4424e-05,0,0
-0.001849,-1.5e-05,1.19e-07,-1.4834e-05,0,0
-0.0018435,-1.54e-05,1.24e-07,-1.4168e-05,0,0
-0.0018309,-1.46e-05,1.15e-07,-1.422e-05,0,0
-0.0018212,-1.5e-05,1.16e-07,-1.3989e-05,0,0
-0.0018064,-1.42e-05,1.19e-07,-1.3134e-05,0,0
-0.0018025,-1.46e-05,1.17e-07,-1.3458e-05,0,0
-0.0017945,-1.38e-05,1.18e-07,-1.308e-05,0,0
-0.0017836,-1.42e-05,1.17e-07,-1.2951e-05,0,0
-0.0017719,-1.34e-05,1.2e-07,-1.2899e-05,0,0
-0.0017628,-1.38e-05,1.23e-07,-1.2608e-05,0,0
-0.0017557,-1.3e-05,1.22e-07,-1.2161e-05,0,0
-0.0017458,-1.34e-05,1.17e-07,-1.1944e-05,0,0
-0.0017357,-1.26e-05,1.22e-07,-1.1741e-05,0,0
-0.0017257,-1.3e-05,1.22e-07,-1.1529e-05,0,0
-0.0017183,-1.22e-05,1.2e-07,-1.2235e-05,0,0
-0.0017086,-1.26e-05,1.2e-07,-1.198e-05,0,0
-0.0017014,-1.18e-05,1.24e-07,-1.1459e-05,0,0
-0.0016852,-1.22e-05,1.14e-07,-1.0705e-05,0,0
-0.0016806,-1.14e-05,1.2e-07,-1.1099e-05,0,0
-0.0016722,-1.18e-05,1.21e-07,-1.0727e-05,0,0
-0.0016641,-1.1e-05,1.17e-07,-1.0349e-05,0,0
-0.0016502,-1.14e-05,1.18e-07,-1.0471e-05,0,0
-0.0016485,-1.06e-05,1.18e-07,-1.0658e-05,0,0
-0.0016315,-1.02e-05,1.2e-07,-9.8953e-06,0,0
-0.0016295,-1.1e-05,1.24e-07,-1.0091e-05,0,0
-0.0016209,-9.92e-06,1.18e-07,-9.7236e-06,0,0
-0.0016204,-1e-05,1.25e-07,-9.7713e-06,0,0
-0.0016179,-1.06e-05,1.12e-07,-1.0045e-05,0,0
-0.0016156,-9.84e-06,1.16e-07,-9.1246e-06,0,0
-0.0016142,-9.76e-06,1.17e-07,-9.2238e-06,0,0
-0.0016129,-9.84e-06,1.24e-07,-9.3237e-06,0,0
-0.001607,-9.69e-06,1.22e-07,-9.932e-06,0,0
-0.0016067,-9.61e-06,1.18e-07,-9.9742e-06,0,0
-0.0016014,-9.53e-06,1.22e-07,-9.222e-06,0,0
-0.0016012,-1.02e-05,1.19e-07,-9.2397e-06,0,0
-0.0015999,-9.45e-06,1.17e-07,-9.3625e-06,0,0
-0.0015996,-9.45e-06,1.17e-07,-9.3929e-06,0,0
-0.0015953,-9.37e-06,1.2e-07,-8.6943e-06,0,0
-0.0015905,-9.21e-06,1.21e-07,-9.0745e-06,0,0
-0.0015901,-9.29e-06,1.18e-07,-9.1126e-06,0,0
-0.0015879,-1e-05,1.19e-07,-9.3504e-06,0,0
-0.0015857,-9.92e-06,1.19e-07,-8.4417e-06,0,0
-0.0015844,-9.06e-06,1.19e-07,-8.5301e-06,0,0
-0.0015843,-9.84e-06,1.22e-07,-8.5372e-06,0,0
-0.001584,-9.84e-06,1.21e-07,-8.5587e-06,0,0
-0.0015839,-9.13e-06,1.16e-07,-8.5659e-06,0,0
-0.0015832,-9.06e-06,1.17e-07,-8.618e-06,0,0
-0.0015823,-9.76e-06,1.23e-07,-8.6886e-06,0,0
-0.0015784,-8.98e-06,1.16e-07,-9.0591e-06,0,0
-0.001577,-9.61e-06,1.2e-07,-9.2314e-06,0,0
-0.0015763,-9.69e-06,1.18e-07,-8.1773e-06,0,0
-0.0015761,-8.9e-06,1.14e-07,-8.1899e-06,0,0
-0.001572,-9.53e-06,1.24e-07,-8.4839e-06,0,0
-0.001572,-8.82e-06,1.26e-07,-8.4839e-06,0,0
-0.0015704,-9.45e-06,1.18e-07,-8.6229e-06,0,0
-0.0015686,-8.74e-06,1.17e-07,-8.804e-06,0,0
-0.0015681,-8.66e-06,1.17e-07,-8.8605e-06,0,0
-0.0015673,-9.37e-06,1.16e-07,-8.9578e-06,0,0
-0.0015673,-9.29e-06,1.26e-07,-8.9578e-06,0,0
-0.0015657,-8.66e-06,1.19e-07,-7.9893e-06,0,0
-0.001565,-9.45e-06,1.15e-07,-8.035e-06,0,0
-0.0015638,-9.21e-06,1.2e-07,-8.1178e-06,0,0
-0.0015621,-8.58e-06,1.16e-07,-8.2465e-06,0,0
-0.0015604,-9.13e-06,1.2e-07,-8.392e-06,0,0
-0.0015597,-8.5e-06,1.22e-07,-8.4581e-06,0,0
-0.0015559,-8.43e-06,1.2e-07,-7.7504e-06,0,0
-0.0015543,-8.35e-06,1.19e-07,-7.8552e-06,0,0
-0.0015535,-9.06e-06,1.22e-07,-7.9115e-06,0,0
-0.0015517,-8.98e-06,1.14e-07,-8.0494e-06,0,0
-0.0015507,-8.27e-06,1.23e-07,-8.1343e-06,0,0
-0.0015505,-8.9e-06,1.19e-07,-8.1522e-06,0,0
-0.0015497,-8.27e-06,1.21e-07,-8.2266e-06,0,0
-0.0015495,-9.06e-06,1.15e-07,-8.246e-06,0,0
-0.0015465,-8.82e-06,1.15e-07,-8.5946e-06,0,0
-0.0015461,-8.19e-06,1.18e-07,-7.512e-06,0,0
-0.0015432,-8.74e-06,1.22e-07,-7.7052e-06,0,0
-0.0015419,-8.11e-06,1.16e-07,-7.804e-06,0,0
-0.0015395,-8.03e-06,1.19e-07,-8.0145e-06,0,0
-0.0015386,-7.95e-06,1.16e-07,-8.1059e-06,0,0
-0.0015382,-8.58e-06,1.21e-07,-8.1494e-06,0,0
-0.0015365,-8.66e-06,1.17e-07,-8.3595e-06,0,0
-0.0015343,-7.87e-06,1.2e-07,-7.401e-06,0,0
-0.001533,-8.66e-06,1.15e-07,-7.4918e-06,0,0
-0.0015319,-8.5e-06,1.18e-07,-7.575e-06,0,0
-0.0015315,-7.8e-06,1.17e-07,-7.607e-06,0,0
-0.0015307,-7.87e-06,1.2e-07,-7.674e-06,0,0
-0.0015295,-8.43e-06,1.23e-07,-7.7833e-06,0,0
-0.0015283,-8.35e-06,1.16e-07,-7.906e-06,0,0
-0.0015277,-7.72e-06,1.24e-07,-7.9735e-06,0,0
-0.0015232,-8.27e-06,1.18e-07,-7.2499e-06,0,0
-0.0015221,-7.64e-06,1.2e-07,-7.3311e-06,0,0
-0.0015219,-7.48e-06,1.21e-07,-7.3466e-06,0,0
-0.0015212,-7.56e-06,1.22e-07,-7.4026e-06,0,0
-0.0015202,-8.19e-06,1.2e-07,-7.4883e-06,0,0
-0.0015175,-8.11e-06,1.22e-07,-7.7646e-06,0,0
-0.0015159,-7.4e-06,1.19e-07,-6.8478e-06,0,0
-0.0015156,-8.27e-06,1.21e-07,-6.8659e-06,0,0
-0.0015152,-7.48e-06,1.15e-07,-6.8906e-06,0,0
-0.0015148,-8.03e-06,1.2e-07,-6.9158e-06,0,0
-0.0015107,-7.32e-06,1.17e-07,-7.2158e-06,0,0
-0.0015095,-7.95e-06,1.17e-07,-7.3232e-06,0,0
-0.0015095,-7.24e-06,1.22e-07,-7.3232e-06,0,0
-0.0015081,-7.87e-06,1.18e-07,-7.4653e-06,0,0
-0.0015061,-7.17e-06,1.24e-07,-6.6111e-06,0,0
-0.0015029,-7.8e-06,1.15e-07,-6.8177e-06,0,0
-0.0015022,-7.87e-06,1.19e-07,-6.8689e-06,0,0
-0.0015021,-7.72e-06,1.2e-07,-6.8764e-06,0,0
-0.0015018,-7.09e-06,1.22e-07,-6.8993e-06,0,0
-0.0015015,-7.09e-06,1.17e-07,-6.9228e-06,0,0
-0.0014973,-7.01e-06,1.18e-07,-7.3269e-06,0,0
-0.0014959,-7.64e-06,1.16e-07,-6.3979e-06,0,0
-0.0014946,-6.93e-06,1.21e-07,-6.4775e-06,0,0
-0.001494,-7.56e-06,1.23e-07,-6.5164e-06,0,0
-0.0014912,-7.48e-06,1.14e-07,-6.72e-06,0,0
-0.0014905,-6.85e-06,1.18e-07,-6.7779e-06,0,0
-0.0014896,-6.77e-06,1.16e-07,-6.8578e-06,0,0
-0.0014881,-6.69e-06,1.14e-07,-7.0077e-06,0,0
-0.0014861,-7.4e-06,1.27e-07,-6.1608e-06,0,0
-0.0014853,-6.69e-06,1.2e-07,-6.2083e-06,0,0
-0.0014846,-7.48e-06,1.21e-07,-6.2518e-06,0,0
-0.0014846,-7.32e-06,1.19e-07,-6.2518e-06,0,0
-0.0014834,-6.3e-06,1.19e-07,-6.3308e-06,0,0
-0.0014825,-7.24e-06,1.2e-07,-6.3944e-06,0,0
-0.0014815,-7.17e-06,1.18e-07,-6.47e-06,0,0
-0.0014796,-5.91e-06,1.22e-07,-6.6316e-06,0,0
-0.0014793,-5.51e-06,1.26e-07,-6.6598e-06,0,0
-0.0014783,-6.61e-06,1.14e-07,-6.7601e-06,0,0
-0.0014771,-4.72e-06,1.2e-07,-6.8965e-06,0,0
-0.0014763,-7.09e-06,1.16e-07,-5.9221e-06,0,0
-0.0014759,-6.54e-06,1.2e-07,-5.9454e-06,0,0
-0.0014738,-7.01e-06,1.23e-07,-6.077e-06,0,0
-0.0014729,-5.12e-06,1.16e-07,-6.139e-06,0,0
-0.0014723,-4.33e-06,1.21e-07,-6.1826e-06,0,0
-0.0014718,-6.38e-06,1.19e-07,-6.2204e-06,0,0
-0.0014716,-3.94e-06,1.16e-07,-6.2359e-06,0,0
-0.0014707,-7.09e-06,1.2e-07,-6.309e-06,0,0
-0.0014694,-6.46e-06,1.23e-07,-6.4251e-06,0,0
-0.0014693,-6.3e-06,1.23e-07,-6.4346e-06,0,0
-0.0014686,-6.93e-06,1.17e-07,-6.5041e-06,0,0
-0.0014672,-5.98e-06,1.21e-07,-6.6607e-06,0,0
-0.0014667,-6.85e-06,1.24e-07,-6.7238e-06,0,0
-0.0014659,-6.77e-06,1.18e-07,-5.7145e-06,0,0
-0.0014658,-6.14e-06,1.19e-07,-5.7205e-06,0,0
-0.0014646,-6.06e-06,1.16e-07,-5.7947e-06,0,0
-0.0014642,-6.22e-06,1.16e-07,-5.8207e-06,0,0
-0.0014636,-5.91e-06,1.23e-07,-5.861e-06,0,0
-0.0014624,-5.83e-06,1.19e-07,-5.9468e-06,0,0
-0.0014607,-5.75e-06,1.17e-07,-6.0824e-06,0,0
-0.0014602,-6.69e-06,1.21e-07,-6.126e-06,0,0
-0.0014599,-5.43e-06,1.19e-07,-6.1532e-06,0,0
-0.0014595,-5.67e-06,1.18e-07,-6.1906e-06,0,0
-0.0014594,-5.59e-06,1.13e-07,-6.2002e-06,0,0
-0.0014591,-5.28e-06,1.2e-07,-6.2296e-06,0,0
-0.0014583,-5.12e-06,1.15e-07,-6.3125e-06,0,0
-0.0014575,-5.51e-06,1.21e-07,-6.4034e-06,0,0
-0.0014569,-6.61e-06,1.15e-07,-6.4779e-06,0,0
-0.0014562,-5.2e-06,1.19e-07,-5.4575e-06,0,0
-0.0014562,-4.88e-06,1.2e-07,-5.4575e-06,0,0
-0.0014561,-5.35e-06,1.13e-07,-5.4635e-06,0,0
-0.0014559,-4.02e-06,1.24e-07,-5.4755e-06,0,0
-0.0014558,-4.72e-06,1.21e-07,-5.4816e-06,0,0
-0.0014557,-4.96e-06,1.15e-07,-5.4877e-06,0,0
-0.0014556,-5.04e-06,1.2e-07,-5.4938e-06,0,0
-0.0014554,-3.78e-06,1.18e-07,-5.5062e-06,0,0
-0.0014551,-4.49e-06,1.19e-07,-5.5251e-06,0,0
-0.001455,-4.57e-06,1.24e-07,-5.5315e-06,0,0
-0.0014547,-4.17e-06,1.16e-07,-5.5508e-06,0,0
-0.0014544,-3.94e-06,1.21e-07,-5.5706e-06,0,0
-0.0014542,-3.86e-06,1.16e-07,-5.584e-06,0,0
-0.0014539,-4.33e-06,1.21e-07,-5.6044e-06,0,0
-0.0014536,-4.65e-06,1.24e-07,-5.6252e-06,0,0
-0.0014529,-4.41e-06,1.2e-07,-5.6755e-06,0,0
-0.0014528,-4.8e-06,1.21e-07,-5.6829e-06,0,0
-0.001452,-6.69e-06,1.21e-07,-5.7442e-06,0,0
-0.0014519,-6.54e-06,1.2e-07,-5.7521e-06,0,0
-0.0014514,-6.46e-06,1.22e-07,-5.7927e-06,0,0
-0.0014508,-6.3e-06,1.17e-07,-5.8437e-06,0,0
-0.0014498,-4.25e-06,1.19e-07,-5.9349e-06,0,0
-0.0014498,-4.09e-06,1.18e-07,-5.9349e-06,0,0
-0.0014448,-5.91e-06,1.14e-07,-5.2898e-06,0,0
-0.0014445,-6.3e-06,1.28e-07,-5.3102e-06,0,0
-0.001444,-5.51e-06,1.24e-07,-5.3452e-06,0,0
-0.0014438,-6.38e-06,1.17e-07,-5.3596e-06,0,0
-0.0014422,-5.12e-06,1.19e-07,-5.4823e-06,0,0
-0.0014406,-6.14e-06,1.16e-07,-5.6222e-06,0,0
-0.0014396,-6.22e-06,1.16e-07,-5.7206e-06,0,0
-0.0014385,-6.06e-06,1.15e-07,-5.8413e-06,0,0
-0.0014378,-5.91e-06,1.19e-07,-5.9265e-06,0,0
-0.0014373,-5.98e-06,1.18e-07,-5.9921e-06,0,0
-0.0014363,-4.72e-06,1.18e-07,-4.8898e-06,0,0
-0.001436,-5.75e-06,1.15e-07,-4.9095e-06,0,0
-0.0014356,-5.83e-06,1.17e-07,-4.9364e-06,0,0
-0.0014344,-5.59e-06,1.26e-07,-5.0217e-06,0,0
-0.0014343,-4.33e-06,1.19e-07,-5.0292e-06,0,0
-0.0014342,-5.67e-06,1.21e-07,-5.0367e-06,0,0
-0.0014329,-5.43e-06,1.24e-07,-5.1403e-06,0,0
-0.0014329,-3.54e-06,1.17e-07,-5.1403e-06,0,0
-0.0014326,-3.94e-06,1.25e-07,-5.1658e-06,0,0
-0.0014323,-5.51e-06,1.21e-07,-5.192e-06,0,0
-0.0014312,-5.2e-06,1.21e-07,-5.2943e-06,0,0
-0.0014308,-5.35e-06,1.19e-07,-5.3342e-06,0,0
-0.0014298,-5.04e-06,1.17e-07,-5.4416e-06,0,0
-0.0014296,-2.76e-06,1.21e-07,-5.4645e-06,0,0
-0.0014287,-5.28e-06,1.19e-07,-5.5743e-06,0,0
-0.0014278,-3.15e-06,1.19e-07,-5.697e-06,0,0
-0.0014271,-4.8e-06,1.2e-07,-5.8035e-06,0,0
-0.0014269,-4.65e-06,1.22e-07,-5.836e-06,0,0
-0.0014266,-4.49e-06,1.21e-07,-5.8868e-06,0,0
-0.0014263,-4.88e-06,1.2e-07,-4.4355e-06,0,0
-0.0014258,-5.12e-06,1.17e-07,-4.4716e-06,0,0
-0.0014256,-4.72e-06,1.18e-07,-4.4864e-06,0,0
-0.0014256,-3.94e-06,1.27e-07,-4.4864e-06,0,0
-0.0014243,-4.96e-06,1.23e-07,-4.5899e-06,0,0
-0.0014243,-4.17e-06,1.29e-07,-4.5899e-06,0,0
-0.0014242,-4.57e-06,1.19e-07,-4.5984e-06,0,0
-0.001424,-4.33e-06,1.23e-07,-4.6157e-06,0,0
-0.0014238,-2.36e-06,1.16e-07,-4.6333e-06,0,0
-0.0014232,-3.62e-06,1.18e-07,-4.6883e-06,0,0
-0.0014231,-4.25e-06,1.16e-07,-4.6978e-06,0,0
-0.0014231,-4.02e-06,1.2e-07,-4.6978e-06,0,0
-0.0014229,-4.09e-06,1.19e-07,-4.7172e-06,0,0
-0.0014227,-3.54e-06,1.17e-07,-4.7369e-06,0,0
-0.0014218,-3.23e-06,1.18e-07,-4.8315e-06,0,0
-0.0014216,-3.78e-06,1.24e-07,-4.8538e-06,0,0
-0.0014215,-4.41e-06,1.17e-07,-4.8652e-06,0,0
-0.0014211,-3.86e-06,1.17e-07,-4.9123e-06,0,0
-0.0014207,-3.7e-06,1.17e-07,-4.9617e-06,0,0
-0.0014206,-3.46e-06,1.26e-07,-4.9745e-06,0,0
-0.0014196,-3.07e-06,1.23e-07,-5.1121e-06,0,0
-0.001419,-3.39e-06,1.2e-07,-5.2048e-06,0,0
-0.0014183,-2.91e-06,1.22e-07,-5.3244e-06,0,0
-0.0014181,-3.15e-06,1.14e-07,-5.3613e-06,0,0
-0.0014178,-3.31e-06,1.26e-07,-5.4189e-06,0,0
-0.001416,-2.83e-06,1.18e-07,-2.2479e-06,0,0
-0.0014159,-2.99e-06,1.18e-07,-2.2485e-06,0,0
-0.0014158,-2.68e-06,1.18e-07,-2.249e-06,0,0
-0.0014146,-2.76e-06,1.23e-07,-2.2553e-06,0,0
-0.0014112,-2.6e-06,1.2e-07,-2.2737e-06,0,0
-0.0012986,-3.7e-06,1.19e-07,-4.626e-06,0,0
-0.0012981,-3.62e-06,1.21e-07,-4.6949e-06,0,0
-0.0012967,-3.54e-06,1.2e-07,-4.9196e-06,0,0
-0.0012967,-3.46e-06,1.18e-07,-4.9196e-06,0,0
-0.0012956,-3.54e-06,1.24e-07,-2.8374e-06,0,0
-0.0012949,-3.31e-06,1.17e-07,-2.8625e-06,0,0
-0.0012927,-3.39e-06,1.2e-07,-2.9501e-06,0,0
-0.0012916,-3.07e-06,1.23e-07,-3e-06,0,0
-0.0012911,-3.15e-06,1.18e-07,-3.0244e-06,0,0
-0.00129,-3.15e-06,1.16e-07,-3.0823e-06,0,0
-0.0012885,-3.23e-06,1.24e-07,-3.1732e-06,0,0
-0.0012845,-2.99e-06,1.17e-07,-2.5346e-06,0,0
-0.0012845,-2.91e-06,1.19e-07,-2.5346e-06,0,0
-0.0012793,-2.76e-06,1.26e-07,-2.7358e-06,0,0
-0.0012786,-2.83e-06,1.17e-07,-2.7714e-06,0,0
-0.0012782,-2.76e-06,1.18e-07,-2.7931e-06,0,0
-0.0012733,-2.68e-06,1.19e-07,-2.3349e-06,0,0
-0.0012714,-2.6e-06,1.14e-07,-2.3962e-06,0,0
-0.0012688,-2.52e-06,1.2e-07,-2.4992e-06,0,0
-0.0012611,-2.44e-06,1.15e-07,-2.2085e-06,0,0
-0.0012609,-2.36e-06,1.16e-07,-2.215e-06,0,0
-0.0012562,-2.36e-06,1.23e-07,-1.9142e-06,0,0
-0.0012535,-2.28e-06,1.18e-07,-1.9746e-06,0,0
-0.0012487,-2.2e-06,1.23e-07,-2.1188e-06,0,0
-0.0012439,-2.13e-06,1.22e-07,-1.8205e-06,0,0
-0.0012396,-2.44e-06,1.21e-07,-1.9326e-06,0,0
-0.0012381,-2.05e-06,1.19e-07,-1.9839e-06,0,0
-0.0012379,-1.97e-06,1.2e-07,-1.9914e-06,0,0
-0.0012352,-2.36e-06,1.25e-07,-1.6646e-06,0,0
-0.0012309,-2.28e-06,1.17e-07,-1.7582e-06,0,0
-0.0012267,-1.97e-06,1.26e-07,-1.8941e-06,0,0
-0.0012243,-1.89e-06,1.15e-07,-1.5628e-06,0,0
-0.0012231,-2.2e-06,1.21e-07,-1.5858e-06,0,0
-0.0012227,-2.13e-06,1.15e-07,-1.5939e-06,0,0
-0.0012162,-1.81e-06,1.27e-07,-1.4226e-06,0,0
-0.001214,-2.05e-06,1.21e-07,-1.4582e-06,0,0
-0.0012067,-1.73e-06,1.22e-07,-1.6362e-06,0,0
-0.001205,-1.97e-06,1.2e-07,-1.3405e-06,0,0
-0.0012033,-1.65e-06,1.21e-07,-1.3678e-06,0,0
-0.0012012,-1.57e-06,1.19e-07,-1.4065e-06,0,0
-0.0012003,-1.97e-06,1.23e-07,-1.4253e-06,0,0
-0.0011989,-1.89e-06,1.19e-07,-1.4581e-06,0,0
-0.0011941,-1.81e-06,1.2e-07,-1.2598e-06,0,0
-0.0011892,-1.57e-06,1.19e-07,-1.3493e-06,0,0
-0.0011884,-1.5e-06,1.15e-07,-1.3683e-06,0,0
-0.0011845,-1.73e-06,1.19e-07,-1.1661e-06,0,0
-0.0011798,-1.65e-06,1.21e-07,-1.2427e-06,0,0
-0.0011727,-1.42e-06,1.26e-07,-1.1085e-06,0,0
-0.0011707,-1.57e-06,1.17e-07,-1.1396e-06,0,0
-0.0011676,-1.57e-06,1.19e-07,-1.2016e-06,0,0
-0.0011643,-1.5e-06,1.21e-07,-1.0103e-06,0,0
-0.0011639,-1.34e-06,1.14e-07,-1.0151e-06,0,0
-0.0011598,-1.18e-06,1.16e-07,-1.0744e-06,0,0
-0.0011575,-1.42e-06,1.19e-07,-1.1194e-06,0,0
-0.0011546,-1.26e-06,1.24e-07,-9.3564e-07,0,0
-0.0011435,-1.18e-06,1.18e-07,-8.8089e-07,0,0
-0.0011394,-1.34e-06,1.22e-07,-9.3397e-07,0,0
-0.0011365,-1.26e-06,1.26e-07,-9.8793e-07,0,0
-0.0011353,-1.1e-06,1.31e-07,-8.0098e-07,0,0
-0.001121,-1.18e-06,1.17e-07,-7.8579e-07,0,0
-0.0011182,-1.02e-06,1.25e-07,-8.2296e-07,0,0
-0.0011168,-1.18e-06,1.28e-07,-8.4667e-07,0,0
-0.0011118,-1.1e-06,1.42e-07,-7.2118e-07,0,0
-0.0010998,-9.45e-07,1.29e-07,-6.8961e-07,0,0
-0.0010978,-1.02e-06,1.16e-07,-7.1457e-07,0,0
-0.0010846,-8.66e-07,1.39e-07,-5.5564e-07,0,0
-0.0010782,-7.87e-07,1.47e-07,-6.1026e-07,0,0
-0.0010743,-9.45e-07,1.34e-07,-5.1702e-07,0,0
-0.0010709,-8.66e-07,1.15e-07,-5.4095e-07,0,0
-0.0010668,-7.87e-07,1.22e-07,-5.8232e-07,0,0
-0.0010508,-7.09e-07,1.47e-07,-4.6543e-07,0,0
-0.001047,-7.87e-07,1.17e-07,-4.9817e-07,0,0
-0.0010431,-7.87e-07,1.4e-07,-4.1769e-07,0,0
-0.0010322,-7.09e-07,1.3e-07,-3.9155e-07,0,0
-0.0010265,-6.3e-07,1.22e-07,-4.3247e-07,0,0
-0.0009958,-6.3e-07,1.51e-07,-2.7523e-07,0,0
-0.0009737,-5.51e-07,1.79e-07,-2.4157e-07,0,0
-0.0009599,-4.72e-07,1.48e-07,-2.3589e-07,0,0
-0.000955,-5.51e-07,1.87e-07,-2.0353e-07,0,0
-0.0009351,-4.72e-07,1.58e-07,-1.7389e-07,0,0
-0.00091442,-3.94e-07,1.55e-07,-1.4987e-07,0,0
-0.00087399,-3.94e-07,2.87e-07,-1.1002e-07,0,0
-0.00086074,-3.94e-07,3.08e-07,-1.0633e-07,0,0
-0.00085309,-3.94e-07,2.93e-07,-9.508e-08,0,0
-0.00077028,-3.15e-07,2.33e-07,-5.2588e-08,0,0
-0.00076422,-3.15e-07,4.87e-07,-4.5997e-08,0,0
-0.00068434,-2.36e-07,5.56e-07,-2.4347e-08,0,0
-0.00064245,-2.36e-07,6.45e-07,-1.817e-08,0,0
-0.0004525,-1.57e-07,3.6e-07,-4.016e-09,0,0
-0.00041657,-1.57e-07,9.22e-07,-3.4743e-09,0,0
-0.00033112,-7.87e-08,3.8e-07,-1.5699e-09,0,0
-0.00024157,-7.87e-08,9.98e-07,-7.5442e-10,0,0
8.05e-05,0,8.27e-07,1.5815e-10,0,0
8.05e-05,0,8.4e-07,1.5815e-10,0,0
8.05e-05,0,8.67e-07,1.5815e-10,0,0
8.05e-05,0,9.85e-07,1.5815e-10,0,0
0.00033519,7.87e-08,5.15e-07,1.4841e-09,0,0
0.00038041,7.87e-08,7.66e-07,2.3625e-09,0,0
0.00052562,1.57e-07,6.37e-07,6.7254e-09,0,0
0.00054212,1.57e-07,6.41e-07,8.2475e-09,0,0
0.00070434,2.36e-07,3.84e-07,2.8537e-08,0,0
0.00071727,2.36e-07,3.3e-07,3.7367e-08,0,0
0.00079094,3.15e-07,3.2e-07,6.0988e-08,0,0
0.00081307,3.15e-07,3.29e-07,6.9351e-08,0,0
0.00087267,3.94e-07,1.93e-07,1.1192e-07,0,0
0.00088754,3.94e-07,2.57e-07,1.4243e-07,0,0
0.00088827,3.94e-07,1.48e-07,1.4039e-07,0,0
0.00091436,3.94e-07,2.33e-07,1.4998e-07,0,0
0.00093934,4.72e-07,1.35e-07,2.0373e-07,0,0
0.00096357,4.72e-07,1.89e-07,2.2388e-07,0,0
0.00096814,5.51e-07,1.69e-07,2.63e-07,0,0
0.00098157,5.51e-07,1.49e-07,2.6862e-07,0,0
0.0010013,6.3e-07,1.22e-07,3.1481e-07,0,0
0.0010241,6.3e-07,1.56e-07,3.5384e-07,0,0
0.0010371,7.09e-07,1.38e-07,4.6062e-07,0,0
0.0010416,7.87e-07,1.43e-07,4.2623e-07,0,0
0.0010473,7.87e-07,1.24e-07,4.95e-07,0,0
0.001053,7.09e-07,1.38e-07,4.514e-07,0,0
0.0010654,7.87e-07,1.27e-07,4.7316e-07,0,0
0.0010703,8.66e-07,1.34e-07,5.4592e-07,0,0
0.0010764,7.87e-07,1.38e-07,6.337e-07,0,0
0.0010836,9.45e-07,1.27e-07,5.624e-07,0,0
0.0010909,8.66e-07,1.3e-07,6.29e-07,0,0
0.0010965,9.45e-07,1.17e-07,7.3455e-07,0,0
0.0010976,1.02e-06,1.27e-07,7.1741e-07,0,0
0.0011168,1.18e-06,1.24e-07,8.4667e-07,0,0
0.0011173,1.1e-06,1.3e-07,8.3768e-07,0,0
0.0011194,1.02e-06,1.28e-07,8.0569e-07,0,0
0.0011232,1.18e-06,1.21e-07,7.6262e-07,0,0
0.00113,1.1e-06,1.16e-07,8.5918e-07,0,0
0.0011363,1.26e-06,1.25e-07,7.9224e-07,0,0
0.0011412,1.34e-06,1.17e-07,9.0834e-07,0,0
0.0011421,1.18e-06,1.26e-07,8.97e-07,0,0
0.00115,1.18e-06,1.2e-07,9.954e-07,0,0
0.0011526,1.26e-06,1.26e-07,9.59e-07,0,0
0.0011546,1.42e-06,1.26e-07,9.3564e-07,0,0
0.0011603,1.57e-06,1.17e-07,1.066e-06,0,0
0.0011627,1.34e-06,1.16e-07,1.0305e-06,0,0
0.0011675,1.5e-06,1.16e-07,1.204e-06,0,0
0.0011717,1.57e-06,1.26e-07,1.1234e-06,0,0
0.0011731,1.42e-06,1.25e-07,1.1028e-06,0,0
0.0011831,1.65e-06,1.17e-07,1.186e-06,0,0
0.001184,1.5e-06,1.16e-07,1.173e-06,0,0
0.0011853,1.73e-06,1.22e-07,1.1555e-06,0,0
0.0011927,1.57e-06,1.22e-07,1.2818e-06,0,0
0.001193,1.97e-06,1.21e-07,1.2769e-06,0,0
0.0011967,1.57e-06,1.24e-07,1.5218e-06,0,0
0.001197,1.81e-06,1.19e-07,1.5119e-06,0,0
0.0011978,1.65e-06,1.16e-07,1.4876e-06,0,0
0.0012007,1.89e-06,1.19e-07,1.4168e-06,0,0
0.0012063,1.73e-06,1.19e-07,1.3215e-06,0,0
0.0012065,1.97e-06,1.22e-07,1.6435e-06,0,0
0.0012123,1.81e-06,1.15e-07,1.4897e-06,0,0
0.0012148,2.05e-06,1.16e-07,1.4447e-06,0,0
0.0012185,2.13e-06,1.21e-07,1.6981e-06,0,0
0.0012231,1.89e-06,1.15e-07,1.5858e-06,0,0
0.0012239,2.2e-06,1.19e-07,1.5703e-06,0,0
0.0012242,1.97e-06,1.25e-07,1.5647e-06,0,0
0.001225,2.28e-06,1.23e-07,1.5503e-06,0,0
0.0012292,1.97e-06,1.21e-07,1.8055e-06,0,0
0.0012351,2.36e-06,1.13e-07,1.6665e-06,0,0
0.0012359,2.05e-06,1.18e-07,1.6519e-06,0,0
0.0012416,2.13e-06,1.26e-07,1.8755e-06,0,0
0.0012428,2.2e-06,1.12e-07,1.8456e-06,0,0
0.0012501,2.28e-06,1.21e-07,2.0699e-06,0,0
0.0012519,2.36e-06,1.19e-07,2.0161e-06,0,0
0.0012557,2.36e-06,1.22e-07,1.9246e-06,0,0
0.0012626,2.44e-06,1.27e-07,2.163e-06,0,0
0.0012642,2.52e-06,1.24e-07,2.1199e-06,0,0
0.001266,2.76e-06,1.13e-07,2.0768e-06,0,0
0.0012692,2.6e-06,1.17e-07,2.4815e-06,0,0
0.0012728,2.68e-06,1.18e-07,2.3502e-06,0,0
0.001277,2.76e-06,1.15e-07,2.8656e-06,0,0
0.0012797,3.15e-06,1.15e-07,2.7167e-06,0,0
0.0012804,2.83e-06,1.22e-07,2.6851e-06,0,0
0.0012824,2.91e-06,1.18e-07,2.6054e-06,0,0
0.0012849,2.99e-06,1.14e-07,2.5223e-06,0,0
0.001285,3.54e-06,1.2e-07,2.5193e-06,0,0
0.0012864,3.07e-06,1.13e-07,3.3346e-06,0,0
0.0012927,3.15e-06,1.19e-07,2.9501e-06,0,0
0.0012929,3.23e-06,1.23e-07,2.9415e-06,0,0
0.0012947,3.39e-06,1.23e-07,2.8699e-06,0,0
0.0012964,3.31e-06,1.18e-07,2.8102e-06,0,0
0.0012964,3.46e-06,1.16e-07,2.8102e-06,0,0
0.0012972,3.62e-06,1.17e-07,4.8332e-06,0,0
0.0012974,3.54e-06,1.22e-07,4.8007e-06,0,0
0.0012985,3.7e-06,1.16e-07,4.6393e-06,0,0
0.0012989,3.78e-06,1.2e-07,4.5869e-06,0,0
0.0014141,2.52e-06,1.21e-07,2.258e-06,0,0
0.0014142,2.6e-06,1.14e-07,2.2575e-06,0,0
0.0014159,2.36e-06,1.19e-07,2.2485e-06,0,0
0.0014163,2.68e-06,1.16e-07,2.2464e-06,0,0
0.0014182,2.99e-06,1.22e-07,5.3427e-06,0,0
0.0014184,2.76e-06,1.17e-07,5.3065e-06,0,0
0.0014185,2.91e-06,1.15e-07,5.2889e-06,0,0
0.0014193,2.83e-06,1.2e-07,5.1574e-06,0,0
0.0014193,3.15e-06,1.17e-07,5.1574e-06,0,0
0.0014195,3.46e-06,1.18e-07,5.127e-06,0,0
0.0014195,3.62e-06,1.15e-07,5.127e-06,0,0
0.0014199,3.31e-06,1.17e-07,5.0688e-06,0,0
0.0014205,3.07e-06,1.17e-07,4.9874e-06,0,0
0.0014208,3.86e-06,1.15e-07,4.9491e-06,0,0
0.0014211,2.76e-06,1.17e-07,4.9123e-06,0,0
0.0014214,3.39e-06,1.19e-07,4.8768e-06,0,0
0.0014216,3.78e-06,1.18e-07,4.8538e-06,0,0
0.0014216,3.94e-06,1.14e-07,4.8538e-06,0,0
0.0014218,3.23e-06,1.15e-07,4.8315e-06,0,0
0.0014222,3.54e-06,1.22e-07,4.7882e-06,0,0
0.0014222,4.02e-06,1.17e-07,4.7882e-06,0,0
0.0014227,4.17e-06,1.18e-07,4.7369e-06,0,0
0.001423,4.33e-06,1.18e-07,4.7074e-06,0,0
0.001423,4.49e-06,1.23e-07,4.7074e-06,0,0
0.0014235,3.7e-06,1.21e-07,4.6604e-06,0,0
0.0014239,4.57e-06,1.19e-07,4.6244e-06,0,0
0.0014242,4.65e-06,1.15e-07,4.5984e-06,0,0
0.0014246,3.15e-06,1.17e-07,4.5649e-06,0,0
0.0014247,4.88e-06,1.18e-07,4.5567e-06,0,0
0.0014249,4.72e-06,1.18e-07,4.5406e-06,0,0
0.0014253,5.04e-06,1.14e-07,4.5092e-06,0,0
0.0014255,4.09e-06,1.16e-07,4.4939e-06,0,0
0.001426,4.41e-06,1.21e-07,4.457e-06,0,0
0.0014262,3.54e-06,1.2e-07,4.4426e-06,0,0
0.0014268,4.8e-06,1.19e-07,5.8527e-06,0,0
0.0014272,5.2e-06,1.18e-07,5.7876e-06,0,0
0.0014273,4.25e-06,1.15e-07,5.772e-06,0,0
0.0014279,4.33e-06,1.19e-07,5.6826e-06,0,0
0.001428,4.96e-06,1.13e-07,5.6685e-06,0,0
0.001428,5.43e-06,1.17e-07,5.6685e-06,0,0
0.0014291,5.75e-06,1.24e-07,5.524e-06,0,0
0.0014297,5.28e-06,1.25e-07,5.453e-06,0,0
0.00143,5.12e-06,1.19e-07,5.4192e-06,0,0
0.00143,5.35e-06,1.19e-07,5.4192e-06,0,0
0.0014301,5.59e-06,1.2e-07,5.4082e-06,0,0
0.0014315,5.91e-06,1.24e-07,5.2653e-06,0,0
0.0014318,5.51e-06,1.17e-07,5.2372e-06,0,0
0.0014322,3.94e-06,1.16e-07,5.2008e-06,0,0
0.0014326,5.67e-06,1.23e-07,5.1658e-06,0,0
0.0014327,5.12e-06,1.23e-07,5.1572e-06,0,0
0.0014331,4.72e-06,1.17e-07,5.1236e-06,0,0
0.0014342,5.98e-06,1.19e-07,5.0367e-06,0,0
0.0014343,6.22e-06,1.17e-07,5.0292e-06,0,0
0.0014346,6.06e-06,1.16e-07,5.007e-06,0,0
0.0014351,6.14e-06,1.16e-07,4.971e-06,0,0
0.0014361,5.83e-06,1.17e-07,4.9029e-06,0,0
0.0014369,5.51e-06,1.24e-07,6.048e-06,0,0
0.0014371,6.3e-06,1.19e-07,6.0197e-06,0,0
0.0014374,5.91e-06,1.17e-07,5.9787e-06,0,0
0.0014409,6.3e-06,1.19e-07,5.5944e-06,0,0
0.0014412,6.38e-06,1.2e-07,5.5674e-06,0,0
0.0014415,3.94e-06,1.21e-07,5.5411e-06,0,0
0.0014417,4.33e-06,1.21e-07,5.524e-06,0,0
0.0014418,4.49e-06,1.17e-07,5.5155e-06,0,0
0.0014423,6.46e-06,1.2e-07,5.4742e-06,0,0
0.0014427,4.09e-06,1.19e-07,5.4423e-06,0,0
0.0014429,4.41e-06,1.2e-07,5.4268e-06,0,0
0.0014433,4.25e-06,1.19e-07,5.3964e-06,0,0
0.0014435,4.65e-06,1.21e-07,5.3815e-06,0,0
0.0014443,4.02e-06,1.15e-07,5.3241e-06,0,0
0.0014444,4.17e-06,1.14e-07,5.3171e-06,0,0
0.0014459,4.57e-06,1.17e-07,5.2184e-06,0,0
0.0014459,4.72e-06,1.14e-07,5.2184e-06,0,0
0.0014459,4.96e-06,1.19e-07,5.2184e-06,0,0
0.0014459,5.04e-06,1.2e-07,5.2184e-06,0,0
0.001446,3.86e-06,1.18e-07,5.2121e-06,0,0
0.001446,4.88e-06,1.16e-07,5.2121e-06,0,0
0.0014465,5.2e-06,1.16e-07,6.3164e-06,0,0
0.0014469,4.8e-06,1.21e-07,6.2612e-06,0,0
0.0014472,5.59e-06,1.18e-07,6.2219e-06,0,0
0.0014475,6.69e-06,1.16e-07,6.1841e-06,0,0
0.0014478,5.35e-06,1.19e-07,6.1477e-06,0,0
0.0014479,5.28e-06,1.19e-07,6.1359e-06,0,0
0.0014487,6.61e-06,1.21e-07,6.0462e-06,0,0
0.0014492,6.54e-06,1.16e-07,5.994e-06,0,0
0.0014496,5.43e-06,1.15e-07,5.9543e-06,0,0
0.0014506,5.12e-06,1.14e-07,5.8613e-06,0,0
0.0014507,5.51e-06,1.18e-07,5.8524e-06,0,0
0.0014517,5.75e-06,1.19e-07,5.7681e-06,0,0
0.0014532,5.83e-06,1.16e-07,5.6537e-06,0,0
0.001454,5.67e-06,1.18e-07,5.5975e-06,0,0
0.0014547,6.22e-06,1.2e-07,5.5508e-06,0,0
0.0014547,6.69e-06,1.22e-07,5.5508e-06,0,0
0.0014548,5.91e-06,1.21e-07,5.5443e-06,0,0
0.0014549,6.06e-06,1.15e-07,5.5379e-06,0,0
0.0014554,5.98e-06,1.16e-07,5.5062e-06,0,0
0.001456,6.77e-06,1.16e-07,5.4695e-06,0,0
0.0014577,3.94e-06,1.21e-07,6.3799e-06,0,0
0.0014583,6.14e-06,1.17e-07,6.3125e-06,0,0
0.0014598,7.09e-06,1.27e-07,6.1624e-06,0,0
0.00146,4.33e-06,1.22e-07,6.1441e-06,0,0
0.0014624,6.85e-06,1.22e-07,5.9468e-06,0,0
0.0014628,4.72e-06,1.19e-07,5.9174e-06,0,0
0.0014637,5.12e-06,1.22e-07,5.8542e-06,0,0
0.001464,6.46e-06,1.17e-07,5.834e-06,0,0
0.0014641,6.3e-06,1.16e-07,5.8273e-06,0,0
0.0014645,5.51e-06,1.19e-07,5.8012e-06,0,0
0.0014646,6.38e-06,1.19e-07,5.7947e-06,0,0
0.0014647,6.93e-06,1.16e-07,5.7883e-06,0,0
0.0014672,7.01e-06,1.24e-07,6.6607e-06,0,0
0.0014675,5.91e-06,1.21e-07,6.6249e-06,0,0
0.0014685,6.3e-06,1.21e-07,6.5145e-06,0,0
0.0014713,6.54e-06,1.23e-07,6.2597e-06,0,0
0.0014727,7.09e-06,1.22e-07,6.1534e-06,0,0
0.0014727,7.17e-06,1.32e-07,6.1534e-06,0,0
0.0014735,6.61e-06,1.22e-07,6.0973e-06,0,0
0.0014764,6.69e-06,1.16e-07,5.9163e-06,0,0
0.0014781,7.48e-06,1.2e-07,6.7815e-06,0,0
0.0014787,6.69e-06,1.19e-07,6.7187e-06,0,0
0.0014793,7.32e-06,1.21e-07,6.6598e-06,0,0
0.00148,7.24e-06,1.16e-07,6.5953e-06,0,0
0.0014811,6.77e-06,1.22e-07,6.5019e-06,0,0
0.0014832,6.85e-06,1.18e-07,6.3446e-06,0,0
0.0014881,7.48e-06,1.22e-07,7.0077e-06,0,0
0.0014885,7.4e-06,1.22e-07,6.9654e-06,0,0
0.0014895,6.93e-06,1.19e-07,6.8671e-06,0,0
0.0014901,7.09e-06,1.27e-07,6.8127e-06,0,0
0.0014911,7.87e-06,1.19e-07,6.728e-06,0,0
0.0014916,7.56e-06,1.27e-07,6.6883e-06,0,0
0.0014924,7.01e-06,1.2e-07,6.6277e-06,0,0
0.0014931,7.64e-06,1.15e-07,6.5775e-06,0,0
0.0014944,7.09e-06,1.17e-07,6.4903e-06,0,0
0.0014988,7.72e-06,1.23e-07,7.1626e-06,0,0
0.0014992,7.17e-06,1.27e-07,7.1231e-06,0,0
0.0015007,7.24e-06,1.17e-07,6.988e-06,0,0
0.0015024,7.87e-06,1.2e-07,6.854e-06,0,0
0.0015025,7.8e-06,1.18e-07,6.8467e-06,0,0
0.0015075,7.32e-06,1.18e-07,7.5332e-06,0,0
0.0015082,7.95e-06,1.17e-07,7.4544e-06,0,0
0.0015083,7.48e-06,1.16e-07,7.4436e-06,0,0
0.0015094,8.03e-06,1.18e-07,7.3327e-06,0,0
0.0015097,8.27e-06,1.25e-07,7.3045e-06,0,0
0.0015118,7.4e-06,1.25e-07,7.1265e-06,0,0
0.0015137,7.48e-06,1.14e-07,6.9883e-06,0,0
0.0015155,8.11e-06,1.21e-07,6.872e-06,0,0
0.0015164,8.19e-06,1.16e-07,6.8183e-06,0,0
0.001517,7.56e-06,1.17e-07,7.8258e-06,0,0
0.001519,7.64e-06,1.21e-07,7.6016e-06,0,0
0.0015203,8.27e-06,1.17e-07,7.4794e-06,0,0
0.0015226,7.72e-06,1.16e-07,7.2934e-06,0,0
0.0015239,7.87e-06,1.21e-07,7.2012e-06,0,0
0.0015245,8.66e-06,1.16e-07,7.1611e-06,0,0
0.0015249,8.35e-06,1.16e-07,7.1352e-06,0,0
0.0015256,7.8e-06,1.26e-07,7.0913e-06,0,0
0.0015278,7.87e-06,1.19e-07,7.962e-06,0,0
0.0015281,8.43e-06,1.23e-07,7.928e-06,0,0
0.0015302,7.95e-06,1.18e-07,7.7181e-06,0,0
0.0015318,8.5e-06,1.17e-07,7.5829e-06,0,0
0.0015323,8.03e-06,1.18e-07,7.544e-06,0,0
0.0015351,8.58e-06,1.18e-07,7.3486e-06,0,0
0.001537,8.74e-06,1.21e-07,8.2928e-06,0,0
0.0015379,8.11e-06,1.18e-07,8.1833e-06,0,0
0.0015379,8.66e-06,1.18e-07,8.1833e-06,0,0
0.00154,8.19e-06,1.16e-07,7.967e-06,0,0
0.0015405,8.27e-06,1.15e-07,7.9216e-06,0,0
0.0015409,9.06e-06,1.16e-07,7.8866e-06,0,0
0.0015453,8.9e-06,1.18e-07,7.5621e-06,0,0
0.0015456,8.27e-06,1.18e-07,7.5431e-06,0,0
0.0015476,8.82e-06,1.17e-07,8.4522e-06,0,0
0.0015482,8.35e-06,1.22e-07,8.3824e-06,0,0
0.0015495,9.06e-06,1.16e-07,8.246e-06,0,0
0.0015509,8.5e-06,1.2e-07,8.1168e-06,0,0
0.0015509,8.98e-06,1.29e-07,8.1168e-06,0,0
0.0015529,8.43e-06,1.17e-07,7.9556e-06,0,0
0.0015546,9.45e-06,1.16e-07,7.8348e-06,0,0
0.0015558,8.58e-06,1.15e-07,7.7567e-06,0,0
0.0015559,9.13e-06,1.23e-07,7.7504e-06,0,0
0.0015581,8.66e-06,1.22e-07,8.6271e-06,0,0
0.0015589,9.21e-06,1.19e-07,8.5392e-06,0,0
0.0015594,8.66e-06,1.17e-07,8.4878e-06,0,0
0.0015632,8.74e-06,1.18e-07,8.1616e-06,0,0
0.0015647,9.29e-06,1.17e-07,8.0552e-06,0,0
0.0015663,8.9e-06,1.16e-07,7.9515e-06,0,0
0.0015677,9.37e-06,1.15e-07,8.9079e-06,0,0
0.0015679,9.45e-06,1.21e-07,8.8839e-06,0,0
0.001569,8.82e-06,1.23e-07,8.761e-06,0,0
0.0015717,9.06e-06,1.21e-07,8.5087e-06,0,0
0.0015719,8.98e-06,1.22e-07,8.4921e-06,0,0
0.0015724,9.53e-06,1.17e-07,8.4517e-06,0,0
0.0015726,9.84e-06,1.21e-07,8.4359e-06,0,0
0.0015743,9.06e-06,1.1e-07,8.31e-06,0,0
0.0015745,9.61e-06,1.19e-07,8.296e-06,0,0
0.0015802,9.13e-06,1.18e-07,8.8724e-06,0,0
0.0015821,9.69e-06,1.21e-07,8.7048e-06,0,0
0.0015822,9.76e-06,1.18e-07,8.6967e-06,0,0
0.0015823,9.21e-06,1.18e-07,8.6886e-06,0,0
0.0015837,9.29e-06,1.14e-07,8.5806e-06,0,0
0.0015868,9.37e-06,1.27e-07,9.493e-06,0,0
0.0015888,9.84e-06,1.18e-07,9.2467e-06,0,0
0.0015903,9.45e-06,1.2e-07,9.0934e-06,0,0
0.0015914,9.92e-06,1.12e-07,8.9931e-06,0,0
0.0015915,1.02e-05,1.19e-07,8.9844e-06,0,0
0.0015923,1e-05,1.2e-07,8.9171e-06,0,0
0.0015935,9.53e-06,1.22e-07,8.823e-06,0,0
0.0015938,9.45e-06,1.18e-07,8.8005e-06,0,0
0.0015985,9.61e-06,1.15e-07,9.5119e-06,0,0
0.0016013,9.69e-06,1.19e-07,9.2308e-06,0,0
0.0016043,9.76e-06,1.19e-07,8.9906e-06,0,0
0.0016068,1.06e-05,1.19e-07,9.9599e-06,0,0
0.0016069,9.84e-06,1.22e-07,9.9459e-06,0,0
0.0016084,9.92e-06,1.21e-07,9.7546e-06,0,0
0.0016092,9.84e-06,1.12e-07,9.665e-06,0,0
0.0016174,1e-05,1.18e-07,1.011e-05,0,0
0.0016251,1.02e-05,1.2e-07,9.3837e-06,0,0
0.0016272,1.1e-05,1.21e-07,1.0367e-05,0,0
0.0016399,1.06e-05,1.24e-07,1.0276e-05,0,0
0.0016413,1.14e-05,1.19e-07,1.0139e-05,0,0
0.001657,1.1e-05,1.21e-07,1.108e-05,0,0
0.0016631,1.18e-05,1.23e-07,1.0429e-05,0,0
0.0016765,1.14e-05,1.17e-07,1.1606e-05,0,0
0.0016797,1.22e-05,1.19e-07,1.1193e-05,0,0
0.0016919,1.18e-05,1.2e-07,1.1194e-05,0,0
0.0016984,1.26e-05,1.19e-07,1.1786e-05,0,0
0.0017119,1.22e-05,1.14e-07,1.1629e-05,0,0
0.0017142,1.3e-05,1.16e-07,1.1431e-05,0,0
0.0017274,1.26e-05,1.21e-07,1.2572e-05,0,0
0.001731,1.34e-05,1.2e-07,1.2145e-05,0,0
0.0017485,1.3e-05,1.17e-07,1.2852e-05,0,0
0.0017524,1.38e-05,1.23e-07,1.2435e-05,0,0
0.0017648,1.34e-05,1.21e-07,1.2439e-05,0,0
0.0017701,1.42e-05,1.2e-07,1.3083e-05,0,0
0.0017856,1.38e-05,1.22e-07,1.2788e-05,0,0
0.0017903,1.46e-05,1.2e-07,1.3475e-05,0,0
0.0018071,1.42e-05,1.28e-07,1.4293e-05,0,0
0.0018084,1.5e-05,1.17e-07,1.411e-05,0,0
0.0018227,1.46e-05,1.14e-07,1.3843e-05,0,0
0.0018302,1.54e-05,1.25e-07,1.4296e-05,0,0
0.0018456,1.5e-05,1.2e-07,1.3993e-05,0,0
0.001853,1.57e-05,1.18e-07,1.441e-05,0,0
0.0018645,1.54e-05,1.18e-07,1.4473e-05,0,0
0.0018743,1.61e-05,1.21e-07,1.4684e-05,0,0
0.0018909,1.57e-05,1.16e-07,1.5393e-05,0,0
0.0018981,1.65e-05,1.14e-07,1.5924e-05,0,0
0.0019078,1.61e-05,1.22e-07,1.6157e-05,0,0
0.0019182,1.69e-05,1.19e-07,1.629e-05,0,0
0.001932,1.65e-05,1.18e-07,1.6038e-05,0,0
0.0019415,1.73e-05,1.19e-07,1.6275e-05,0,0
0.0019517,1.69e-05,1.34e-07,1.644e-05,0,0
0.001959,1.77e-05,1.18e-07,1.6932e-05,0,0
0.0019727,1.73e-05,1.23e-07,1.671e-05,0,0
0.0019856,1.81e-05,1.18e-07,1.6636e-05,0,0
0.0019972,1.77e-05,1.17e-07,1.7915e-05,0,0
0.0020068,1.85e-05,1.18e-07,1.8159e-05,0,0
0.002018,1.81e-05,1.17e-07,1.8156e-05,0,0
0.0020301,1.89e-05,1.19e-07,1.8066e-05,0,0
0.0020437,1.85e-05,1.27e-07,1.7874e-05,0,0
0.0020549,1.93e-05,1.13e-07,1.7945e-05,0,0
0.0020647,1.89e-05,1.21e-07,1.8138e-05,0,0
0.0020782,1.97e-05,1.21e-07,1.9188e-05,0,0
0.0020916,1.93e-05,1.19e-07,1.8953e-05,0,0
0.0021046,2.01e-05,1.21e-07,1.8841e-05,0,0
0.0021125,1.97e-05,1.21e-07,1.9207e-05,0,0
0.0021247,2.05e-05,1.2e-07,1.9175e-05,0,0
0.0021351,2.01e-05,1.16e-07,1.9311e-05,0,0
0.00215,2.09e-05,1.21e-07,2.0158e-05,0,0
0.0021616,2.05e-05,1.21e-07,2.0149e-05,0,0
0.0021726,2.13e-05,1.19e-07,2.0216e-05,0,0
0.0021839,2.09e-05,1.19e-07,2.026e-05,0,0
0.0021988,2.17e-05,1.27e-07,2.1148e-05,0,0
0.0022077,2.13e-05,1.16e-07,2.1468e-05,0,0
0.0022252,2.2e-05,1.19e-07,2.0811e-05,0,0
0.0022303,2.17e-05,1.23e-07,2.1459e-05,0,0
0.0022536,2.24e-05,1.23e-07,2.1446e-05,0,0
0.0022647,2.2e-05,1.2e-07,2.1511e-05,0,0
0.0022759,2.28e-05,1.18e-07,2.1572e-05,0,0
0.0022877,2.24e-05,1.24e-07,2.278e-05,0,0
0.0023003,2.32e-05,1.18e-07,2.2602e-05,0,0
0.0023142,2.28e-05,1.19e-07,2.2365e-05,0,0
0.0023292,2.36e-05,1.17e-07,2.3219e-05,0,0
0.0023383,2.32e-05,1.23e-07,2.35e-05,0,0
0.0023514,2.4e-05,1.18e-07,2.3282e-05,0,0
0.002364,2.36e-05,1.18e-07,2.3184e-05,0,0
0.002379,2.44e-05,1.18e-07,2.4042e-05,0,0
0.0023896,2.4e-05,1.2e-07,2.4124e-05,0,0
0.0024019,2.48e-05,1.19e-07,2.4022e-05,0,0
0.002416,2.44e-05,1.21e-07,2.3801e-05,0,0
0.0024346,2.52e-05,1.27e-07,2.4235e-05,0,0
0.0024432,2.48e-05,1.25e-07,2.4521e-05,0,0
0.0024588,2.56e-05,1.2e-07,2.5326e-05,0,0
0.0024655,2.52e-05,1.22e-07,2.4626e-05,0,0
0.002489,2.6e-05,1.19e-07,2.5766e-05,0,0
0.0024973,2.56e-05,1.21e-07,2.6164e-05,0,0
0.0025148,2.64e-05,1.18e-07,2.5461e-05,0,0
0.0025192,2.6e-05,1.23e-07,2.6204e-05,0,0
0.0025404,2.68e-05,1.28e-07,2.6365e-05,0,0
0.0025464,2.64e-05,1.2e-07,2.5787e-05,0,0
0.0025704,2.72e-05,1.15e-07,2.6825e-05,0,0
0.0025758,2.68e-05,1.21e-07,2.6296e-05,0,0
0.0025912,2.76e-05,1.19e-07,2.704e-05,0,0
0.0026002,2.72e-05,1.14e-07,2.7306e-05,0,0
0.0026222,2.8e-05,1.24e-07,2.739e-05,0,0
0.0026301,2.76e-05,1.21e-07,2.7773e-05,0,0
0.0026529,2.83e-05,1.15e-07,2.7774e-05,0,0
0.002653,2.8e-05,1.18e-07,2.7764e-05,0,0
0.0026774,2.87e-05,1.3e-07,2.8893e-05,0,0
0.0026877,2.83e-05,1.19e-07,2.8998e-05,0,0
0.002705,2.91e-05,1.17e-07,2.8331e-05,0,0
0.0027122,2.87e-05,1.21e-07,2.8746e-05,0,0
0.0027295,2.95e-05,1.23e-07,2.9351e-05,0,0
0.0027407,2.91e-05,1.17e-07,2.9357e-05,0,0
0.002761,2.99e-05,1.17e-07,2.9621e-05,0,0
0.002768,2.95e-05,1.21e-07,3.0149e-05,0,0
0.0027848,3.03e-05,1.18e-07,2.9542e-05,0,0
0.0027932,2.99e-05,1.2e-07,2.9838e-05,0,0
0.0028148,3.07e-05,1.17e-07,2.9987e-05,0,0
0.0028262,3.03e-05,1.2e-07,3.0015e-05,0,0
0.0028397,3.11e-05,1.2e-07,3.0959e-05,0,0
0.0028473,3.07e-05,1.15e-07,3.1439e-05,0,0
0.0028692,3.15e-05,1.22e-07,3.1464e-05,0,0
0.0028803,3.11e-05,1.23e-07,3.1475e-05,0,0
0.002893,3.19e-05,1.19e-07,3.1333e-05,0,0
0.002905,3.15e-05,1.2e-07,3.1294e-05,0,0
0.0029255,3.23e-05,1.26e-07,3.1543e-05,0,0
0.0029374,3.19e-05,1.21e-07,3.2744e-05,0,0
0.0029511,3.27e-05,1.15e-07,3.2408e-05,0,0
0.0029628,3.23e-05,1.22e-07,3.2376e-05,0,0
0.00298,3.31e-05,1.21e-07,3.2973e-05,0,0
0.0029913,3.27e-05,1.22e-07,3.2969e-05,0,0
0.0030082,3.35e-05,1.19e-07,3.3644e-05,0,0
0.0030201,3.31e-05,1.29e-07,3.3541e-05,0,0
0.0030351,3.39e-05,1.24e-07,3.3178e-05,0,0
0.0030463,3.35e-05,1.16e-07,3.3221e-05,0,0
0.0030669,3.43e-05,1.18e-07,3.4712e-05,0,0
0.0030775,3.39e-05,1.24e-07,3.4761e-05,0,0
0.0030958,3.46e-05,1.24e-07,3.3985e-05,0,0
0.0031019,3.43e-05,1.16e-07,3.4495e-05,0,0
0.0031254,3.5e-05,1.18e-07,3.4451e-05,0,0
0.0031387,3.46e-05,1.19e-07,3.5451e-05,0,0
0.0031509,3.54e-05,1.12e-07,3.5323e-05,0,0
0.0031633,3.5e-05,1.21e-07,3.5216e-05,0,0
0.0031827,3.58e-05,1.24e-07,3.5562e-05,0,0
0.003193,3.54e-05,1.21e-07,3.5675e-05,0,0
0.0032088,3.62e-05,1.15e-07,3.644e-05,0,0
0.0032203,3.58e-05,1.27e-07,3.6394e-05,0,0
0.0032399,3.66e-05,1.29e-07,3.6727e-05,0,0
0.0032465,3.62e-05,1.18e-07,3.7362e-05,0,0
0.0032674,3.7e-05,1.17e-07,3.7498e-05,0,0
0.0032785,3.66e-05,1.19e-07,3.7479e-05,0,0
0.0032965,3.74e-05,1.24e-07,3.8073e-05,0,0
0.0033055,3.7e-05,1.16e-07,3.7013e-05,0,0
0.0033274,3.78e-05,1.18e-07,3.835e-05,0,0
0.003335,3.74e-05,1.23e-07,3.7482e-05,0,0
0.003353,3.82e-05,1.17e-07,3.7952e-05,0,0
0.003361,3.78e-05,1.15e-07,3.8303e-05,0,0
0.0033838,3.86e-05,1.24e-07,3.8299e-05,0,0
0.0033935,3.82e-05,1.17e-07,3.8469e-05,0,0
0.0034104,3.9e-05,1.13e-07,3.9078e-05,0,0
0.0034188,3.86e-05,1.22e-07,3.942e-05,0,0
0.0034408,3.94e-05,1.24e-07,3.9455e-05,0,0
0.0034501,3.9e-05,1.15e-07,3.9678e-05,0,0
0.0034676,3.98e-05,1.14e-07,4.0296e-05,0,0
0.0034748,3.94e-05,1.21e-07,3.9476e-05,0,0
0.0034974,4.02e-05,1.16e-07,4.0749e-05,0,0
0.0035037,3.98e-05,1.14e-07,3.9998e-05,0,0
0.0035268,4.06e-05,1.14e-07,4.1267e-05,0,0
0.0035316,4.02e-05,1.3e-07,4.0631e-05,0,0
0.0035579,4.06e-05,1.17e-07,4.1514e-05,0,0
0.0035594,4.09e-05,1.27e-07,4.1309e-05,0,0
0.0035879,4.13e-05,1.15e-07,4.1934e-05,0,0
0.003595,4.09e-05,1.26e-07,4.114e-05,0,0
0.0036182,4.17e-05,1.25e-07,4.231e-05,0,0
0.003621,4.13e-05,1.2e-07,4.1956e-05,0,0
0.0036498,4.21e-05,1.16e-07,4.2516e-05,0,0
0.0036545,4.17e-05,1.16e-07,4.2023e-05,0,0
0.0036759,4.25e-05,1.17e-07,4.2179e-05,0,0
0.0036791,4.21e-05,1.18e-07,4.3023e-05,0,0
0.0037075,4.29e-05,1.19e-07,4.3668e-05,0,0
0.0037109,4.25e-05,1.2e-07,4.3222e-05,0,0
0.0037319,4.33e-05,1.15e-07,4.339e-05,0,0
0.0037388,4.29e-05,1.22e-07,4.3898e-05,0,0
0.0037644,4.37e-05,1.21e-07,4.3562e-05,0,0
0.0037679,4.33e-05,1.15e-07,4.4441e-05,0,0
0.0037915,4.41e-05,1.19e-07,4.4266e-05,0,0
0.0037995,4.37e-05,1.21e-07,4.4639e-05,0,0
0.0038216,4.45e-05,1.24e-07,4.4671e-05,0,0
0.0038282,4.41e-05,1.2e-07,4.5229e-05,0,0
0.0038539,4.49e-05,1.18e-07,4.4855e-05,0,0
0.0038595,4.45e-05,1.22e-07,4.5469e-05,0,0
0.0038827,4.53e-05,1.23e-07,4.5386e-05,0,0
0.0038878,4.49e-05,1.23e-07,4.6117e-05,0,0
0.0039133,4.57e-05,1.18e-07,4.5741e-05,0,0
0.0039164,4.53e-05,1.19e-07,4.5463e-05,0,0
0.0039404,4.61e-05,1.26e-07,4.6464e-05,0,0
0.0039459,4.57e-05,1.26e-07,4.5919e-05,0,0
0.0039714,4.65e-05,1.2e-07,4.6764e-05,0,0
0.0039728,4.61e-05,1.16e-07,4.6617e-05,0,0
0.0040035,4.69e-05,1.22e-07,4.6961e-05,0,0
0.0040043,4.65e-05,1.29e-07,4.6886e-05,0,0
0.0040328,4.69e-05,1.2e-07,4.7443e-05,0,0
0.0040346,4.72e-05,1.22e-07,4.7272e-05,0,0
0.0040576,4.76e-05,1.17e-07,4.8488e-05,0,0
0.0040677,4.72e-05,1.21e-07,4.8611e-05,0,0
0.0040909,4.8e-05,1.2e-07,4.8469e-05,0,0
0.004095,4.76e-05,1.21e-07,4.806e-05,0,0
0.0041164,4.84e-05,1.19e-07,4.9509e-05,0,0
0.0041288,4.8e-05,1.19e-07,4.9277e-05,0,0
0.0041475,4.88e-05,1.23e-07,4.9738e-05,0,0
0.0041559,4.84e-05,1.28e-07,4.8804e-05,0,0
0.0041787,4.92e-05,1.16e-07,4.9975e-05,0,0
0.0041837,4.88e-05,1.21e-07,4.9412e-05,0,0
0.0042024,4.96e-05,1.2e-07,4.9814e-05,0,0
0.0042157,4.92e-05,1.22e-07,4.9642e-05,0,0
0.0042359,5e-05,1.19e-07,4.9898e-05,0,0
0.0042411,4.96e-05,1.18e-07,5.05e-05,0,0
0.0042749,5e-05,1.26e-07,5.0531e-05,0,0
